mtllib material.mtl
usemtl material_0
v 0.00227934 -0.01514995 -0.00195050
v 0.00227934 -0.01734995 -0.00195050
v 0.00289988 -0.01514995 -0.00076839
v 0.00289988 -0.01734995 -0.00076839
v 0.00294608 -0.01514995 0.00056594
v 0.00294608 -0.01734995 0.00056594
v 0.00240880 -0.01514995 0.00178814
v 0.00240880 -0.01734995 0.00178814
v 0.00139439 -0.01514995 0.00265622
v 0.00139439 -0.01734995 0.00265622
v 0.00010383 -0.01514995 0.00299817
v 0.00010383 -0.01734995 0.00299817
v -0.00120729 -0.01514995 0.00274628
v -0.00120729 -0.01734995 0.00274628
v -0.00227934 -0.01514995 0.00195050
v -0.00227934 -0.01734995 0.00195050
v -0.00227934 0.01545000 0.00195050
v -0.00227934 0.01764994 0.00195050
v -0.00120729 0.01545000 0.00274628
v -0.00120729 0.01764994 0.00274628
v 0.00010383 0.01545000 0.00299817
v 0.00010383 0.01764994 0.00299817
v 0.00139439 0.01545000 0.00265622
v 0.00139439 0.01764994 0.00265622
v 0.00240880 0.01545000 0.00178814
v 0.00240880 0.01764994 0.00178814
v 0.00294608 0.01545000 0.00056594
v 0.00294608 0.01764994 0.00056594
v 0.00289988 0.01545000 -0.00076839
v 0.00289988 0.01764994 -0.00076839
v 0.00227934 0.01545000 -0.00195050
v 0.00227934 0.01764994 -0.00195050
v 0.03905695 -0.01314997 0.04179620
v 0.03928488 -0.01344996 0.04160118
v 0.03961515 -0.01314997 0.04296374
v 0.03991007 -0.01344996 0.04290878
v 0.03951489 -0.01314997 0.04425394
v 0.03979778 -0.01344996 0.04435378
v 0.03878289 -0.01314997 0.04532110
v 0.03897798 -0.01344996 0.04554903
v 0.03761541 -0.01314997 0.04587936
v 0.03767037 -0.01344996 0.04617428
v 0.03632521 -0.01314997 0.04577904
v 0.03622531 -0.01344996 0.04606193
v 0.03525799 -0.01314997 0.04504710
v 0.03503006 -0.01344996 0.04524213
v 0.03525799 0.01344996 0.04504710
v 0.03503006 0.01374995 0.04524213
v 0.03632521 0.01344996 0.04577904
v 0.03622531 0.01374995 0.04606193
v 0.03761541 0.01344996 0.04587936
v 0.03767037 0.01374995 0.04617428
v 0.03878289 0.01344996 0.04532110
v 0.03897798 0.01374995 0.04554903
v 0.03951489 0.01344996 0.04425394
v 0.03979778 0.01374995 0.04435378
v 0.03961515 0.01344996 0.04296374
v 0.03991007 0.01374995 0.04290878
v 0.03905695 0.01344996 0.04179620
v 0.03928488 0.01374995 0.04160118
v 0.01275038 0.01764994 0.01297736
v 0.01275038 0.01229995 0.01297736
v 0.01300895 0.01764994 0.01346993
v 0.01300895 0.01229995 0.01346993
v 0.01302820 0.01764994 0.01402586
v 0.01302820 0.01229995 0.01402586
v 0.01280432 0.01764994 0.01453512
v 0.01280432 0.01229995 0.01453512
v 0.01238167 0.01764994 0.01489681
v 0.01238167 0.01229995 0.01489681
v 0.01184391 0.01764994 0.01503932
v 0.01184391 0.01229995 0.01503932
v 0.01129758 0.01764994 0.01493436
v 0.01129758 0.01229995 0.01493436
v 0.01085090 0.01764994 0.01460278
v 0.01085090 0.01229995 0.01460278
v 0.01275038 -0.01199996 0.01297736
v 0.01275038 -0.01734995 0.01297736
v 0.01300895 -0.01199996 0.01346993
v 0.01300895 -0.01734995 0.01346993
v 0.01302820 -0.01199996 0.01402586
v 0.01302820 -0.01734995 0.01402586
v 0.01280432 -0.01199996 0.01453512
v 0.01280432 -0.01734995 0.01453512
v 0.01238167 -0.01199996 0.01489681
v 0.01238167 -0.01734995 0.01489681
v 0.01184391 -0.01199996 0.01503932
v 0.01184391 -0.01734995 0.01503932
v 0.01129758 -0.01199996 0.01493436
v 0.01129758 -0.01734995 0.01493436
v 0.01085090 -0.01199996 0.01460278
v 0.01085090 -0.01734995 0.01460278
v 0.01860195 -0.01198077 0.01981538
v 0.01860195 -0.01734995 0.01981538
v 0.01878094 -0.01192784 0.02009093
v 0.01888108 -0.01734995 0.02039915
v 0.01888138 -0.01184731 0.02040094
v 0.01889944 -0.01175636 0.02071195
v 0.01883095 -0.01734995 0.02104425
v 0.01883095 -0.01166141 0.02104425
v 0.01868498 -0.01159590 0.02133232
v 0.01846492 -0.01734995 0.02157783
v 0.01846492 -0.01157122 0.02157783
v 0.01818907 -0.01159578 0.02175694
v 0.01788121 -0.01734995 0.02185696
v 0.01788121 -0.01166141 0.02185696
v 0.01723611 -0.01734995 0.02180683
v 0.01723611 -0.01184779 0.02180683
v 0.01670247 -0.01734995 0.02144086
v 0.01670247 -0.01198077 0.02144086
v 0.01694869 -0.01192742 0.02166134
v 0.01670247 0.01228076 0.02144086
v 0.01670247 0.01764994 0.02144086
v 0.01694709 0.01222783 0.02166026
v 0.01723611 0.01764994 0.02180683
v 0.01723778 0.01214730 0.02180743
v 0.01754230 0.01205641 0.02187329
v 0.01788121 0.01764994 0.02185696
v 0.01788121 0.01196140 0.02185696
v 0.01818835 0.01189589 0.02175730
v 0.01846492 0.01764994 0.02157783
v 0.01846492 0.01187127 0.02157783
v 0.01868456 0.01189577 0.02133297
v 0.01883095 0.01764994 0.02104425
v 0.01883095 0.01196140 0.02104425
v 0.01888108 0.01764994 0.02039915
v 0.01888108 0.01214784 0.02039915
v 0.01860195 0.01764994 0.01981538
v 0.01860195 0.01228076 0.01981538
v 0.01878178 0.01222741 0.02009272
v 0.02069789 -0.01624035 0.03033941
v 0.02090501 -0.01596003 0.03058147
v 0.02025502 -0.01585006 0.03099906
v 0.01973867 -0.01706439 0.02921855
v 0.02024108 -0.01671516 0.02980560
v 0.01961129 -0.01658225 0.03024685
v 0.01865577 -0.01734995 0.02795308
v 0.01947486 -0.01718866 0.02891021
v 0.01807427 -0.01719772 0.02845066
v 0.01886844 -0.01704132 0.02937871
v 0.01789599 -0.01708203 0.02860325
v 0.01830440 -0.01662176 0.02971756
v 0.01786869 -0.01599389 0.02987527
v 0.01733982 -0.01634997 0.02907919
v 0.01758128 -0.01676416 0.02887254
v 0.01762765 -0.01525318 0.02982771
v 0.01713621 -0.01534998 0.02925342
v 0.01725190 -0.01611536 0.02915441
v 0.01898086 -0.01620376 0.03050810
v 0.01844573 -0.01563727 0.03054952
v 0.01808738 -0.01496911 0.03036493
v 0.01956701 -0.01553708 0.03119301
v 0.01894575 -0.01506859 0.03113383
v 0.01848578 -0.01451599 0.03083050
v 0.02142387 -0.01497191 0.03118777
v 0.02075803 -0.01489210 0.03158688
v 0.02002507 -0.01466476 0.03172826
v 0.01933646 -0.01432448 0.03159040
v 0.01879703 -0.01392316 0.03119426
v 0.02188843 -0.01416015 0.03173071
v 0.02218079 -0.01385623 0.03207236
v 0.02155101 -0.01372331 0.03251355
v 0.02167582 -0.01144999 0.03455835
v 0.02082401 -0.01161772 0.03356289
v 0.02179151 -0.01221531 0.03445935
v 0.02106505 -0.01235842 0.03361040
v 0.02206474 -0.01340585 0.03311389
v 0.02243560 -0.01318204 0.03390812
v 0.02150070 -0.01298630 0.03345274
v 0.02212089 -0.01286417 0.03417748
v 0.02187943 -0.01244997 0.03438413
v 0.02002710 -0.01211017 0.03263169
v 0.02038544 -0.01277840 0.03281629
v 0.02092057 -0.01334482 0.03277480
v 0.02267122 -0.01355320 0.03264540
v 0.02319538 -0.01344996 0.03325796
v 0.02261388 -0.01329773 0.03375560
v 0.02250236 -0.01363271 0.03244811
v 0.02175587 -0.01433956 0.03157579
v 0.02110588 -0.01422965 0.03199338
v 0.02041786 -0.01391661 0.03218734
v 0.01979660 -0.01344811 0.03212815
v 0.01933664 -0.01289552 0.03182476
v -0.00303912 -0.01734995 0.00260067
v -0.00362062 -0.01719772 0.00309831
v -0.00379890 -0.01708203 0.00325084
v -0.00411361 -0.01676416 0.00352013
v -0.00435507 -0.01634997 0.00372678
v -0.00444299 -0.01611536 0.00380206
v -0.00455868 -0.01534998 0.00390100
v 0.03259879 -0.01144999 0.04732269
v 0.03271442 -0.01221531 0.04722374
v 0.03280234 -0.01244997 0.04714852
v 0.03304386 -0.01286417 0.04694187
v 0.03335857 -0.01318204 0.04667252
v 0.03353685 -0.01329773 0.04651999
v 0.03411835 -0.01344996 0.04602235
v -0.00561798 -0.01534998 0.00210661
v -0.00584942 -0.01534998 0.00133562
v -0.00570100 -0.01611536 0.00130176
v -0.00599968 -0.01534998 0.00005810
v -0.00599909 -0.01534998 -0.00010300
v -0.00584686 -0.01611536 -0.00010039
v -0.00565773 -0.01534998 -0.00199741
v -0.00526404 -0.01534998 -0.00287908
v -0.00513047 -0.01611536 -0.00280607
v -0.00463337 -0.01534998 -0.00381202
v -0.00442207 -0.01534998 -0.00405520
v -0.00430989 -0.01611536 -0.00395232
v -0.00305015 -0.01534998 -0.00516683
v -0.00203097 -0.01534998 -0.00564575
v -0.00197947 -0.01611536 -0.00550252
v -0.00425690 -0.01719772 0.00214177
v -0.00357318 -0.01734995 0.00179779
v -0.00483650 -0.01676416 0.00243342
v 0.00232839 -0.01734995 -0.00325239
v 0.00148237 -0.01734995 -0.00371516
v 0.00277394 -0.01719772 -0.00387472
v 0.00176603 -0.01719772 -0.00442600
v 0.00315165 -0.01676416 -0.00440234
v 0.00200653 -0.01676416 -0.00502867
v 0.00340402 -0.01611536 -0.00475484
v 0.00216717 -0.01611536 -0.00543129
v 0.00055024 -0.01734995 -0.00396192
v 0.00065553 -0.01719772 -0.00472003
v 0.00074479 -0.01676416 -0.00536269
v 0.00080442 -0.01611536 -0.00579214
v -0.00041391 -0.01734995 -0.00397849
v -0.00049310 -0.01719772 -0.00473976
v -0.00056025 -0.01676416 -0.00538510
v -0.00060511 -0.01611536 -0.00581634
v 0.00303912 -0.01734995 -0.00260067
v 0.00362062 -0.01719772 -0.00309831
v 0.00411361 -0.01676416 -0.00352013
v 0.00444299 -0.01611536 -0.00380206
v 0.00455868 -0.01534998 -0.00390100
v 0.00349265 -0.01534998 -0.00487864
v -0.00109905 -0.01534998 -0.00589848
v -0.00062086 -0.01534998 -0.00596774
v 0.00082537 -0.01534998 -0.00594294
v 0.00098463 -0.01534998 -0.00591862
v 0.00222361 -0.01534998 -0.00557274
v 0.00294953 -0.01534998 -0.00522494
v -0.00183266 -0.01676416 -0.00509459
v -0.00161308 -0.01719772 -0.00448400
v -0.00135398 -0.01734995 -0.00376385
v -0.00332308 -0.01534998 -0.00499564
v -0.00323874 -0.01611536 -0.00486892
v -0.00299865 -0.01676416 -0.00450790
v -0.00263929 -0.01719772 -0.00396770
v -0.00221538 -0.01734995 -0.00333041
v -0.00294805 -0.01734995 -0.00270349
v -0.00351214 -0.01719772 -0.00322074
v -0.00399035 -0.01676416 -0.00365931
v -0.00475013 -0.01676416 -0.00259799
v -0.00418085 -0.01719772 -0.00228667
v -0.00350934 -0.01734995 -0.00191939
v -0.00580013 -0.01534998 -0.00153565
v -0.00565296 -0.01611536 -0.00149667
v -0.00523382 -0.01676416 -0.00138575
v -0.00460660 -0.01719772 -0.00121969
v -0.00386673 -0.01734995 -0.00102377
v -0.00399935 -0.01734995 -0.00006867
v -0.00476462 -0.01719772 -0.00008181
v -0.00541341 -0.01676416 -0.00009295
v -0.00527835 -0.01676416 0.00120527
v -0.00464576 -0.01719772 0.00106078
v -0.00389957 -0.01734995 0.00089045
v -0.00535977 -0.01534998 0.00269669
v -0.00522381 -0.01611536 0.00262827
v 0.04160052 -0.01221531 0.03961956
v 0.04171615 -0.01144999 0.03952062
v 0.04246997 -0.01144999 0.04063284
v 0.04151260 -0.01244997 0.03969484
v 0.04233515 -0.01221531 0.04070359
v 0.04281014 -0.01221531 0.04192388
v 0.04277551 -0.01144999 0.04131501
v 0.04295730 -0.01144999 0.04188489
v 0.04315388 -0.01144999 0.04321402
v 0.04300171 -0.01221531 0.04321926
v 0.04315721 -0.01144999 0.04336357
v 0.04290026 -0.01221531 0.04452484
v 0.04304975 -0.01144999 0.04455351
v 0.04281520 -0.01144999 0.04541909
v 0.04251080 -0.01221531 0.04577505
v 0.04105854 -0.01144999 0.04798036
v 0.04095953 -0.01221531 0.04786467
v 0.04179084 -0.01144999 0.04723370
v 0.04185289 -0.01221531 0.04690724
v 0.04197514 -0.01144999 0.04699802
v 0.04265016 -0.01144999 0.04583632
v 0.04095637 -0.01318204 0.04017078
v 0.04127109 -0.01286417 0.03990149
v 0.04195129 -0.01286417 0.04090511
v 0.04239106 -0.01286417 0.04203492
v 0.04256844 -0.01286417 0.04323428
v 0.04247444 -0.01286417 0.04444301
v 0.04211390 -0.01286417 0.04560059
v 0.04150480 -0.01286417 0.04664885
v 0.04067766 -0.01286417 0.04753530
v 0.04019659 -0.01344996 0.04082095
v 0.04077810 -0.01329773 0.04032331
v 0.04137676 -0.01329773 0.04120671
v 0.04176390 -0.01329773 0.04220110
v 0.04192000 -0.01329773 0.04325675
v 0.04183727 -0.01329773 0.04432064
v 0.04151988 -0.01329773 0.04533946
v 0.04098379 -0.01329773 0.04626208
v 0.04025578 -0.01329773 0.04704231
v 0.04069912 -0.01344996 0.04156243
v 0.04102402 -0.01344996 0.04239714
v 0.04115509 -0.01344996 0.04328322
v 0.04108566 -0.01344996 0.04417622
v 0.04081922 -0.01344996 0.04503142
v 0.04036927 -0.01344996 0.04580587
v 0.03975814 -0.01344996 0.04646080
v 0.02473407 -0.01734995 0.02275168
v 0.02531558 -0.01719772 0.02225404
v 0.02580857 -0.01676416 0.02183216
v 0.02613794 -0.01611536 0.02155029
v 0.02625364 -0.01534998 0.02145129
v 0.02927368 -0.01344996 0.02805656
v 0.02985519 -0.01329773 0.02755898
v 0.03003346 -0.01318204 0.02740639
v 0.03034818 -0.01286417 0.02713710
v 0.03058964 -0.01244997 0.02693045
v 0.03067755 -0.01221531 0.02685523
v 0.03079324 -0.01144999 0.02675622
v 0.02581697 -0.01706439 0.02401715
v 0.02555316 -0.01718866 0.02370882
v 0.02610969 -0.01704132 0.02318209
v 0.02677619 -0.01624035 0.02513802
v 0.02631938 -0.01671516 0.02460426
v 0.02685260 -0.01658225 0.02405017
v 0.02750211 -0.01497191 0.02598637
v 0.02698332 -0.01596003 0.02538007
v 0.02799934 -0.01489210 0.02539026
v 0.02749633 -0.01585006 0.02480244
v 0.02825230 -0.01466476 0.02468794
v 0.02779430 -0.01553708 0.02415269
v 0.02822250 -0.01432448 0.02398627
v 0.02783179 -0.01506859 0.02352970
v 0.02791446 -0.01392316 0.02339214
v 0.02760320 -0.01451599 0.02302837
v 0.02720814 -0.01620376 0.02346771
v 0.02733182 -0.01563727 0.02294540
v 0.02720481 -0.01496911 0.02256286
v 0.02653169 -0.01662176 0.02267718
v 0.02675479 -0.01599389 0.02227109
v 0.02674508 -0.01525318 0.02202564
v 0.02796673 -0.01416015 0.02652931
v 0.02783417 -0.01433956 0.02637439
v 0.02834719 -0.01422965 0.02579671
v 0.02995109 -0.01235842 0.02600628
v 0.02994138 -0.01161772 0.02576076
v 0.02845406 -0.01289552 0.02402269
v 0.02914452 -0.01211017 0.02482956
v 0.02868264 -0.01344811 0.02452397
v 0.02927154 -0.01277840 0.02521210
v 0.02864515 -0.01391661 0.02514696
v 0.02914786 -0.01334482 0.02573442
v 0.02879232 -0.01372331 0.02631694
v 0.02972799 -0.01298630 0.02641236
v 0.02930605 -0.01340585 0.02691721
v 0.02825909 -0.01385623 0.02687096
v 0.02858060 -0.01363271 0.02724671
v 0.02874946 -0.01355320 0.02744400
v 0.01879703 0.01422315 0.03119426
v 0.01933646 0.01462447 0.03159040
v 0.01894575 0.01536858 0.03113383
v 0.02002507 0.01496475 0.03172826
v 0.01956701 0.01583707 0.03119301
v 0.02075803 0.01519209 0.03158688
v 0.02025502 0.01615011 0.03099906
v 0.02142387 0.01527190 0.03118777
v 0.02090501 0.01626002 0.03058147
v 0.02069789 0.01654034 0.03033941
v 0.01961129 0.01688224 0.03024685
v 0.02024108 0.01701515 0.02980560
v 0.01973867 0.01736444 0.02921855
v 0.01886844 0.01734131 0.02937871
v 0.01947486 0.01748865 0.02891021
v 0.01865577 0.01764994 0.02795308
v 0.01898086 0.01650375 0.03050810
v 0.01830440 0.01692175 0.02971756
v 0.01807427 0.01749771 0.02845066
v 0.01789599 0.01738202 0.02860325
v 0.01758128 0.01706421 0.02887254
v 0.01733982 0.01664996 0.02907919
v 0.01844573 0.01593726 0.03054952
v 0.01786869 0.01629388 0.02987527
v 0.01725190 0.01641535 0.02915441
v 0.01848578 0.01481598 0.03083050
v 0.01808738 0.01526910 0.03036493
v 0.01762765 0.01555317 0.02982771
v 0.01713621 0.01564997 0.02925342
v -0.00303912 0.01764994 0.00260067
v -0.00362062 0.01749771 0.00309831
v -0.00379890 0.01738202 0.00325084
v -0.00411361 0.01706421 0.00352013
v -0.00435507 0.01664996 0.00372678
v -0.00444299 0.01641535 0.00380206
v -0.00455868 0.01564997 0.00390100
v 0.02188843 0.01446014 0.03173071
v 0.02175587 0.01463955 0.03157579
v 0.02110588 0.01452964 0.03199338
v 0.02106505 0.01265841 0.03361040
v 0.02082401 0.01191771 0.03356289
v 0.02167582 0.01174998 0.03455835
v 0.01933664 0.01319551 0.03182476
v 0.02002710 0.01241016 0.03263169
v 0.01979660 0.01374816 0.03212815
v 0.02038544 0.01307839 0.03281629
v 0.02041786 0.01421660 0.03218734
v 0.02092057 0.01364481 0.03277480
v 0.02155101 0.01402336 0.03251355
v 0.02150070 0.01328629 0.03345274
v 0.02206474 0.01370590 0.03311389
v 0.02179151 0.01251536 0.03445935
v 0.02187943 0.01274996 0.03438413
v 0.02212089 0.01316416 0.03417748
v 0.02243560 0.01348203 0.03390812
v 0.02261388 0.01359772 0.03375560
v 0.02218079 0.01415628 0.03207236
v 0.02250236 0.01393270 0.03244811
v 0.02267122 0.01385319 0.03264540
v 0.02319538 0.01374995 0.03325796
v 0.00435507 0.01664996 -0.00372678
v 0.00444299 0.01641535 -0.00380206
v 0.00340402 0.01641535 -0.00475484
v -0.00522381 0.01641535 0.00262827
v -0.00535977 0.01564997 0.00269669
v 0.00455868 0.01564997 -0.00390100
v 0.00349265 0.01564997 -0.00487864
v 0.00294953 0.01564997 -0.00522494
v 0.00216717 0.01641535 -0.00543129
v 0.00222361 0.01564997 -0.00557274
v 0.00098463 0.01564997 -0.00591862
v 0.00080442 0.01641535 -0.00579214
v 0.00082537 0.01564997 -0.00594294
v -0.00062086 0.01564997 -0.00596774
v -0.00060511 0.01641535 -0.00581634
v -0.00109905 0.01564997 -0.00589848
v -0.00197947 0.01641535 -0.00550252
v -0.00203097 0.01564997 -0.00564575
v -0.00305015 0.01564997 -0.00516683
v -0.00323874 0.01641535 -0.00486892
v -0.00332308 0.01564997 -0.00499564
v -0.00442207 0.01564997 -0.00405520
v -0.00430989 0.01641535 -0.00395232
v -0.00463337 0.01564997 -0.00381202
v -0.00513047 0.01641535 -0.00280607
v -0.00526404 0.01564997 -0.00287908
v -0.00565773 0.01564997 -0.00199741
v -0.00565296 0.01641535 -0.00149667
v -0.00580013 0.01564997 -0.00153565
v -0.00599909 0.01564997 -0.00010300
v -0.00584686 0.01641535 -0.00010039
v -0.00599968 0.01564997 0.00005810
v -0.00570100 0.01641535 0.00130176
v -0.00584942 0.01564997 0.00133562
v -0.00561798 0.01564997 0.00210661
v 0.00379890 0.01738202 -0.00325084
v 0.00411361 0.01706421 -0.00352013
v 0.00315165 0.01706421 -0.00440234
v 0.00200653 0.01706421 -0.00502867
v 0.00074479 0.01706421 -0.00536269
v -0.00056025 0.01706421 -0.00538510
v -0.00183266 0.01706421 -0.00509459
v -0.00299865 0.01706421 -0.00450790
v -0.00399035 0.01706421 -0.00365931
v -0.00475013 0.01706421 -0.00259799
v -0.00523382 0.01706421 -0.00138575
v -0.00541341 0.01706421 -0.00009295
v -0.00527835 0.01706421 0.00120527
v -0.00483650 0.01706421 0.00243342
v 0.00303912 0.01764994 -0.00260067
v 0.00362062 0.01749771 -0.00309831
v 0.00277394 0.01749771 -0.00387472
v 0.00176603 0.01749771 -0.00442600
v 0.00065553 0.01749771 -0.00472003
v -0.00049310 0.01749771 -0.00473976
v -0.00161308 0.01749771 -0.00448400
v -0.00263929 0.01749771 -0.00396770
v -0.00351214 0.01749771 -0.00322074
v -0.00418085 0.01749771 -0.00228667
v -0.00460660 0.01749771 -0.00121969
v -0.00476462 0.01749771 -0.00008181
v -0.00464576 0.01749771 0.00106078
v -0.00425690 0.01749771 0.00214177
v 0.00232839 0.01764994 -0.00325239
v 0.00148237 0.01764994 -0.00371516
v 0.00055024 0.01764994 -0.00396192
v -0.00041391 0.01764994 -0.00397849
v -0.00135398 0.01764994 -0.00376385
v -0.00221538 0.01764994 -0.00333041
v -0.00294805 0.01764994 -0.00270349
v -0.00350934 0.01764994 -0.00191939
v -0.00386673 0.01764994 -0.00102377
v -0.00399935 0.01764994 -0.00006867
v -0.00389957 0.01764994 0.00089045
v -0.00357318 0.01764994 0.00179779
v 0.03411835 0.01374995 0.04602235
v 0.03353685 0.01359772 0.04651999
v 0.03335857 0.01348203 0.04667252
v 0.03304386 0.01316416 0.04694187
v 0.03280234 0.01274996 0.04714852
v 0.03271442 0.01251536 0.04722374
v 0.03259879 0.01174998 0.04732269
v 0.02625364 0.01564997 0.02145129
v 0.02613794 0.01641535 0.02155029
v 0.02605003 0.01664996 0.02162551
v 0.02580857 0.01706421 0.02183216
v 0.02549386 0.01738202 0.02210152
v 0.02531558 0.01749771 0.02225404
v 0.02473407 0.01764994 0.02275168
v 0.03375345 0.01251536 0.04817652
v 0.04238128 0.01251536 0.04079335
v 0.04251730 0.01174998 0.04072493
v 0.04171615 0.01174998 0.03952062
v 0.03366482 0.01174998 0.04830032
v 0.03420794 0.01174998 0.04864662
v 0.03499025 0.01251536 0.04885298
v 0.03493386 0.01174998 0.04899442
v 0.03617286 0.01174998 0.04934030
v 0.03635305 0.01251536 0.04921382
v 0.03633213 0.01174998 0.04936462
v 0.03777831 0.01174998 0.04938948
v 0.03776258 0.01251536 0.04923802
v 0.03825652 0.01174998 0.04932016
v 0.03913694 0.01251536 0.04892420
v 0.03918850 0.01174998 0.04906743
v 0.04020762 0.01174998 0.04858851
v 0.04039627 0.01251536 0.04829061
v 0.04048061 0.01174998 0.04841732
v 0.04157954 0.01174998 0.04747688
v 0.04146736 0.01251536 0.04737401
v 0.04179084 0.01174998 0.04723370
v 0.04228800 0.01251536 0.04622775
v 0.04242157 0.01174998 0.04630076
v 0.04281520 0.01174998 0.04541909
v 0.04281044 0.01251536 0.04491841
v 0.04295760 0.01174998 0.04495733
v 0.04315656 0.01174998 0.04352468
v 0.04300439 0.01251536 0.04352205
v 0.04315721 0.01174998 0.04336357
v 0.04285848 0.01251536 0.04211986
v 0.04300689 0.01174998 0.04208600
v 0.04277551 0.01174998 0.04131501
v 0.03400582 0.01316416 0.04782402
v 0.03515094 0.01316416 0.04845035
v 0.03641271 0.01316416 0.04878443
v 0.03771770 0.01316416 0.04880678
v 0.03899019 0.01316416 0.04851627
v 0.04015612 0.01316416 0.04792958
v 0.04114782 0.01316416 0.04708099
v 0.04190760 0.01316416 0.04601973
v 0.04239135 0.01316416 0.04480743
v 0.04257088 0.01316416 0.04351460
v 0.04243582 0.01316416 0.04221636
v 0.04199403 0.01316416 0.04098820
v 0.03438353 0.01359772 0.04729640
v 0.04160052 0.01251536 0.03961956
v 0.04151260 0.01274996 0.03969484
v 0.04127109 0.01316416 0.03990149
v 0.04095637 0.01348203 0.04017078
v 0.03539139 0.01359772 0.04784768
v 0.03650194 0.01359772 0.04814171
v 0.03765058 0.01359772 0.04816144
v 0.03877055 0.01359772 0.04790568
v 0.03979676 0.01359772 0.04738938
v 0.04066962 0.01359772 0.04664248
v 0.04133838 0.01359772 0.04570835
v 0.04176408 0.01359772 0.04464137
v 0.04192215 0.01359772 0.04350346
v 0.04180324 0.01359772 0.04236084
v 0.04141438 0.01359772 0.04127985
v 0.04077810 0.01359772 0.04032331
v 0.03482902 0.01374995 0.04667413
v 0.03567504 0.01374995 0.04713684
v 0.03660720 0.01374995 0.04738360
v 0.03757137 0.01374995 0.04740017
v 0.03851145 0.01374995 0.04718554
v 0.03937286 0.01374995 0.04675209
v 0.04010552 0.01374995 0.04612517
v 0.04066687 0.01374995 0.04534107
v 0.04102420 0.01374995 0.04444545
v 0.04115688 0.01374995 0.04349035
v 0.04105710 0.01374995 0.04253119
v 0.04073071 0.01374995 0.04162383
v 0.04019659 0.01374995 0.04082095
v 0.02677619 0.01654034 0.02513802
v 0.02698332 0.01626002 0.02538007
v 0.02749633 0.01615011 0.02480244
v 0.02581697 0.01736444 0.02401715
v 0.02631938 0.01701515 0.02460426
v 0.02685260 0.01688224 0.02405017
v 0.02555316 0.01748865 0.02370882
v 0.02610969 0.01734131 0.02318209
v 0.02653169 0.01692175 0.02267718
v 0.02675479 0.01629388 0.02227109
v 0.02674508 0.01555317 0.02202564
v 0.02720814 0.01650375 0.02346771
v 0.02733182 0.01593726 0.02294540
v 0.02720481 0.01526910 0.02256286
v 0.02779430 0.01583707 0.02415269
v 0.02783179 0.01536858 0.02352970
v 0.02760320 0.01481598 0.02302837
v 0.02750211 0.01527190 0.02598637
v 0.02799934 0.01519209 0.02539026
v 0.02825230 0.01496475 0.02468794
v 0.02822250 0.01462447 0.02398627
v 0.02791446 0.01422315 0.02339214
v 0.03079324 0.01174998 0.02675622
v 0.03067755 0.01251536 0.02685523
v 0.03058964 0.01274996 0.02693045
v 0.03034818 0.01316416 0.02713710
v 0.03003346 0.01348203 0.02740639
v 0.02985519 0.01359772 0.02755898
v 0.02927368 0.01374995 0.02805656
v 0.02796673 0.01446014 0.02652931
v 0.02825909 0.01415628 0.02687096
v 0.02879232 0.01402336 0.02631694
v 0.02994138 0.01191771 0.02576076
v 0.02995109 0.01265841 0.02600628
v 0.02930605 0.01370590 0.02691721
v 0.02972799 0.01328629 0.02641236
v 0.02914452 0.01241016 0.02482956
v 0.02927154 0.01307839 0.02521210
v 0.02914786 0.01364481 0.02573442
v 0.02874946 0.01385319 0.02744400
v 0.02858060 0.01393270 0.02724671
v 0.02783417 0.01463955 0.02637439
v 0.02834719 0.01452964 0.02579671
v 0.02864515 0.01421660 0.02514696
v 0.02868264 0.01374816 0.02452397
v 0.02845406 0.01319551 0.02402269
v 0.02642208 0.00604999 0.04010474
v 0.02794170 0.00604999 0.03880441
v 0.02658045 0.00727457 0.04028981
v 0.02810007 0.00727457 0.03898948
v 0.02703148 0.00831270 0.04081684
v 0.02855104 0.00831270 0.03951650
v 0.02770644 0.00900638 0.04160565
v 0.02922606 0.00900638 0.04030531
v 0.02850264 0.00924999 0.04253607
v 0.03002226 0.00924999 0.04123568
v 0.02850264 -0.00895000 0.04253607
v 0.03002226 -0.00895000 0.04123568
v 0.02770644 -0.00870639 0.04160565
v 0.02922606 -0.00870639 0.04030531
v 0.02703148 -0.00801271 0.04081684
v 0.02855104 -0.00801271 0.03951650
v 0.02658045 -0.00697458 0.04028981
v 0.02810007 -0.00697458 0.03898948
v 0.02642208 -0.00575000 0.04010474
v 0.02794170 -0.00575000 0.03880441
v 0.03021728 -0.00895000 0.04146367
v 0.03781515 -0.00895000 0.03496187
v 0.02970123 -0.00904995 0.04086059
v 0.03729909 -0.00904995 0.03435885
v 0.03781515 0.00924999 0.03496187
v 0.03021728 0.00924999 0.04146367
v 0.03729909 0.00934994 0.03435885
v 0.02970123 0.00934994 0.04086059
v -0.00065766 0.01219999 0.00845975
v 0.00845975 0.01219999 0.00065766
v -0.00014160 0.01229995 0.00906277
v 0.00897580 0.01229995 0.00126070
v 0.00845975 -0.01189994 0.00065766
v -0.00065766 -0.01189994 0.00845975
v 0.00897580 -0.01199996 0.00126070
v -0.00014160 -0.01199996 0.00906277
v 0.02871268 -0.00584996 0.02432489
v 0.02111482 -0.00584996 0.03082668
v 0.02887105 -0.00707453 0.02450996
v 0.02127319 -0.00707453 0.03101176
v 0.02932208 -0.00811273 0.02503705
v 0.02172422 -0.00811273 0.03153878
v 0.02999705 -0.00880641 0.02582579
v 0.02239918 -0.00880641 0.03232753
v 0.03079324 -0.00904995 0.02675622
v 0.02319538 -0.00904995 0.03325796
v 0.03079324 0.00934994 0.02675622
v 0.02319538 0.00934994 0.03325796
v 0.02999705 0.00910640 0.02582579
v 0.02239918 0.00910640 0.03232753
v 0.02932208 0.00841272 0.02503705
v 0.02172422 0.00841272 0.03153878
v 0.02887105 0.00737458 0.02450996
v 0.02127319 0.00737458 0.03101176
v 0.02871268 0.00614995 0.02432489
v 0.02111482 0.00614995 0.03082668
v 0.01883095 0.01196140 0.02104425
v 0.01888108 0.01214784 0.02039915
v 0.02277958 0.01205641 0.01739156
v 0.01878178 0.01222741 0.02009272
v 0.02198338 0.01229995 0.01646113
v 0.01860195 0.01228076 0.01981538
v 0.01833641 0.01229995 0.01958197
v 0.01868456 0.01189577 0.02133297
v 0.02345454 0.01136273 0.01818037
v 0.01846492 0.01187127 0.02157783
v 0.01694709 0.01222783 0.02166026
v 0.01366215 0.01205641 0.02519369
v 0.01670247 0.01228076 0.02144086
v 0.01286596 0.01229995 0.02426326
v 0.01651293 0.01229995 0.02114242
v 0.01723778 0.01214730 0.02180743
v 0.01754230 0.01205641 0.02187329
v 0.01433712 0.01136273 0.02598243
v 0.01788121 0.01196140 0.02185696
v 0.01818835 0.01189589 0.02175730
v 0.02406394 0.00909996 0.01889246
v 0.01494652 0.00909996 0.02669453
v 0.02390557 0.01032453 0.01870739
v 0.01478815 0.01032453 0.02650946
v 0.01788121 -0.01166141 0.02185696
v 0.01723611 -0.01184779 0.02180683
v 0.01366215 -0.01175636 0.02519369
v 0.01694869 -0.01192742 0.02166134
v 0.01286596 -0.01199996 0.02426326
v 0.01670247 -0.01198077 0.02144086
v 0.01651293 -0.01199996 0.02114242
v 0.01818907 -0.01159578 0.02175694
v 0.01433712 -0.01106274 0.02598243
v 0.01846492 -0.01157122 0.02157783
v 0.01878094 -0.01192784 0.02009093
v 0.02277958 -0.01175636 0.01739156
v 0.01860195 -0.01198077 0.01981538
v 0.02198338 -0.01199996 0.01646113
v 0.01833641 -0.01199996 0.01958197
v 0.01888138 -0.01184731 0.02040094
v 0.01889944 -0.01175636 0.02071195
v 0.02345454 -0.01106274 0.01818037
v 0.01883095 -0.01166141 0.02104425
v 0.01868498 -0.01159590 0.02133232
v 0.02390557 -0.01002454 0.01870739
v 0.01478815 -0.01002454 0.02650946
v 0.02406394 -0.00879997 0.01889246
v 0.01494652 -0.00879997 0.02669453
v 0.03021728 0.00924999 0.04146367
v 0.03002226 0.00924999 0.04123568
v 0.02970123 0.00934994 0.04086059
v 0.02922606 0.00900638 0.04030531
v 0.02319538 0.00934994 0.03325796
v 0.02810007 -0.00697458 0.03898948
v 0.02855104 -0.00801271 0.03951650
v 0.02319538 -0.00904995 0.03325796
v 0.02922606 -0.00870639 0.04030531
v 0.02970123 -0.00904995 0.04086059
v 0.03002226 -0.00895000 0.04123568
v 0.03021728 -0.00895000 0.04146367
v 0.02794170 -0.00575000 0.03880441
v 0.02239918 -0.00880641 0.03232753
v 0.02172422 -0.00811273 0.03153878
v 0.02855104 0.00831270 0.03951650
v 0.02810007 0.00727457 0.03898948
v 0.02239918 0.00910640 0.03232753
v 0.02794170 0.00604999 0.03880441
v 0.02172422 0.00841272 0.03153878
v 0.02127319 0.00737458 0.03101176
v 0.02127319 -0.00707453 0.03101176
v 0.02111482 -0.00584996 0.03082668
v 0.02111482 0.00614995 0.03082668
v 0.01098793 -0.01199996 0.01284033
v 0.01157170 -0.01199996 0.01256120
v 0.01062196 -0.01199996 0.01337391
v 0.01057177 -0.01199996 0.01401901
v 0.01221680 -0.01199996 0.01261138
v 0.01275038 -0.01199996 0.01297736
v 0.01085090 -0.01199996 0.01460278
v 0.01129758 -0.01199996 0.01493436
v 0.01238167 -0.01199996 0.01489681
v 0.01644390 -0.01199996 0.02094829
v 0.01300895 -0.01199996 0.01346993
v 0.01707124 -0.01199996 0.01952135
v 0.01760894 -0.01199996 0.01937890
v 0.01815527 -0.01199996 0.01948380
v 0.01184391 -0.01199996 0.01503932
v 0.01642465 -0.01199996 0.02039229
v 0.01664853 -0.01199996 0.01988303
v 0.01280432 -0.01199996 0.01453512
v 0.01302820 -0.01199996 0.01402586
v 0.01062196 0.01229995 0.01337391
v 0.01098793 0.01229995 0.01284033
v 0.01157170 0.01229995 0.01256120
v 0.01057177 0.01229995 0.01401901
v 0.01085090 0.01229995 0.01460278
v 0.01664853 0.01229995 0.01988303
v 0.01642465 0.01229995 0.02039229
v 0.01238167 0.01229995 0.01489681
v 0.01129758 0.01229995 0.01493436
v 0.01184391 0.01229995 0.01503932
v 0.01644390 0.01229995 0.02094829
v 0.01815527 0.01229995 0.01948380
v 0.01275038 0.01229995 0.01297736
v 0.01221680 0.01229995 0.01261138
v 0.01760894 0.01229995 0.01937890
v 0.01707124 0.01229995 0.01952135
v 0.01300895 0.01229995 0.01346993
v 0.01302820 0.01229995 0.01402586
v 0.01280432 0.01229995 0.01453512
v 0.03979778 0.01374995 0.04435378
v 0.03991007 0.01374995 0.04290878
v 0.03897798 0.01374995 0.04554903
v 0.03767037 0.01374995 0.04617428
v 0.03622531 0.01374995 0.04606193
v 0.03928488 0.01374995 0.04160118
v 0.03828430 0.01374995 0.04085838
v 0.03706055 0.01374995 0.04062336
v 0.03503006 0.01374995 0.04524213
v 0.03445088 0.01374995 0.04413884
v 0.03440773 0.01374995 0.04289346
v 0.03490924 0.01374995 0.04175269
v 0.03585600 0.01374995 0.04094249
v 0.03979778 -0.01344996 0.04435378
v 0.03897798 -0.01344996 0.04554903
v 0.03901672 -0.01344996 0.04696333
v 0.03767037 -0.01344996 0.04617428
v 0.03991007 -0.01344996 0.04290878
v 0.03928488 -0.01344996 0.04160118
v 0.03640288 -0.01344996 0.04734987
v 0.03622531 -0.01344996 0.04606193
v 0.03729593 -0.01344996 0.04741925
v 0.03818202 -0.01344996 0.04728823
v 0.03828430 -0.01344996 0.04085838
v 0.03490924 -0.01344996 0.04175269
v 0.03585600 -0.01344996 0.04094249
v 0.03706055 -0.01344996 0.04062336
v 0.03554773 -0.01344996 0.04708343
v 0.03477323 -0.01344996 0.04663342
v 0.03503006 -0.01344996 0.04524213
v 0.03445088 -0.01344996 0.04413884
v 0.03440773 -0.01344996 0.04289346
v 0.00294953 0.01219999 -0.00522494
v 0.00455868 0.01219999 -0.00390100
v -0.00463337 0.01219999 -0.00381202
v -0.00455868 0.01219999 0.00390100
v -0.00561798 0.01219999 0.00210661
v -0.00599968 0.01219999 0.00005810
v -0.00565773 0.01219999 -0.00199741
v -0.00305015 0.01219999 -0.00516683
v -0.00109905 0.01219999 -0.00589848
v 0.00098463 0.01219999 -0.00591862
v -0.00455868 -0.01189994 0.00390100
v 0.00455868 -0.01189994 -0.00390100
v 0.00294953 -0.01189994 -0.00522494
v 0.00098463 -0.01189994 -0.00591862
v -0.00109905 -0.01189994 -0.00589848
v -0.00305015 -0.01189994 -0.00516683
v -0.00561798 -0.01189994 0.00210661
v -0.00599968 -0.01189994 0.00005810
v -0.00565773 -0.01189994 -0.00199741
v -0.00463337 -0.01189994 -0.00381202
v 0.03617286 0.00924999 0.04934030
v 0.03420794 0.00924999 0.04864662
v 0.03259879 0.00924999 0.04732269
v 0.03825652 0.00924999 0.04932016
v 0.04315721 0.00924999 0.04336357
v 0.04171615 0.00924999 0.03952062
v 0.04277551 0.00924999 0.04131501
v 0.04281520 0.00924999 0.04541909
v 0.04179084 0.00924999 0.04723370
v 0.04020762 0.00924999 0.04858851
v 0.03259879 -0.00895000 0.04732269
v 0.04315721 -0.00895000 0.04336357
v 0.04277551 -0.00895000 0.04131501
v 0.03617286 -0.00895000 0.04934030
v 0.04171615 -0.00895000 0.03952062
v 0.03420794 -0.00895000 0.04864662
v 0.04179084 -0.00895000 0.04723370
v 0.04281520 -0.00895000 0.04541909
v 0.04020762 -0.00895000 0.04858851
v 0.03825652 -0.00895000 0.04932016
v -0.00065766 -0.01189994 0.00845975
v -0.00455868 -0.01189994 0.00390100
v 0.02658045 -0.00697458 0.04028981
v 0.02703148 -0.00801271 0.04081684
v 0.02770644 -0.00870639 0.04160565
v 0.02850264 -0.00895000 0.04253607
v 0.03259879 -0.00895000 0.04732269
v 0.01433712 -0.01106274 0.02598243
v 0.01366215 -0.01175636 0.02519369
v 0.01286596 -0.01199996 0.02426326
v -0.00014160 -0.01199996 0.00906277
v 0.03259879 0.00924999 0.04732269
v 0.02850264 0.00924999 0.04253607
v 0.02770644 0.00900638 0.04160565
v 0.01286596 0.01229995 0.02426326
v -0.00014160 0.01229995 0.00906277
v -0.00065766 0.01219999 0.00845975
v -0.00455868 0.01219999 0.00390100
v 0.02658045 0.00727457 0.04028981
v 0.01478815 0.01032453 0.02650946
v 0.01366215 0.01205641 0.02519369
v 0.01433712 0.01136273 0.02598243
v 0.02703148 0.00831270 0.04081684
v 0.02642208 0.00604999 0.04010474
v 0.01494652 0.00909996 0.02669453
v 0.01478815 -0.01002454 0.02650946
v 0.02642208 -0.00575000 0.04010474
v 0.01494652 -0.00879997 0.02669453
v 0.04171615 0.00924999 0.03952062
v 0.04277551 0.00924999 0.04131501
v 0.04315721 0.00924999 0.04336357
v 0.04281520 0.00924999 0.04541909
v 0.04179084 0.00924999 0.04723370
v 0.04020762 0.00924999 0.04858851
v 0.03825652 0.00924999 0.04932016
v 0.03617286 0.00924999 0.04934030
v 0.03420794 0.00924999 0.04864662
v 0.00845975 0.01219999 0.00065766
v 0.00455868 0.01219999 -0.00390100
v 0.02345454 0.01136273 0.01818037
v 0.02277958 0.01205641 0.01739156
v 0.02198338 0.01229995 0.01646113
v 0.00897580 0.01229995 0.00126070
v 0.02390557 0.01032453 0.01870739
v 0.03781515 -0.00895000 0.03496187
v 0.04171615 -0.00895000 0.03952062
v 0.02932208 -0.00811273 0.02503705
v 0.02999705 -0.00880641 0.02582579
v 0.03781515 0.00924999 0.03496187
v 0.03729909 0.00934994 0.03435885
v 0.03079324 0.00934994 0.02675622
v 0.02999705 0.00910640 0.02582579
v 0.02198338 -0.01199996 0.01646113
v 0.00897580 -0.01199996 0.00126070
v 0.00845975 -0.01189994 0.00065766
v 0.00455868 -0.01189994 -0.00390100
v 0.02277958 -0.01175636 0.01739156
v 0.02345454 -0.01106274 0.01818037
v 0.02390557 -0.01002454 0.01870739
v 0.02406394 -0.00879997 0.01889246
v 0.02887105 -0.00707453 0.02450996
v 0.03079324 -0.00904995 0.02675622
v 0.03729909 -0.00904995 0.03435885
v 0.02932208 0.00841272 0.02503705
v 0.02887105 0.00737458 0.02450996
v 0.02406394 0.00909996 0.01889246
v 0.02871268 0.00614995 0.02432489
v 0.02871268 -0.00584996 0.02432489
v -0.00561798 0.01219999 0.00210661
v -0.00599968 0.01219999 0.00005810
v -0.00565773 0.01219999 -0.00199741
v -0.00463337 0.01219999 -0.00381202
v -0.00305015 0.01219999 -0.00516683
v -0.00109905 0.01219999 -0.00589848
v 0.00098463 0.01219999 -0.00591862
v 0.00294953 0.01219999 -0.00522494
v 0.01057177 0.01764994 0.01401901
v 0.01062196 0.01764994 0.01337391
v -0.00240880 0.01764994 -0.00178814
v -0.00139439 0.01764994 -0.00265622
v 0.01221680 0.01764994 0.01261138
v 0.01275038 0.01764994 0.01297736
v 0.01883095 0.01764994 0.02104425
v 0.01846492 0.01764994 0.02157783
v 0.01788121 0.01764994 0.02185696
v -0.00010383 0.01764994 -0.00299817
v 0.00120729 0.01764994 -0.00274628
v 0.00139439 0.01764994 0.00265622
v 0.00240880 0.01764994 0.00178814
v 0.01098793 0.01764994 0.01284033
v 0.00294608 0.01764994 0.00056594
v 0.00227934 0.01764994 -0.00195050
v 0.01157170 0.01764994 0.01256120
v 0.00289988 0.01764994 -0.00076839
v 0.00010383 0.01764994 0.00299817
v -0.00120729 0.01764994 0.00274628
v -0.00227934 0.01764994 0.00195050
v -0.00289988 0.01764994 0.00076839
v -0.00294608 0.01764994 -0.00056594
v 0.01760894 0.01764994 0.01937890
v 0.01707124 0.01764994 0.01952135
v 0.01664853 0.01764994 0.01988303
v 0.01300895 0.01764994 0.01346993
v 0.01642465 0.01764994 0.02039229
v 0.01815527 0.01764994 0.01948380
v 0.01860195 0.01764994 0.01981538
v 0.01888108 0.01764994 0.02039915
v 0.01723611 0.01764994 0.02180683
v 0.01670247 0.01764994 0.02144086
v 0.01644390 0.01764994 0.02094829
v 0.01085090 0.01764994 0.01460278
v 0.01129758 0.01764994 0.01493436
v 0.01302820 0.01764994 0.01402586
v 0.01280432 0.01764994 0.01453512
v 0.01238167 0.01764994 0.01489681
v 0.01184391 0.01764994 0.01503932
v 0.04277551 -0.00895000 0.04131501
v 0.04315721 -0.00895000 0.04336357
v 0.04281520 -0.00895000 0.04541909
v 0.04179084 -0.00895000 0.04723370
v 0.04020762 -0.00895000 0.04858851
v 0.04020762 -0.01144999 0.04858851
v 0.03825652 -0.00895000 0.04932016
v 0.03869426 -0.01144999 0.04922151
v 0.03994631 -0.01144999 0.04873412
v 0.03617286 -0.00895000 0.04934030
v 0.03736513 -0.01144999 0.04941809
v 0.03825652 -0.01144999 0.04932016
v 0.03420794 -0.01144999 0.04864662
v 0.03474283 -0.01144999 0.04891431
v 0.03420794 -0.00895000 0.04864662
v 0.03602558 -0.01144999 0.04931396
v 0.03617286 -0.01144999 0.04934030
v 0.03358113 -0.01144999 0.04823929
v -0.00561798 -0.01189994 0.00210661
v -0.00599968 -0.01189994 0.00005810
v -0.00565773 -0.01189994 -0.00199741
v -0.00463337 -0.01189994 -0.00381202
v -0.00305015 -0.01189994 -0.00516683
v -0.00109905 -0.01189994 -0.00589848
v 0.00098463 -0.01189994 -0.00591862
v 0.00294953 -0.01189994 -0.00522494
v -0.00139439 -0.01734995 -0.00265622
v -0.00240880 -0.01734995 -0.00178814
v 0.01302820 -0.01734995 0.01402586
v 0.01300895 -0.01734995 0.01346993
v 0.01275038 -0.01734995 0.01297736
v 0.00240880 -0.01734995 0.00178814
v -0.00294608 -0.01734995 -0.00056594
v 0.01723611 -0.01734995 0.02180683
v 0.01788121 -0.01734995 0.02185696
v 0.01846492 -0.01734995 0.02157783
v 0.01883095 -0.01734995 0.02104425
v 0.01888108 -0.01734995 0.02039915
v 0.00294608 -0.01734995 0.00056594
v 0.00289988 -0.01734995 -0.00076839
v 0.00227934 -0.01734995 -0.00195050
v 0.00120729 -0.01734995 -0.00274628
v -0.00010383 -0.01734995 -0.00299817
v -0.00289988 -0.01734995 0.00076839
v -0.00227934 -0.01734995 0.00195050
v 0.01062196 -0.01734995 0.01337391
v 0.01098793 -0.01734995 0.01284033
v 0.01157170 -0.01734995 0.01256120
v -0.00120729 -0.01734995 0.00274628
v 0.01221680 -0.01734995 0.01261138
v 0.00010383 -0.01734995 0.00299817
v 0.00139439 -0.01734995 0.00265622
v 0.01184391 -0.01734995 0.01503932
v 0.01238167 -0.01734995 0.01489681
v 0.01860195 -0.01734995 0.01981538
v 0.01815527 -0.01734995 0.01948380
v 0.01760894 -0.01734995 0.01937890
v 0.01707124 -0.01734995 0.01952135
v 0.01057177 -0.01734995 0.01401901
v 0.01085090 -0.01734995 0.01460278
v 0.01129758 -0.01734995 0.01493436
v 0.01664853 -0.01734995 0.01988303
v 0.01642465 -0.01734995 0.02039229
v 0.01644390 -0.01734995 0.02094829
v 0.01670247 -0.01734995 0.02144086
v 0.01280432 -0.01734995 0.01453512
v 0.03937244 -0.01329773 0.04764097
v 0.03967404 -0.01286417 0.04821544
v 0.03987556 -0.01221531 0.04859936
v 0.03865528 -0.01221531 0.04907435
v 0.03735983 -0.01221531 0.04926592
v 0.03605431 -0.01221531 0.04916441
v 0.03480410 -0.01221531 0.04877495
v 0.03367185 -0.01221531 0.04811710
v 0.03854423 -0.01286417 0.04865527
v 0.03734487 -0.01286417 0.04883265
v 0.03613609 -0.01286417 0.04873865
v 0.03497856 -0.01286417 0.04837810
v 0.03393030 -0.01286417 0.04776895
v 0.03837800 -0.01329773 0.04802805
v 0.03732240 -0.01329773 0.04818415
v 0.03625851 -0.01329773 0.04810148
v 0.03523969 -0.01329773 0.04778409
v 0.03431701 -0.01329773 0.04724794
v 0.01833641 0.01229995 0.01958197
v 0.01815527 0.01229995 0.01948380
v 0.01815527 0.01764994 0.01948380
v 0.01760894 0.01229995 0.01937890
v 0.01760894 0.01764994 0.01937890
v 0.01707124 0.01229995 0.01952135
v 0.01707124 0.01764994 0.01952135
v 0.01664853 0.01229995 0.01988303
v 0.01664853 0.01764994 0.01988303
v 0.01642465 0.01229995 0.02039229
v 0.01642465 0.01764994 0.02039229
v 0.01644390 0.01229995 0.02094829
v 0.01644390 0.01764994 0.02094829
v 0.01651293 0.01229995 0.02114242
v 0.01651293 -0.01199996 0.02114242
v 0.01644390 -0.01199996 0.02094829
v 0.01644390 -0.01734995 0.02094829
v 0.01642465 -0.01199996 0.02039229
v 0.01642465 -0.01734995 0.02039229
v 0.01664853 -0.01199996 0.01988303
v 0.01664853 -0.01734995 0.01988303
v 0.01707124 -0.01199996 0.01952135
v 0.01707124 -0.01734995 0.01952135
v 0.01760894 -0.01199996 0.01937890
v 0.01760894 -0.01734995 0.01937890
v 0.01815527 -0.01199996 0.01948380
v 0.01815527 -0.01734995 0.01948380
v 0.01833641 -0.01199996 0.01958197
v 0.01057177 -0.01199996 0.01401901
v 0.01057177 -0.01734995 0.01401901
v 0.01062196 -0.01199996 0.01337391
v 0.01062196 -0.01734995 0.01337391
v 0.01098793 -0.01199996 0.01284033
v 0.01098793 -0.01734995 0.01284033
v 0.01157170 -0.01199996 0.01256120
v 0.01157170 -0.01734995 0.01256120
v 0.01221680 -0.01199996 0.01261138
v 0.01221680 -0.01734995 0.01261138
v 0.01221680 -0.01199996 0.01261138
v 0.01221680 -0.01734995 0.01261138
v 0.01057177 0.01764994 0.01401901
v 0.01057177 0.01229995 0.01401901
v 0.01062196 0.01764994 0.01337391
v 0.01062196 0.01229995 0.01337391
v 0.01098793 0.01764994 0.01284033
v 0.01098793 0.01229995 0.01284033
v 0.01157170 0.01764994 0.01256120
v 0.01157170 0.01229995 0.01256120
v 0.01221680 0.01764994 0.01261138
v 0.01221680 0.01229995 0.01261138
v 0.01221680 0.01764994 0.01261138
v 0.01221680 0.01229995 0.01261138
v 0.03816360 0.01344996 0.04113304
v 0.03828430 0.01374995 0.04085838
v 0.03707093 0.01344996 0.04092317
v 0.03706055 0.01374995 0.04062336
v 0.03599548 0.01344996 0.04120814
v 0.03585600 0.01374995 0.04094249
v 0.03515011 0.01344996 0.04193150
v 0.03490924 0.01374995 0.04175269
v 0.03470236 0.01344996 0.04295003
v 0.03440773 0.01374995 0.04289346
v 0.03474086 0.01344996 0.04406195
v 0.03445088 0.01374995 0.04413884
v 0.03474086 -0.01314997 0.04406195
v 0.03445088 -0.01344996 0.04413884
v 0.03470236 -0.01314997 0.04295003
v 0.03440773 -0.01344996 0.04289346
v 0.03515011 -0.01314997 0.04193150
v 0.03490924 -0.01344996 0.04175269
v 0.03599548 -0.01314997 0.04120814
v 0.03585600 -0.01344996 0.04094249
v 0.03707093 -0.01314997 0.04092317
v 0.03706055 -0.01344996 0.04062336
v 0.03816360 -0.01314997 0.04113304
v 0.03828430 -0.01344996 0.04085838
v 0.00120729 0.01545000 -0.00274628
v 0.00120729 0.01764994 -0.00274628
v -0.00010383 0.01545000 -0.00299817
v -0.00010383 0.01764994 -0.00299817
v -0.00139439 0.01545000 -0.00265622
v -0.00139439 0.01764994 -0.00265622
v -0.00240880 0.01545000 -0.00178814
v -0.00240880 0.01764994 -0.00178814
v -0.00294608 0.01545000 -0.00056594
v -0.00294608 0.01764994 -0.00056594
v -0.00289988 0.01545000 0.00076839
v -0.00289988 0.01764994 0.00076839
v -0.00289988 -0.01514995 0.00076839
v -0.00289988 -0.01734995 0.00076839
v -0.00294608 -0.01514995 -0.00056594
v -0.00294608 -0.01734995 -0.00056594
v -0.00240880 -0.01514995 -0.00178814
v -0.00240880 -0.01734995 -0.00178814
v -0.00139439 -0.01514995 -0.00265622
v -0.00139439 -0.01734995 -0.00265622
v -0.00010383 -0.01514995 -0.00299817
v -0.00010383 -0.01734995 -0.00299817
v 0.00120729 -0.01514995 -0.00274628
v 0.00120729 -0.01734995 -0.00274628
v 0.00139439 -0.01514995 0.00265622
v 0.00010383 -0.01514995 0.00299817
v -0.00120729 -0.01514995 0.00274628
v -0.00139439 -0.01514995 -0.00265622
v -0.00010383 -0.01514995 -0.00299817
v 0.00120729 -0.01514995 -0.00274628
v -0.00240880 -0.01514995 -0.00178814
v -0.00294608 -0.01514995 -0.00056594
v -0.00289988 -0.01514995 0.00076839
v -0.00227934 -0.01514995 0.00195050
v 0.00240880 -0.01514995 0.00178814
v 0.00294608 -0.01514995 0.00056594
v 0.00289988 -0.01514995 -0.00076839
v 0.00227934 -0.01514995 -0.00195050
v 0.00227934 0.01545000 -0.00195050
v 0.00120729 0.01545000 -0.00274628
v -0.00289988 0.01545000 0.00076839
v 0.00289988 0.01545000 -0.00076839
v -0.00227934 0.01545000 0.00195050
v -0.00120729 0.01545000 0.00274628
v -0.00294608 0.01545000 -0.00056594
v -0.00240880 0.01545000 -0.00178814
v -0.00139439 0.01545000 -0.00265622
v -0.00010383 0.01545000 -0.00299817
v 0.00240880 0.01545000 0.00178814
v 0.00294608 0.01545000 0.00056594
v 0.00139439 0.01545000 0.00265622
v 0.00010383 0.01545000 0.00299817
v 0.03525799 -0.01314997 0.04504710
v 0.03474086 -0.01314997 0.04406195
v 0.03816360 -0.01314997 0.04113304
v 0.03470236 -0.01314997 0.04295003
v 0.03515011 -0.01314997 0.04193150
v 0.03905695 -0.01314997 0.04179620
v 0.03961515 -0.01314997 0.04296374
v 0.03951489 -0.01314997 0.04425394
v 0.03707093 -0.01314997 0.04092317
v 0.03599548 -0.01314997 0.04120814
v 0.03632521 -0.01314997 0.04577904
v 0.03761541 -0.01314997 0.04587936
v 0.03878289 -0.01314997 0.04532110
v 0.03905695 0.01344996 0.04179620
v 0.03816360 0.01344996 0.04113304
v 0.03632521 0.01344996 0.04577904
v 0.03599548 0.01344996 0.04120814
v 0.03515011 0.01344996 0.04193150
v 0.03470236 0.01344996 0.04295003
v 0.03525799 0.01344996 0.04504710
v 0.03474086 0.01344996 0.04406195
v 0.03707093 0.01344996 0.04092317
v 0.03951489 0.01344996 0.04425394
v 0.03961515 0.01344996 0.04296374
v 0.03878289 0.01344996 0.04532110
v 0.03761541 0.01344996 0.04587936
vt 0.56458333 0.34821429
vt 0.56458333 0.34821429
vt 0.56458333 0.34821429
vt 0.56458333 0.34821429
vt 0.56458333 0.34821429
vt 0.56458333 0.34821429
vt 0.56458333 0.34821429
vt 0.56458333 0.34821429
vt 0.56458333 0.34821429
vt 0.56458333 0.34821429
vt 0.56458333 0.34821429
vt 0.56458333 0.34821429
vt 0.56458333 0.34821429
vt 0.56458333 0.34821429
vt 0.56458333 0.34821429
vt 0.56458333 0.34821429
vt 0.56458333 0.34821429
vt 0.56458333 0.34821429
vt 0.56458333 0.34821429
vt 0.56458333 0.34821429
vt 0.56458333 0.34821429
vt 0.56458333 0.34821429
vt 0.56458333 0.34821429
vt 0.56458333 0.34821429
vt 0.56458333 0.34821429
vt 0.56458333 0.34821429
vt 0.56458333 0.34821429
vt 0.56458333 0.34821429
vt 0.56458333 0.34821429
vt 0.56458333 0.34821429
vt 0.56458333 0.34821429
vt 0.56458333 0.34821429
vt 0.56458333 0.34821429
vt 0.56458333 0.34821429
vt 0.56458333 0.34821429
vt 0.56458333 0.34821429
vt 0.56458333 0.34821429
vt 0.56458333 0.34821429
vt 0.56458333 0.34821429
vt 0.56458333 0.34821429
vt 0.56458333 0.34821429
vt 0.56458333 0.34821429
vt 0.56458333 0.34821429
vt 0.56458333 0.34821429
vt 0.56458333 0.34821429
vt 0.56458333 0.34821429
vt 0.56458333 0.34821429
vt 0.56458333 0.34821429
vt 0.56458333 0.34821429
vt 0.56458333 0.34821429
vt 0.56458333 0.34821429
vt 0.56458333 0.34821429
vt 0.56458333 0.34821429
vt 0.56458333 0.34821429
vt 0.56458333 0.34821429
vt 0.56458333 0.34821429
vt 0.56458333 0.34821429
vt 0.56458333 0.34821429
vt 0.56458333 0.34821429
vt 0.56458333 0.34821429
vt 0.56458333 0.34821429
vt 0.56458333 0.34821429
vt 0.56458333 0.34821429
vt 0.56458333 0.34821429
vt 0.56458333 0.34821429
vt 0.56458333 0.34821429
vt 0.56458333 0.34821429
vt 0.56458333 0.34821429
vt 0.56458333 0.34821429
vt 0.56458333 0.34821429
vt 0.56458333 0.34821429
vt 0.56458333 0.34821429
vt 0.56458333 0.34821429
vt 0.56458333 0.34821429
vt 0.56458333 0.34821429
vt 0.56458333 0.34821429
vt 0.56458333 0.34821429
vt 0.56458333 0.34821429
vt 0.56458333 0.34821429
vt 0.56458333 0.34821429
vt 0.56458333 0.34821429
vt 0.56458333 0.34821429
vt 0.56458333 0.34821429
vt 0.56458333 0.34821429
vt 0.56458333 0.34821429
vt 0.56458333 0.34821429
vt 0.56458333 0.34821429
vt 0.56458333 0.34821429
vt 0.56458333 0.34821429
vt 0.56458333 0.34821429
vt 0.56458333 0.34821429
vt 0.56458333 0.34821429
vt 0.56458333 0.34821429
vt 0.56458333 0.34821429
vt 0.56458333 0.34821429
vt 0.56458333 0.34821429
vt 0.56458333 0.34821429
vt 0.56458333 0.34821429
vt 0.56458333 0.34821429
vt 0.56458333 0.34821429
vt 0.56458333 0.34821429
vt 0.56458333 0.34821429
vt 0.56458333 0.34821429
vt 0.56458333 0.34821429
vt 0.56458333 0.34821429
vt 0.56458333 0.34821429
vt 0.56458333 0.34821429
vt 0.56458333 0.34821429
vt 0.56458333 0.34821429
vt 0.56458333 0.34821429
vt 0.56458333 0.34821429
vt 0.56458333 0.34821429
vt 0.56458333 0.34821429
vt 0.56458333 0.34821429
vt 0.56458333 0.34821429
vt 0.56458333 0.34821429
vt 0.56458333 0.34821429
vt 0.56458333 0.34821429
vt 0.56458333 0.34821429
vt 0.56458333 0.34821429
vt 0.56458333 0.34821429
vt 0.56458333 0.34821429
vt 0.56458333 0.34821429
vt 0.56458333 0.34821429
vt 0.56458333 0.34821429
vt 0.56458333 0.34821429
vt 0.56458333 0.34821429
vt 0.56458333 0.34821429
vt 0.56458333 0.34821429
vt 0.56458333 0.34821429
vt 0.56458333 0.34821429
vt 0.56458333 0.34821429
vt 0.56458333 0.34821429
vt 0.56458333 0.34821429
vt 0.56458333 0.34821429
vt 0.56458333 0.34821429
vt 0.56458333 0.34821429
vt 0.56458333 0.34821429
vt 0.56458333 0.34821429
vt 0.56458333 0.34821429
vt 0.56458333 0.34821429
vt 0.56458333 0.34821429
vt 0.56458333 0.34821429
vt 0.56458333 0.34821429
vt 0.56458333 0.34821429
vt 0.56458333 0.34821429
vt 0.56458333 0.34821429
vt 0.56458333 0.34821429
vt 0.56458333 0.34821429
vt 0.56458333 0.34821429
vt 0.56458333 0.34821429
vt 0.56458333 0.34821429
vt 0.56458333 0.34821429
vt 0.56458333 0.34821429
vt 0.56458333 0.34821429
vt 0.56458333 0.34821429
vt 0.56458333 0.34821429
vt 0.56458333 0.34821429
vt 0.56458333 0.34821429
vt 0.56458333 0.34821429
vt 0.56458333 0.34821429
vt 0.56458333 0.34821429
vt 0.56458333 0.34821429
vt 0.56458333 0.34821429
vt 0.56458333 0.34821429
vt 0.56458333 0.34821429
vt 0.56458333 0.34821429
vt 0.56458333 0.34821429
vt 0.56458333 0.34821429
vt 0.56458333 0.34821429
vt 0.56458333 0.34821429
vt 0.56458333 0.34821429
vt 0.56458333 0.34821429
vt 0.56458333 0.34821429
vt 0.56458333 0.34821429
vt 0.56458333 0.34821429
vt 0.56458333 0.34821429
vt 0.56458333 0.34821429
vt 0.56458333 0.34821429
vt 0.56458333 0.34821429
vt 0.56458333 0.34821429
vt 0.56458333 0.34821429
vt 0.56458333 0.34821429
vt 0.56458333 0.34821429
vt 0.56458333 0.34821429
vt 0.56458333 0.34821429
vt 0.56458333 0.34821429
vt 0.56458333 0.34821429
vt 0.56458333 0.34821429
vt 0.56458333 0.34821429
vt 0.56458333 0.34821429
vt 0.56458333 0.34821429
vt 0.56458333 0.34821429
vt 0.56458333 0.34821429
vt 0.56458333 0.34821429
vt 0.56458333 0.34821429
vt 0.56458333 0.34821429
vt 0.56458333 0.34821429
vt 0.56458333 0.34821429
vt 0.56458333 0.34821429
vt 0.56458333 0.34821429
vt 0.56458333 0.34821429
vt 0.56458333 0.34821429
vt 0.56458333 0.34821429
vt 0.56458333 0.34821429
vt 0.56458333 0.34821429
vt 0.56458333 0.34821429
vt 0.56458333 0.34821429
vt 0.56458333 0.34821429
vt 0.56458333 0.34821429
vt 0.56458333 0.34821429
vt 0.56458333 0.34821429
vt 0.56458333 0.34821429
vt 0.56458333 0.34821429
vt 0.56458333 0.34821429
vt 0.56458333 0.34821429
vt 0.56458333 0.34821429
vt 0.56458333 0.34821429
vt 0.56458333 0.34821429
vt 0.56458333 0.34821429
vt 0.56458333 0.34821429
vt 0.56458333 0.34821429
vt 0.56458333 0.34821429
vt 0.56458333 0.34821429
vt 0.56458333 0.34821429
vt 0.56458333 0.34821429
vt 0.56458333 0.34821429
vt 0.56458333 0.34821429
vt 0.56458333 0.34821429
vt 0.56458333 0.34821429
vt 0.56458333 0.34821429
vt 0.56458333 0.34821429
vt 0.56458333 0.34821429
vt 0.56458333 0.34821429
vt 0.56458333 0.34821429
vt 0.56458333 0.34821429
vt 0.56458333 0.34821429
vt 0.56458333 0.34821429
vt 0.56458333 0.34821429
vt 0.56458333 0.34821429
vt 0.56458333 0.34821429
vt 0.56458333 0.34821429
vt 0.56458333 0.34821429
vt 0.56458333 0.34821429
vt 0.56458333 0.34821429
vt 0.56458333 0.34821429
vt 0.56458333 0.34821429
vt 0.56458333 0.34821429
vt 0.56458333 0.34821429
vt 0.56458333 0.34821429
vt 0.56458333 0.34821429
vt 0.56458333 0.34821429
vt 0.56458333 0.34821429
vt 0.56458333 0.34821429
vt 0.56458333 0.34821429
vt 0.56458333 0.34821429
vt 0.56458333 0.34821429
vt 0.56458333 0.34821429
vt 0.56458333 0.34821429
vt 0.56458333 0.34821429
vt 0.56458333 0.34821429
vt 0.56458333 0.34821429
vt 0.56458333 0.34821429
vt 0.56458333 0.34821429
vt 0.56458333 0.34821429
vt 0.56458333 0.34821429
vt 0.56458333 0.34821429
vt 0.56458333 0.34821429
vt 0.56458333 0.34821429
vt 0.56458333 0.34821429
vt 0.56458333 0.34821429
vt 0.56458333 0.34821429
vt 0.56458333 0.34821429
vt 0.56458333 0.34821429
vt 0.56458333 0.34821429
vt 0.56458333 0.34821429
vt 0.56458333 0.34821429
vt 0.56458333 0.34821429
vt 0.56458333 0.34821429
vt 0.56458333 0.34821429
vt 0.56458333 0.34821429
vt 0.56458333 0.34821429
vt 0.56458333 0.34821429
vt 0.56458333 0.34821429
vt 0.56458333 0.34821429
vt 0.56458333 0.34821429
vt 0.56458333 0.34821429
vt 0.56458333 0.34821429
vt 0.56458333 0.34821429
vt 0.56458333 0.34821429
vt 0.56458333 0.34821429
vt 0.56458333 0.34821429
vt 0.56458333 0.34821429
vt 0.56458333 0.34821429
vt 0.56458333 0.34821429
vt 0.56458333 0.34821429
vt 0.56458333 0.34821429
vt 0.56458333 0.34821429
vt 0.56458333 0.34821429
vt 0.56458333 0.34821429
vt 0.56458333 0.34821429
vt 0.56458333 0.34821429
vt 0.56458333 0.34821429
vt 0.56458333 0.34821429
vt 0.56458333 0.34821429
vt 0.56458333 0.34821429
vt 0.56458333 0.34821429
vt 0.56458333 0.34821429
vt 0.56458333 0.34821429
vt 0.56458333 0.34821429
vt 0.56458333 0.34821429
vt 0.56458333 0.34821429
vt 0.56458333 0.34821429
vt 0.56458333 0.34821429
vt 0.56458333 0.34821429
vt 0.56458333 0.34821429
vt 0.56458333 0.34821429
vt 0.56458333 0.34821429
vt 0.56458333 0.34821429
vt 0.56458333 0.34821429
vt 0.56458333 0.34821429
vt 0.56458333 0.34821429
vt 0.56458333 0.34821429
vt 0.56458333 0.34821429
vt 0.56458333 0.34821429
vt 0.56458333 0.34821429
vt 0.56458333 0.34821429
vt 0.56458333 0.34821429
vt 0.56458333 0.34821429
vt 0.56458333 0.34821429
vt 0.56458333 0.34821429
vt 0.56458333 0.34821429
vt 0.56458333 0.34821429
vt 0.56458333 0.34821429
vt 0.56458333 0.34821429
vt 0.56458333 0.34821429
vt 0.56458333 0.34821429
vt 0.56458333 0.34821429
vt 0.56458333 0.34821429
vt 0.56458333 0.34821429
vt 0.56458333 0.34821429
vt 0.56458333 0.34821429
vt 0.56458333 0.34821429
vt 0.56458333 0.34821429
vt 0.56458333 0.34821429
vt 0.56458333 0.34821429
vt 0.56458333 0.34821429
vt 0.56458333 0.34821429
vt 0.56458333 0.34821429
vt 0.56458333 0.34821429
vt 0.56458333 0.34821429
vt 0.56458333 0.34821429
vt 0.56458333 0.34821429
vt 0.56458333 0.34821429
vt 0.56458333 0.34821429
vt 0.56458333 0.34821429
vt 0.56458333 0.34821429
vt 0.56458333 0.34821429
vt 0.56458333 0.34821429
vt 0.56458333 0.34821429
vt 0.56458333 0.34821429
vt 0.56458333 0.34821429
vt 0.56458333 0.34821429
vt 0.56458333 0.34821429
vt 0.56458333 0.34821429
vt 0.56458333 0.34821429
vt 0.56458333 0.34821429
vt 0.56458333 0.34821429
vt 0.56458333 0.34821429
vt 0.56458333 0.34821429
vt 0.56458333 0.34821429
vt 0.56458333 0.34821429
vt 0.56458333 0.34821429
vt 0.56458333 0.34821429
vt 0.56458333 0.34821429
vt 0.56458333 0.34821429
vt 0.56458333 0.34821429
vt 0.56458333 0.34821429
vt 0.56458333 0.34821429
vt 0.56458333 0.34821429
vt 0.56458333 0.34821429
vt 0.56458333 0.34821429
vt 0.56458333 0.34821429
vt 0.56458333 0.34821429
vt 0.56458333 0.34821429
vt 0.56458333 0.34821429
vt 0.56458333 0.34821429
vt 0.56458333 0.34821429
vt 0.56458333 0.34821429
vt 0.56458333 0.34821429
vt 0.56458333 0.34821429
vt 0.56458333 0.34821429
vt 0.56458333 0.34821429
vt 0.56458333 0.34821429
vt 0.56458333 0.34821429
vt 0.56458333 0.34821429
vt 0.56458333 0.34821429
vt 0.56458333 0.34821429
vt 0.56458333 0.34821429
vt 0.56458333 0.34821429
vt 0.56458333 0.34821429
vt 0.56458333 0.34821429
vt 0.56458333 0.34821429
vt 0.56458333 0.34821429
vt 0.56458333 0.34821429
vt 0.56458333 0.34821429
vt 0.56458333 0.34821429
vt 0.56458333 0.34821429
vt 0.56458333 0.34821429
vt 0.56458333 0.34821429
vt 0.56458333 0.34821429
vt 0.56458333 0.34821429
vt 0.56458333 0.34821429
vt 0.56458333 0.34821429
vt 0.56458333 0.34821429
vt 0.56458333 0.34821429
vt 0.56458333 0.34821429
vt 0.56458333 0.34821429
vt 0.56458333 0.34821429
vt 0.56458333 0.34821429
vt 0.56458333 0.34821429
vt 0.56458333 0.34821429
vt 0.56458333 0.34821429
vt 0.56458333 0.34821429
vt 0.56458333 0.34821429
vt 0.56458333 0.34821429
vt 0.56458333 0.34821429
vt 0.56458333 0.34821429
vt 0.56458333 0.34821429
vt 0.56458333 0.34821429
vt 0.56458333 0.34821429
vt 0.56458333 0.34821429
vt 0.56458333 0.34821429
vt 0.56458333 0.34821429
vt 0.56458333 0.34821429
vt 0.56458333 0.34821429
vt 0.56458333 0.34821429
vt 0.56458333 0.34821429
vt 0.56458333 0.34821429
vt 0.56458333 0.34821429
vt 0.56458333 0.34821429
vt 0.56458333 0.34821429
vt 0.56458333 0.34821429
vt 0.56458333 0.34821429
vt 0.56458333 0.34821429
vt 0.56458333 0.34821429
vt 0.56458333 0.34821429
vt 0.56458333 0.34821429
vt 0.56458333 0.34821429
vt 0.56458333 0.34821429
vt 0.56458333 0.34821429
vt 0.56458333 0.34821429
vt 0.56458333 0.34821429
vt 0.56458333 0.34821429
vt 0.56458333 0.34821429
vt 0.56458333 0.34821429
vt 0.56458333 0.34821429
vt 0.56458333 0.34821429
vt 0.56458333 0.34821429
vt 0.56458333 0.34821429
vt 0.56458333 0.34821429
vt 0.56458333 0.34821429
vt 0.56458333 0.34821429
vt 0.56458333 0.34821429
vt 0.56458333 0.34821429
vt 0.56458333 0.34821429
vt 0.56458333 0.34821429
vt 0.56458333 0.34821429
vt 0.56458333 0.34821429
vt 0.56458333 0.34821429
vt 0.56458333 0.34821429
vt 0.56458333 0.34821429
vt 0.56458333 0.34821429
vt 0.56458333 0.34821429
vt 0.56458333 0.34821429
vt 0.56458333 0.34821429
vt 0.56458333 0.34821429
vt 0.56458333 0.34821429
vt 0.56458333 0.34821429
vt 0.56458333 0.34821429
vt 0.56458333 0.34821429
vt 0.56458333 0.34821429
vt 0.56458333 0.34821429
vt 0.56458333 0.34821429
vt 0.56458333 0.34821429
vt 0.56458333 0.34821429
vt 0.56458333 0.34821429
vt 0.56458333 0.34821429
vt 0.56458333 0.34821429
vt 0.56458333 0.34821429
vt 0.56458333 0.34821429
vt 0.56458333 0.34821429
vt 0.56458333 0.34821429
vt 0.56458333 0.34821429
vt 0.56458333 0.34821429
vt 0.56458333 0.34821429
vt 0.56458333 0.34821429
vt 0.56458333 0.34821429
vt 0.56458333 0.34821429
vt 0.56458333 0.34821429
vt 0.56458333 0.34821429
vt 0.56458333 0.34821429
vt 0.56458333 0.34821429
vt 0.56458333 0.34821429
vt 0.56458333 0.34821429
vt 0.56458333 0.34821429
vt 0.56458333 0.34821429
vt 0.56458333 0.34821429
vt 0.56458333 0.34821429
vt 0.56458333 0.34821429
vt 0.56458333 0.34821429
vt 0.56458333 0.34821429
vt 0.56458333 0.34821429
vt 0.56458333 0.34821429
vt 0.56458333 0.34821429
vt 0.56458333 0.34821429
vt 0.56458333 0.34821429
vt 0.56458333 0.34821429
vt 0.56458333 0.34821429
vt 0.56458333 0.34821429
vt 0.56458333 0.34821429
vt 0.56458333 0.34821429
vt 0.56458333 0.34821429
vt 0.56458333 0.34821429
vt 0.56458333 0.34821429
vt 0.56458333 0.34821429
vt 0.56458333 0.34821429
vt 0.56458333 0.34821429
vt 0.56458333 0.34821429
vt 0.56458333 0.34821429
vt 0.56458333 0.34821429
vt 0.56458333 0.34821429
vt 0.56458333 0.34821429
vt 0.56458333 0.34821429
vt 0.56458333 0.34821429
vt 0.56458333 0.34821429
vt 0.56458333 0.34821429
vt 0.56458333 0.34821429
vt 0.56458333 0.34821429
vt 0.56458333 0.34821429
vt 0.56458333 0.34821429
vt 0.56458333 0.34821429
vt 0.56458333 0.34821429
vt 0.56458333 0.34821429
vt 0.56458333 0.34821429
vt 0.56458333 0.34821429
vt 0.56458333 0.34821429
vt 0.56458333 0.34821429
vt 0.56458333 0.34821429
vt 0.56458333 0.34821429
vt 0.56458333 0.34821429
vt 0.56458333 0.34821429
vt 0.56458333 0.34821429
vt 0.56458333 0.34821429
vt 0.56458333 0.34821429
vt 0.56458333 0.34821429
vt 0.56458333 0.34821429
vt 0.56458333 0.34821429
vt 0.56458333 0.34821429
vt 0.56458333 0.34821429
vt 0.56458333 0.34821429
vt 0.56458333 0.34821429
vt 0.56458333 0.34821429
vt 0.56458333 0.34821429
vt 0.56458333 0.34821429
vt 0.56458333 0.34821429
vt 0.56458333 0.34821429
vt 0.56458333 0.34821429
vt 0.56458333 0.34821429
vt 0.56458333 0.34821429
vt 0.56458333 0.34821429
vt 0.56458333 0.34821429
vt 0.56458333 0.34821429
vt 0.56458333 0.34821429
vt 0.56458333 0.34821429
vt 0.56458333 0.34821429
vt 0.56458333 0.34821429
vt 0.56458333 0.34821429
vt 0.56458333 0.34821429
vt 0.56458333 0.34821429
vt 0.56458333 0.34821429
vt 0.56458333 0.34821429
vt 0.56458333 0.34821429
vt 0.56458333 0.34821429
vt 0.56458333 0.34821429
vt 0.56458333 0.34821429
vt 0.56458333 0.34821429
vt 0.56458333 0.34821429
vt 0.56458333 0.34821429
vt 0.56458333 0.34821429
vt 0.56458333 0.34821429
vt 0.56458333 0.34821429
vt 0.56458333 0.34821429
vt 0.56458333 0.34821429
vt 0.56458333 0.34821429
vt 0.56458333 0.34821429
vt 0.56458333 0.34821429
vt 0.56458333 0.34821429
vt 0.56458333 0.34821429
vt 0.56458333 0.34821429
vt 0.56458333 0.34821429
vt 0.56458333 0.34821429
vt 0.56458333 0.34821429
vt 0.56458333 0.34821429
vt 0.56458333 0.34821429
vt 0.56458333 0.34821429
vt 0.56458333 0.34821429
vt 0.56458333 0.34821429
vt 0.56458333 0.34821429
vt 0.56458333 0.34821429
vt 0.56458333 0.34821429
vt 0.56458333 0.34821429
vt 0.56458333 0.34821429
vt 0.56458333 0.34821429
vt 0.56458333 0.34821429
vt 0.56458333 0.34821429
vt 0.56458333 0.34821429
vt 0.56458333 0.34821429
vt 0.56458333 0.34821429
vt 0.56458333 0.34821429
vt 0.56458333 0.34821429
vt 0.56458333 0.34821429
vt 0.56458333 0.34821429
vt 0.56458333 0.34821429
vt 0.56458333 0.34821429
vt 0.56458333 0.34821429
vt 0.56458333 0.34821429
vt 0.56458333 0.34821429
vt 0.56458333 0.34821429
vt 0.56458333 0.34821429
vt 0.56458333 0.34821429
vt 0.56458333 0.34821429
vt 0.56458333 0.34821429
vt 0.56458333 0.34821429
vt 0.56458333 0.34821429
vt 0.56458333 0.34821429
vt 0.56458333 0.34821429
vt 0.56458333 0.34821429
vt 0.56458333 0.34821429
vt 0.56458333 0.34821429
vt 0.56458333 0.34821429
vt 0.56458333 0.34821429
vt 0.56458333 0.34821429
vt 0.56458333 0.34821429
vt 0.56458333 0.34821429
vt 0.56458333 0.34821429
vt 0.56458333 0.34821429
vt 0.56458333 0.34821429
vt 0.56458333 0.34821429
vt 0.56458333 0.34821429
vt 0.56458333 0.34821429
vt 0.56458333 0.34821429
vt 0.56458333 0.34821429
vt 0.56458333 0.34821429
vt 0.56458333 0.34821429
vt 0.56458333 0.34821429
vt 0.56458333 0.34821429
vt 0.56458333 0.34821429
vt 0.56458333 0.34821429
vt 0.56458333 0.34821429
vt 0.56458333 0.34821429
vt 0.56458333 0.34821429
vt 0.56458333 0.34821429
vt 0.56458333 0.34821429
vt 0.56458333 0.34821429
vt 0.56458333 0.34821429
vt 0.56458333 0.34821429
vt 0.56458333 0.34821429
vt 0.56458333 0.34821429
vt 0.56458333 0.34821429
vt 0.56458333 0.34821429
vt 0.56458333 0.34821429
vt 0.56458333 0.34821429
vt 0.56458333 0.34821429
vt 0.56458333 0.34821429
vt 0.56458333 0.34821429
vt 0.56458333 0.34821429
vt 0.56458333 0.34821429
vt 0.56458333 0.34821429
vt 0.56458333 0.34821429
vt 0.56458333 0.34821429
vt 0.56458333 0.34821429
vt 0.56458333 0.34821429
vt 0.56458333 0.34821429
vt 0.56458333 0.34821429
vt 0.56458333 0.34821429
vt 0.56458333 0.34821429
vt 0.56458333 0.34821429
vt 0.56458333 0.34821429
vt 0.56458333 0.34821429
vt 0.56458333 0.34821429
vt 0.56458333 0.34821429
vt 0.56458333 0.34821429
vt 0.56458333 0.34821429
vt 0.56458333 0.34821429
vt 0.56458333 0.34821429
vt 0.56458333 0.34821429
vt 0.56458333 0.34821429
vt 0.56458333 0.34821429
vt 0.56458333 0.34821429
vt 0.56458333 0.34821429
vt 0.56458333 0.34821429
vt 0.56458333 0.34821429
vt 0.56458333 0.34821429
vt 0.56458333 0.34821429
vt 0.56458333 0.34821429
vt 0.56458333 0.34821429
vt 0.56458333 0.34821429
vt 0.56458333 0.34821429
vt 0.56458333 0.34821429
vt 0.56458333 0.34821429
vt 0.56458333 0.34821429
vt 0.56458333 0.34821429
vt 0.56458333 0.34821429
vt 0.56458333 0.34821429
vt 0.56458333 0.34821429
vt 0.56458333 0.34821429
vt 0.56458333 0.34821429
vt 0.56458333 0.34821429
vt 0.56458333 0.34821429
vt 0.56458333 0.34821429
vt 0.56458333 0.34821429
vt 0.56458333 0.34821429
vt 0.56458333 0.34821429
vt 0.56458333 0.34821429
vt 0.56458333 0.34821429
vt 0.56458333 0.34821429
vt 0.56458333 0.34821429
vt 0.56458333 0.34821429
vt 0.56458333 0.34821429
vt 0.56458333 0.34821429
vt 0.56458333 0.34821429
vt 0.56458333 0.34821429
vt 0.56458333 0.34821429
vt 0.56458333 0.34821429
vt 0.56458333 0.34821429
vt 0.56458333 0.34821429
vt 0.56458333 0.34821429
vt 0.56458333 0.34821429
vt 0.56458333 0.34821429
vt 0.56458333 0.34821429
vt 0.56458333 0.34821429
vt 0.56458333 0.34821429
vt 0.56458333 0.34821429
vt 0.56458333 0.34821429
vt 0.56458333 0.34821429
vt 0.56458333 0.34821429
vt 0.56458333 0.34821429
vt 0.56458333 0.34821429
vt 0.56458333 0.34821429
vt 0.56458333 0.34821429
vt 0.56458333 0.34821429
vt 0.56458333 0.34821429
vt 0.56458333 0.34821429
vt 0.56458333 0.34821429
vt 0.56458333 0.34821429
vt 0.56458333 0.34821429
vt 0.56458333 0.34821429
vt 0.56458333 0.34821429
vt 0.56458333 0.34821429
vt 0.56458333 0.34821429
vt 0.56458333 0.34821429
vt 0.56458333 0.34821429
vt 0.56458333 0.34821429
vt 0.56458333 0.34821429
vt 0.56458333 0.34821429
vt 0.56458333 0.34821429
vt 0.56458333 0.34821429
vt 0.56458333 0.34821429
vt 0.56458333 0.34821429
vt 0.56458333 0.34821429
vt 0.56458333 0.34821429
vt 0.56458333 0.34821429
vt 0.56458333 0.34821429
vt 0.56458333 0.34821429
vt 0.56458333 0.34821429
vt 0.56458333 0.34821429
vt 0.56458333 0.34821429
vt 0.56458333 0.34821429
vt 0.56458333 0.34821429
vt 0.56458333 0.34821429
vt 0.56458333 0.34821429
vt 0.56458333 0.34821429
vt 0.56458333 0.34821429
vt 0.56458333 0.34821429
vt 0.56458333 0.34821429
vt 0.56458333 0.34821429
vt 0.56458333 0.34821429
vt 0.56458333 0.34821429
vt 0.56458333 0.34821429
vt 0.56458333 0.34821429
vt 0.56458333 0.34821429
vt 0.56458333 0.34821429
vt 0.56458333 0.34821429
vt 0.56458333 0.34821429
vt 0.56458333 0.34821429
vt 0.56458333 0.34821429
vt 0.56458333 0.34821429
vt 0.56458333 0.34821429
vt 0.56458333 0.34821429
vt 0.56458333 0.34821429
vt 0.56458333 0.34821429
vt 0.56458333 0.34821429
vt 0.56458333 0.34821429
vt 0.56458333 0.34821429
vt 0.56458333 0.34821429
vt 0.56458333 0.34821429
vt 0.56458333 0.34821429
vt 0.56458333 0.34821429
vt 0.56458333 0.34821429
vt 0.56458333 0.34821429
vt 0.56458333 0.34821429
vt 0.56458333 0.34821429
vt 0.56458333 0.34821429
vt 0.56458333 0.34821429
vt 0.56458333 0.34821429
vt 0.56458333 0.34821429
vt 0.56458333 0.34821429
vt 0.56458333 0.34821429
vt 0.56458333 0.34821429
vt 0.56458333 0.34821429
vt 0.56458333 0.34821429
vt 0.56458333 0.34821429
vt 0.56458333 0.34821429
vt 0.56458333 0.34821429
vt 0.56458333 0.34821429
vt 0.56458333 0.34821429
vt 0.56458333 0.34821429
vt 0.56458333 0.34821429
vt 0.56458333 0.34821429
vt 0.56458333 0.34821429
vt 0.56458333 0.34821429
vt 0.56458333 0.34821429
vt 0.56458333 0.34821429
vt 0.56458333 0.34821429
vt 0.56458333 0.34821429
vt 0.56458333 0.34821429
vt 0.56458333 0.34821429
vt 0.56458333 0.34821429
vt 0.56458333 0.34821429
vt 0.56458333 0.34821429
vt 0.56458333 0.34821429
vt 0.56458333 0.34821429
vt 0.56458333 0.34821429
vt 0.56458333 0.34821429
vt 0.56458333 0.34821429
vt 0.56458333 0.34821429
vt 0.56458333 0.34821429
vt 0.56458333 0.34821429
vt 0.56458333 0.34821429
vt 0.56458333 0.34821429
vt 0.56458333 0.34821429
vt 0.56458333 0.34821429
vt 0.56458333 0.34821429
vt 0.56458333 0.34821429
vt 0.56458333 0.34821429
vt 0.56458333 0.34821429
vt 0.56458333 0.34821429
vt 0.56458333 0.34821429
vt 0.56458333 0.34821429
vt 0.56458333 0.34821429
vt 0.56458333 0.34821429
vt 0.56458333 0.34821429
vt 0.56458333 0.34821429
vt 0.56458333 0.34821429
vt 0.56458333 0.34821429
vt 0.56458333 0.34821429
vt 0.56458333 0.34821429
vt 0.56458333 0.34821429
vt 0.56458333 0.34821429
vt 0.56458333 0.34821429
vt 0.56458333 0.34821429
vt 0.56458333 0.34821429
vt 0.56458333 0.34821429
vt 0.56458333 0.34821429
vt 0.56458333 0.34821429
vt 0.56458333 0.34821429
vt 0.56458333 0.34821429
vt 0.56458333 0.34821429
vt 0.56458333 0.34821429
vt 0.56458333 0.34821429
vt 0.56458333 0.34821429
vt 0.56458333 0.34821429
vt 0.56458333 0.34821429
vt 0.56458333 0.34821429
vt 0.56458333 0.34821429
vt 0.56458333 0.34821429
vt 0.56458333 0.34821429
vt 0.56458333 0.34821429
vt 0.56458333 0.34821429
vt 0.56458333 0.34821429
vt 0.56458333 0.34821429
vt 0.56458333 0.34821429
vt 0.56458333 0.34821429
vt 0.56458333 0.34821429
vt 0.56458333 0.34821429
vt 0.56458333 0.34821429
vt 0.56458333 0.34821429
vt 0.56458333 0.34821429
vt 0.56458333 0.34821429
vt 0.56458333 0.34821429
vt 0.56458333 0.34821429
vt 0.56458333 0.34821429
vt 0.56458333 0.34821429
vt 0.56458333 0.34821429
vt 0.56458333 0.34821429
vt 0.56458333 0.34821429
vt 0.56458333 0.34821429
vt 0.56458333 0.34821429
vt 0.56458333 0.34821429
vt 0.56458333 0.34821429
vt 0.56458333 0.34821429
vt 0.56458333 0.34821429
vt 0.56458333 0.34821429
vt 0.56458333 0.34821429
vt 0.56458333 0.34821429
vt 0.56458333 0.34821429
vt 0.56458333 0.34821429
vt 0.56458333 0.34821429
vt 0.56458333 0.34821429
vt 0.56458333 0.34821429
vt 0.56458333 0.34821429
vt 0.56458333 0.34821429
vt 0.56458333 0.34821429
vt 0.56458333 0.34821429
vt 0.56458333 0.34821429
vt 0.56458333 0.34821429
vt 0.56458333 0.34821429
vt 0.56458333 0.34821429
vt 0.56458333 0.34821429
vt 0.56458333 0.34821429
vt 0.56458333 0.34821429
vt 0.56458333 0.34821429
vt 0.56458333 0.34821429
vt 0.56458333 0.34821429
vt 0.56458333 0.34821429
vt 0.56458333 0.34821429
vt 0.56458333 0.34821429
vt 0.56458333 0.34821429
vt 0.56458333 0.34821429
vt 0.56458333 0.34821429
vt 0.56458333 0.34821429
vt 0.56458333 0.34821429
vt 0.56458333 0.34821429
vt 0.56458333 0.34821429
vt 0.56458333 0.34821429
vt 0.56458333 0.34821429
vt 0.56458333 0.34821429
vt 0.56458333 0.34821429
vt 0.56458333 0.34821429
vt 0.56458333 0.34821429
vt 0.56458333 0.34821429
vt 0.56458333 0.34821429
vt 0.56458333 0.34821429
vt 0.56458333 0.34821429
vt 0.56458333 0.34821429
vt 0.56458333 0.34821429
vt 0.56458333 0.34821429
vt 0.56458333 0.34821429
vt 0.56458333 0.34821429
vt 0.56458333 0.34821429
vt 0.56458333 0.34821429
vt 0.56458333 0.34821429
vt 0.56458333 0.34821429
vt 0.56458333 0.34821429
vt 0.56458333 0.34821429
vt 0.56458333 0.34821429
vt 0.56458333 0.34821429
vt 0.56458333 0.34821429
vt 0.56458333 0.34821429
vt 0.56458333 0.34821429
vt 0.56458333 0.34821429
vt 0.56458333 0.34821429
vt 0.56458333 0.34821429
vt 0.56458333 0.34821429
vt 0.56458333 0.34821429
vt 0.56458333 0.34821429
vt 0.56458333 0.34821429
vt 0.56458333 0.34821429
vt 0.56458333 0.34821429
vt 0.56458333 0.34821429
vt 0.56458333 0.34821429
vt 0.56458333 0.34821429
vt 0.56458333 0.34821429
vt 0.56458333 0.34821429
vt 0.56458333 0.34821429
vt 0.56458333 0.34821429
vt 0.56458333 0.34821429
vt 0.56458333 0.34821429
vt 0.56458333 0.34821429
vt 0.56458333 0.34821429
vt 0.56458333 0.34821429
vt 0.56458333 0.34821429
vt 0.56458333 0.34821429
vt 0.56458333 0.34821429
vt 0.56458333 0.34821429
vt 0.56458333 0.34821429
vt 0.56458333 0.34821429
vt 0.56458333 0.34821429
vt 0.56458333 0.34821429
vt 0.56458333 0.34821429
vt 0.56458333 0.34821429
vt 0.56458333 0.34821429
vt 0.56458333 0.34821429
vt 0.56458333 0.34821429
vt 0.56458333 0.34821429
vt 0.56458333 0.34821429
vt 0.56458333 0.34821429
vt 0.56458333 0.34821429
vt 0.56458333 0.34821429
vt 0.56458333 0.34821429
vt 0.56458333 0.34821429
vt 0.56458333 0.34821429
vt 0.56458333 0.34821429
vt 0.56458333 0.34821429
vt 0.56458333 0.34821429
vt 0.56458333 0.34821429
vt 0.56458333 0.34821429
vt 0.56458333 0.34821429
vt 0.56458333 0.34821429
vt 0.56458333 0.34821429
vt 0.56458333 0.34821429
vt 0.56458333 0.34821429
vt 0.56458333 0.34821429
vt 0.56458333 0.34821429
vt 0.56458333 0.34821429
vt 0.56458333 0.34821429
vt 0.56458333 0.34821429
vt 0.56458333 0.34821429
vt 0.56458333 0.34821429
vt 0.56458333 0.34821429
vt 0.56458333 0.34821429
vt 0.56458333 0.34821429
vt 0.56458333 0.34821429
vt 0.56458333 0.34821429
vt 0.56458333 0.34821429
vt 0.56458333 0.34821429
vt 0.56458333 0.34821429
vt 0.56458333 0.34821429
vt 0.56458333 0.34821429
vt 0.56458333 0.34821429
vt 0.56458333 0.34821429
vt 0.56458333 0.34821429
vt 0.56458333 0.34821429
vt 0.56458333 0.34821429
vt 0.56458333 0.34821429
vt 0.56458333 0.34821429
vt 0.56458333 0.34821429
vt 0.56458333 0.34821429
vt 0.56458333 0.34821429
vt 0.56458333 0.34821429
vt 0.56458333 0.34821429
vt 0.56458333 0.34821429
vt 0.56458333 0.34821429
vt 0.56458333 0.34821429
vt 0.56458333 0.34821429
vt 0.56458333 0.34821429
vt 0.56458333 0.34821429
vt 0.56458333 0.34821429
vt 0.56458333 0.34821429
vt 0.56458333 0.34821429
vt 0.56458333 0.34821429
vt 0.56458333 0.34821429
vt 0.56458333 0.34821429
vt 0.56458333 0.34821429
vt 0.56458333 0.34821429
vt 0.56458333 0.34821429
vt 0.56458333 0.34821429
vt 0.56458333 0.34821429
vt 0.56458333 0.34821429
vt 0.56458333 0.34821429
vt 0.56458333 0.34821429
vt 0.56458333 0.34821429
vt 0.56458333 0.34821429
vt 0.56458333 0.34821429
vt 0.56458333 0.34821429
vt 0.56458333 0.34821429
vt 0.56458333 0.34821429
vt 0.56458333 0.34821429
vt 0.56458333 0.34821429
vt 0.56458333 0.34821429
vt 0.56458333 0.34821429
vt 0.56458333 0.34821429
vt 0.56458333 0.34821429
vt 0.56458333 0.34821429
vt 0.56458333 0.34821429
vt 0.56458333 0.34821429
vt 0.56458333 0.34821429
vt 0.56458333 0.34821429
vt 0.56458333 0.34821429
vt 0.56458333 0.34821429
vt 0.56458333 0.34821429
vt 0.56458333 0.34821429
vt 0.56458333 0.34821429
vt 0.56458333 0.34821429
vt 0.56458333 0.34821429
vt 0.56458333 0.34821429
vt 0.56458333 0.34821429
vt 0.56458333 0.34821429
vt 0.56458333 0.34821429
vt 0.56458333 0.34821429
vt 0.56458333 0.34821429
vt 0.56458333 0.34821429
vt 0.56458333 0.34821429
vt 0.56458333 0.34821429
vt 0.56458333 0.34821429
vt 0.56458333 0.34821429
vt 0.56458333 0.34821429
vt 0.56458333 0.34821429
vt 0.56458333 0.34821429
vt 0.56458333 0.34821429
vt 0.56458333 0.34821429
vt 0.56458333 0.34821429
vt 0.56458333 0.34821429
vt 0.56458333 0.34821429
vt 0.56458333 0.34821429
vt 0.56458333 0.34821429
vt 0.56458333 0.34821429
vt 0.56458333 0.34821429
vt 0.56458333 0.34821429
vt 0.56458333 0.34821429
vt 0.56458333 0.34821429
vt 0.56458333 0.34821429
vt 0.56458333 0.34821429
vt 0.56458333 0.34821429
vt 0.56458333 0.34821429
vt 0.56458333 0.34821429
vt 0.56458333 0.34821429
vt 0.56458333 0.34821429
vt 0.56458333 0.34821429
vt 0.56458333 0.34821429
vt 0.56458333 0.34821429
vt 0.56458333 0.34821429
vt 0.56458333 0.34821429
vt 0.56458333 0.34821429
vt 0.56458333 0.34821429
vt 0.56458333 0.34821429
vt 0.56458333 0.34821429
vt 0.56458333 0.34821429
vt 0.56458333 0.34821429
vt 0.56458333 0.34821429
vt 0.56458333 0.34821429
vt 0.56458333 0.34821429
vt 0.56458333 0.34821429
vt 0.56458333 0.34821429
vt 0.56458333 0.34821429
vt 0.56458333 0.34821429
vt 0.56458333 0.34821429
vt 0.56458333 0.34821429
vt 0.56458333 0.34821429
vt 0.56458333 0.34821429
vt 0.56458333 0.34821429
vt 0.56458333 0.34821429
vt 0.56458333 0.34821429
vt 0.56458333 0.34821429
vt 0.56458333 0.34821429
vt 0.56458333 0.34821429
vt 0.56458333 0.34821429
vt 0.56458333 0.34821429
vt 0.56458333 0.34821429
vt 0.56458333 0.34821429
vt 0.56458333 0.34821429
vt 0.56458333 0.34821429
vt 0.56458333 0.34821429
vt 0.56458333 0.34821429
vt 0.56458333 0.34821429
vt 0.56458333 0.34821429
vt 0.56458333 0.34821429
vt 0.56458333 0.34821429
vt 0.56458333 0.34821429
vt 0.56458333 0.34821429
vt 0.56458333 0.34821429
vt 0.56458333 0.34821429
vt 0.56458333 0.34821429
vt 0.56458333 0.34821429
vt 0.16458333 0.34821429
vt 0.16458333 0.34821429
vt 0.16458333 0.34821429
vt 0.16458333 0.34821429
vt 0.16458333 0.34821429
vt 0.16458333 0.34821429
vt 0.16458333 0.34821429
vt 0.16458333 0.34821429
vt 0.16458333 0.34821429
vt 0.16458333 0.34821429
vt 0.16458333 0.34821429
vt 0.16458333 0.34821429
vt 0.16458333 0.34821429
vt 0.16458333 0.34821429
vt 0.16458333 0.34821429
vt 0.16458333 0.34821429
vt 0.16458333 0.34821429
vt 0.16458333 0.34821429
vt 0.16458333 0.34821429
vt 0.16458333 0.34821429
vt 0.16458333 0.34821429
vt 0.16458333 0.34821429
vt 0.16458333 0.34821429
vt 0.16458333 0.34821429
vt 0.16458333 0.34821429
vt 0.16458333 0.34821429
vt 0.16458333 0.34821429
vt 0.16458333 0.34821429
vt 0.16458333 0.34821429
vt 0.16458333 0.34821429
vt 0.16458333 0.34821429
vt 0.16458333 0.34821429
vt 0.16458333 0.34821429
vt 0.16458333 0.34821429
vt 0.16458333 0.34821429
vt 0.16458333 0.34821429
vt 0.16458333 0.34821429
vt 0.16458333 0.34821429
vt 0.16458333 0.34821429
vt 0.16458333 0.34821429
vt 0.16458333 0.34821429
vt 0.16458333 0.34821429
vt 0.16458333 0.34821429
vt 0.16458333 0.34821429
vt 0.16458333 0.34821429
vt 0.16458333 0.34821429
vt 0.16458333 0.34821429
vt 0.16458333 0.34821429
vt 0.16458333 0.34821429
vt 0.16458333 0.34821429
vt 0.16458333 0.34821429
vt 0.16458333 0.34821429
vt 0.16458333 0.34821429
vt 0.16458333 0.34821429
f 1/1 2/2 3/3
f 3/3 2/2 4/4
f 3/3 4/4 5/5
f 5/5 4/4 6/6
f 5/5 6/6 7/7
f 7/7 6/6 8/8
f 7/7 8/8 9/9
f 9/9 8/8 10/10
f 9/9 10/10 11/11
f 11/11 10/10 12/12
f 11/11 12/12 13/13
f 13/13 12/12 14/14
f 13/13 14/14 15/15
f 15/15 14/14 16/16
f 17/17 18/18 19/19
f 19/19 18/18 20/20
f 19/19 20/20 21/21
f 21/21 20/20 22/22
f 21/21 22/22 23/23
f 23/23 22/22 24/24
f 23/23 24/24 25/25
f 25/25 24/24 26/26
f 25/25 26/26 27/27
f 27/27 26/26 28/28
f 27/27 28/28 29/29
f 29/29 28/28 30/30
f 29/29 30/30 31/31
f 31/31 30/30 32/32
f 33/33 34/34 35/35
f 35/35 34/34 36/36
f 35/35 36/36 37/37
f 37/37 36/36 38/38
f 37/37 38/38 39/39
f 39/39 38/38 40/40
f 39/39 40/40 41/41
f 41/41 40/40 42/42
f 41/41 42/42 43/43
f 43/43 42/42 44/44
f 43/43 44/44 45/45
f 45/45 44/44 46/46
f 47/47 48/48 49/49
f 49/49 48/48 50/50
f 49/49 50/50 51/51
f 51/51 50/50 52/52
f 51/51 52/52 53/53
f 53/53 52/52 54/54
f 53/53 54/54 55/55
f 55/55 54/54 56/56
f 55/55 56/56 57/57
f 57/57 56/56 58/58
f 57/57 58/58 59/59
f 59/59 58/58 60/60
f 61/61 62/62 63/63
f 63/63 62/62 64/64
f 63/63 64/64 65/65
f 65/65 64/64 66/66
f 65/65 66/66 67/67
f 67/67 66/66 68/68
f 67/67 68/68 69/69
f 69/69 68/68 70/70
f 69/69 70/70 71/71
f 71/71 70/70 72/72
f 71/71 72/72 73/73
f 73/73 72/72 74/74
f 73/73 74/74 75/75
f 75/75 74/74 76/76
f 77/77 78/78 79/79
f 79/79 78/78 80/80
f 79/79 80/80 81/81
f 81/81 80/80 82/82
f 81/81 82/82 83/83
f 83/83 82/82 84/84
f 83/83 84/84 85/85
f 85/85 84/84 86/86
f 85/85 86/86 87/87
f 87/87 86/86 88/88
f 87/87 88/88 89/89
f 89/89 88/88 90/90
f 89/89 90/90 91/91
f 91/91 90/90 92/92
f 93/93 94/94 95/95
f 95/95 94/94 96/96
f 95/95 96/96 97/97
f 97/97 96/96 98/98
f 98/98 96/96 99/99
f 98/98 99/99 100/100
f 100/100 99/99 101/101
f 101/101 99/99 102/102
f 101/101 102/102 103/103
f 103/103 102/102 104/104
f 104/104 102/102 105/105
f 104/104 105/105 106/106
f 106/106 105/105 107/107
f 106/106 107/107 108/108
f 109/109 110/110 107/107
f 107/107 110/110 111/111
f 107/107 111/111 108/108
f 112/112 113/113 114/114
f 114/114 113/113 115/115
f 114/114 115/115 116/116
f 116/116 115/115 117/117
f 117/117 115/115 118/118
f 117/117 118/118 119/119
f 119/119 118/118 120/120
f 120/120 118/118 121/121
f 120/120 121/121 122/122
f 122/122 121/121 123/123
f 123/123 121/121 124/124
f 123/123 124/124 125/125
f 125/125 124/124 126/126
f 125/125 126/126 127/127
f 128/128 129/129 126/126
f 126/126 129/129 130/130
f 126/126 130/130 127/127
f 131/131 132/132 133/133
f 134/134 135/135 136/136
f 137/137 138/138 139/139
f 139/139 138/138 140/140
f 139/139 140/140 141/141
f 141/141 140/140 142/142
f 143/143 144/144 142/142
f 142/142 144/144 145/145
f 142/142 145/145 141/141
f 146/146 147/147 143/143
f 143/143 147/147 148/148
f 143/143 148/148 144/144
f 138/138 134/134 140/140
f 140/140 134/134 136/136
f 140/140 136/136 142/142
f 142/142 136/136 149/149
f 142/142 149/149 143/143
f 143/143 149/149 150/150
f 143/143 150/150 146/146
f 146/146 150/150 151/151
f 135/135 131/131 136/136
f 136/136 131/131 133/133
f 136/136 133/133 149/149
f 149/149 133/133 152/152
f 149/149 152/152 150/150
f 150/150 152/152 153/153
f 150/150 153/153 151/151
f 151/151 153/153 154/154
f 132/132 155/155 133/133
f 133/133 155/155 156/156
f 133/133 156/156 152/152
f 152/152 156/156 157/157
f 152/152 157/157 153/153
f 153/153 157/157 158/158
f 153/153 158/158 154/154
f 154/154 158/158 159/159
f 160/160 161/161 162/162
f 163/163 164/164 165/165
f 165/165 164/164 166/166
f 167/167 168/168 169/169
f 169/169 168/168 170/170
f 169/169 170/170 166/166
f 166/166 170/170 171/171
f 166/166 171/171 165/165
f 164/164 172/172 166/166
f 166/166 172/172 173/173
f 166/166 173/173 169/169
f 169/169 173/173 174/174
f 169/169 174/174 167/167
f 167/167 174/174 162/162
f 175/175 176/176 167/167
f 167/167 176/176 177/177
f 167/167 177/177 168/168
f 162/162 161/161 167/167
f 167/167 161/161 178/178
f 167/167 178/178 175/175
f 179/179 160/160 180/180
f 180/180 160/160 162/162
f 180/180 162/162 181/181
f 181/181 162/162 174/174
f 181/181 174/174 182/182
f 182/182 174/174 173/173
f 182/182 173/173 183/183
f 183/183 173/173 172/172
f 183/183 159/159 182/182
f 182/182 159/159 158/158
f 182/182 158/158 181/181
f 181/181 158/158 157/157
f 181/181 157/157 180/180
f 180/180 157/157 156/156
f 180/180 156/156 179/179
f 179/179 156/156 155/155
f 184/184 137/137 185/185
f 185/185 137/137 139/139
f 185/185 139/139 186/186
f 186/186 139/139 141/141
f 186/186 141/141 187/187
f 187/187 141/141 145/145
f 187/187 145/145 188/188
f 188/188 145/145 144/144
f 188/188 144/144 189/189
f 189/189 144/144 148/148
f 189/189 148/148 190/190
f 190/190 148/148 147/147
f 191/191 163/163 192/192
f 192/192 163/163 165/165
f 192/192 165/165 193/193
f 193/193 165/165 171/171
f 193/193 171/171 194/194
f 194/194 171/171 170/170
f 194/194 170/170 195/195
f 195/195 170/170 168/168
f 195/195 168/168 196/196
f 196/196 168/168 177/177
f 196/196 177/177 197/197
f 197/197 177/177 176/176
f 198/198 199/199 200/200
f 201/201 202/202 203/203
f 204/204 205/205 206/206
f 207/207 208/208 209/209
f 210/210 211/211 212/212
f 213/213 214/214 184/184
f 184/184 185/185 213/213
f 213/213 185/185 186/186
f 213/213 186/186 215/215
f 216/216 217/217 218/218
f 218/218 217/217 219/219
f 218/218 219/219 220/220
f 220/220 219/219 221/221
f 220/220 221/221 222/222
f 222/222 221/221 223/223
f 217/217 224/224 219/219
f 219/219 224/224 225/225
f 219/219 225/225 221/221
f 221/221 225/225 226/226
f 221/221 226/226 223/223
f 223/223 226/226 227/227
f 224/224 228/228 225/225
f 225/225 228/228 229/229
f 225/225 229/229 226/226
f 226/226 229/229 230/230
f 226/226 230/230 227/227
f 227/227 230/230 231/231
f 232/232 216/216 233/233
f 233/233 216/216 218/218
f 233/233 218/218 234/234
f 234/234 218/218 220/220
f 234/234 220/220 235/235
f 235/235 220/220 222/222
f 235/235 222/222 236/236
f 236/236 222/222 237/237
f 238/238 239/239 231/231
f 231/231 239/239 240/240
f 231/231 240/240 227/227
f 227/227 240/240 241/241
f 227/227 241/241 223/223
f 223/223 241/241 242/242
f 223/223 242/242 222/222
f 222/222 242/242 243/243
f 222/222 243/243 237/237
f 211/211 238/238 212/212
f 212/212 238/238 231/231
f 212/212 231/231 244/244
f 244/244 231/231 230/230
f 244/244 230/230 245/245
f 245/245 230/230 229/229
f 245/245 229/229 246/246
f 246/246 229/229 228/228
f 247/247 210/210 248/248
f 248/248 210/210 212/212
f 248/248 212/212 249/249
f 249/249 212/212 244/244
f 249/249 244/244 250/250
f 250/250 244/244 245/245
f 250/250 245/245 251/251
f 251/251 245/245 246/246
f 251/251 252/252 250/250
f 250/250 252/252 253/253
f 250/250 253/253 249/249
f 249/249 253/253 254/254
f 249/249 254/254 248/248
f 248/248 254/254 209/209
f 248/248 209/209 247/247
f 247/247 209/209 208/208
f 205/205 207/207 206/206
f 206/206 207/207 209/209
f 206/206 209/209 255/255
f 255/255 209/209 254/254
f 255/255 254/254 256/256
f 256/256 254/254 253/253
f 256/256 253/253 257/257
f 257/257 253/253 252/252
f 258/258 204/204 259/259
f 259/259 204/204 206/206
f 259/259 206/206 260/260
f 260/260 206/206 255/255
f 260/260 255/255 261/261
f 261/261 255/255 256/256
f 261/261 256/256 262/262
f 262/262 256/256 257/257
f 262/262 263/263 261/261
f 261/261 263/263 264/264
f 261/261 264/264 260/260
f 260/260 264/264 265/265
f 260/260 265/265 259/259
f 259/259 265/265 203/203
f 259/259 203/203 258/258
f 258/258 203/203 202/202
f 199/199 201/201 200/200
f 200/200 201/201 203/203
f 200/200 203/203 266/266
f 266/266 203/203 265/265
f 266/266 265/265 267/267
f 267/267 265/265 264/264
f 267/267 264/264 268/268
f 268/268 264/264 263/263
f 269/269 198/198 270/270
f 270/270 198/198 200/200
f 270/270 200/200 215/215
f 215/215 200/200 266/266
f 215/215 266/266 213/213
f 213/213 266/266 267/267
f 213/213 267/267 214/214
f 214/214 267/267 268/268
f 186/186 187/187 215/215
f 215/215 187/187 188/188
f 215/215 188/188 270/270
f 270/270 188/188 189/189
f 270/270 189/189 269/269
f 269/269 189/189 190/190
f 271/271 272/272 273/273
f 274/274 271/271 275/275
f 275/275 271/271 273/273
f 275/275 273/273 276/276
f 276/276 273/273 277/277
f 277/277 278/278 276/276
f 276/276 278/278 279/279
f 276/276 279/279 280/280
f 280/280 279/279 281/281
f 280/280 281/281 282/282
f 281/281 283/283 282/282
f 282/282 283/283 284/284
f 282/282 284/284 285/285
f 286/286 287/287 288/288
f 288/288 287/287 289/289
f 288/288 289/289 290/290
f 290/290 289/289 285/285
f 290/290 285/285 291/291
f 291/291 285/285 284/284
f 292/292 293/293 294/294
f 294/294 293/293 274/274
f 274/274 275/275 294/294
f 294/294 275/275 276/276
f 294/294 276/276 295/295
f 295/295 276/276 280/280
f 295/295 280/280 296/296
f 296/296 280/280 282/282
f 296/296 282/282 297/297
f 297/297 282/282 285/285
f 297/297 285/285 298/298
f 298/298 285/285 289/289
f 298/298 289/289 299/299
f 299/299 289/289 287/287
f 299/299 287/287 300/300
f 301/301 302/302 303/303
f 303/303 302/302 292/292
f 292/292 294/294 303/303
f 303/303 294/294 295/295
f 303/303 295/295 304/304
f 304/304 295/295 296/296
f 304/304 296/296 305/305
f 305/305 296/296 297/297
f 305/305 297/297 306/306
f 306/306 297/297 298/298
f 306/306 298/298 307/307
f 307/307 298/298 299/299
f 307/307 299/299 308/308
f 308/308 299/299 300/300
f 308/308 300/300 309/309
f 301/301 303/303 310/310
f 310/310 303/303 304/304
f 310/310 304/304 311/311
f 311/311 304/304 305/305
f 311/311 305/305 312/312
f 312/312 305/305 306/306
f 312/312 306/306 313/313
f 313/313 306/306 307/307
f 313/313 307/307 314/314
f 314/314 307/307 308/308
f 314/314 308/308 315/315
f 315/315 308/308 309/309
f 315/315 309/309 316/316
f 317/317 232/232 233/233
f 317/317 233/233 318/318
f 318/318 233/233 234/234
f 318/318 234/234 319/319
f 319/319 234/234 235/235
f 319/319 235/235 320/320
f 320/320 235/235 236/236
f 320/320 236/236 321/321
f 301/301 322/322 302/302
f 302/302 322/322 323/323
f 302/302 323/323 292/292
f 292/292 323/323 324/324
f 292/292 324/324 293/293
f 293/293 324/324 325/325
f 293/293 325/325 274/274
f 274/274 325/325 326/326
f 274/274 326/326 271/271
f 271/271 326/326 327/327
f 271/271 327/327 272/272
f 272/272 327/327 328/328
f 329/329 330/330 331/331
f 332/332 333/333 334/334
f 335/335 336/336 337/337
f 337/337 336/336 338/338
f 337/337 338/338 339/339
f 339/339 338/338 340/340
f 339/339 340/340 341/341
f 341/341 340/340 342/342
f 341/341 342/342 343/343
f 343/343 342/342 344/344
f 336/336 332/332 338/338
f 338/338 332/332 334/334
f 338/338 334/334 340/340
f 340/340 334/334 345/345
f 340/340 345/345 342/342
f 342/342 345/345 346/346
f 342/342 346/346 344/344
f 344/344 346/346 347/347
f 333/333 329/329 334/334
f 334/334 329/329 331/331
f 334/334 331/331 345/345
f 345/345 331/331 348/348
f 345/345 348/348 346/346
f 346/346 348/348 349/349
f 346/346 349/349 347/347
f 347/347 349/349 350/350
f 330/330 317/317 331/331
f 331/331 317/317 318/318
f 331/331 318/318 348/348
f 348/348 318/318 319/319
f 348/348 319/319 349/349
f 349/349 319/319 320/320
f 349/349 320/320 350/350
f 350/350 320/320 321/321
f 351/351 352/352 353/353
f 354/354 355/355 328/328
f 356/356 357/357 358/358
f 358/358 357/357 359/359
f 358/358 359/359 360/360
f 360/360 359/359 361/361
f 360/360 361/361 353/353
f 353/353 361/361 362/362
f 357/357 355/355 359/359
f 359/359 355/355 354/354
f 359/359 354/354 361/361
f 361/361 354/354 363/363
f 361/361 363/363 362/362
f 362/362 363/363 364/364
f 328/328 327/327 354/354
f 354/354 327/327 326/326
f 354/354 326/326 363/363
f 363/363 326/326 325/325
f 363/363 325/325 364/364
f 364/364 325/325 324/324
f 364/364 324/324 323/323
f 343/343 356/356 341/341
f 341/341 356/356 358/358
f 341/341 358/358 339/339
f 339/339 358/358 360/360
f 339/339 360/360 337/337
f 337/337 360/360 353/353
f 337/337 353/353 335/335
f 335/335 353/353 352/352
f 351/351 353/353 365/365
f 365/365 353/353 362/362
f 365/365 362/362 366/366
f 366/366 362/362 364/364
f 366/366 364/364 367/367
f 367/367 364/364 323/323
f 367/367 323/323 322/322
f 368/368 369/369 370/370
f 369/369 371/371 372/372
f 371/371 373/373 374/374
f 373/373 375/375 376/376
f 373/373 376/376 374/374
f 374/374 376/376 377/377
f 374/374 377/377 378/378
f 377/377 379/379 378/378
f 378/378 379/379 380/380
f 378/378 380/380 381/381
f 381/381 380/380 382/382
f 381/381 382/382 383/383
f 371/371 374/374 372/372
f 372/372 374/374 378/378
f 372/372 378/378 384/384
f 384/384 378/378 381/381
f 384/384 381/381 385/385
f 383/383 386/386 381/381
f 381/381 386/386 387/387
f 381/381 387/387 385/385
f 385/385 387/387 388/388
f 385/385 388/388 389/389
f 369/369 372/372 370/370
f 370/370 372/372 384/384
f 370/370 384/384 390/390
f 390/390 384/384 385/385
f 390/390 385/385 391/391
f 391/391 385/385 389/389
f 391/391 389/389 392/392
f 368/368 370/370 393/393
f 393/393 370/370 390/390
f 393/393 390/390 394/394
f 394/394 390/390 391/391
f 394/394 391/391 395/395
f 395/395 391/391 392/392
f 395/395 392/392 396/396
f 383/383 397/397 386/386
f 386/386 397/397 398/398
f 386/386 398/398 387/387
f 387/387 398/398 399/399
f 387/387 399/399 388/388
f 388/388 399/399 400/400
f 388/388 400/400 389/389
f 389/389 400/400 401/401
f 389/389 401/401 392/392
f 392/392 401/401 402/402
f 392/392 402/402 396/396
f 396/396 402/402 403/403
f 404/404 405/405 406/406
f 407/407 408/408 409/409
f 410/410 411/411 412/412
f 412/412 411/411 413/413
f 412/412 413/413 414/414
f 414/414 413/413 415/415
f 414/414 415/415 406/406
f 406/406 415/415 416/416
f 411/411 408/408 413/413
f 413/413 408/408 407/407
f 413/413 407/407 415/415
f 415/415 407/407 417/417
f 415/415 417/417 416/416
f 416/416 417/417 418/418
f 409/409 419/419 407/407
f 407/407 419/419 420/420
f 407/407 420/420 417/417
f 417/417 420/420 421/421
f 417/417 421/421 418/418
f 418/418 421/421 422/422
f 418/418 422/422 423/423
f 368/368 410/410 369/369
f 369/369 410/410 412/412
f 369/369 412/412 371/371
f 371/371 412/412 414/414
f 371/371 414/414 373/373
f 373/373 414/414 406/406
f 373/373 406/406 375/375
f 375/375 406/406 405/405
f 404/404 406/406 424/424
f 424/424 406/406 416/416
f 424/424 416/416 425/425
f 425/425 416/416 418/418
f 425/425 418/418 426/426
f 426/426 418/418 423/423
f 426/426 423/423 427/427
f 428/428 429/429 430/430
f 431/431 432/432 403/403
f 429/429 433/433 434/434
f 429/429 434/434 430/430
f 430/430 434/434 435/435
f 430/430 435/435 436/436
f 435/435 437/437 436/436
f 436/436 437/437 438/438
f 436/436 438/438 439/439
f 438/438 440/440 439/439
f 439/439 440/440 441/441
f 439/439 441/441 442/442
f 442/442 441/441 443/443
f 442/442 443/443 444/444
f 443/443 445/445 444/444
f 444/444 445/445 446/446
f 444/444 446/446 447/447
f 446/446 448/448 447/447
f 447/447 448/448 449/449
f 447/447 449/449 450/450
f 450/450 449/449 451/451
f 450/450 451/451 452/452
f 451/451 453/453 452/452
f 452/452 453/453 454/454
f 452/452 454/454 455/455
f 454/454 456/456 455/455
f 455/455 456/456 457/457
f 455/455 457/457 458/458
f 458/458 457/457 459/459
f 458/458 459/459 460/460
f 460/460 459/459 461/461
f 460/460 461/461 431/431
f 431/431 461/461 462/462
f 431/431 462/462 432/432
f 463/463 464/464 465/465
f 465/465 464/464 428/428
f 428/428 430/430 465/465
f 465/465 430/430 436/436
f 465/465 436/436 466/466
f 466/466 436/436 439/439
f 466/466 439/439 467/467
f 467/467 439/439 442/442
f 467/467 442/442 468/468
f 468/468 442/442 444/444
f 468/468 444/444 469/469
f 469/469 444/444 447/447
f 469/469 447/447 470/470
f 470/470 447/447 450/450
f 470/470 450/450 471/471
f 471/471 450/450 452/452
f 471/471 452/452 472/472
f 472/472 452/452 455/455
f 472/472 455/455 473/473
f 473/473 455/455 458/458
f 473/473 458/458 474/474
f 474/474 458/458 460/460
f 474/474 460/460 475/475
f 475/475 460/460 431/431
f 475/475 431/431 476/476
f 477/477 478/478 479/479
f 479/479 478/478 463/463
f 403/403 402/402 431/431
f 431/431 402/402 401/401
f 431/431 401/401 476/476
f 476/476 401/401 400/400
f 476/476 400/400 399/399
f 463/463 465/465 479/479
f 479/479 465/465 466/466
f 479/479 466/466 480/480
f 480/480 466/466 467/467
f 480/480 467/467 481/481
f 481/481 467/467 468/468
f 481/481 468/468 482/482
f 482/482 468/468 469/469
f 482/482 469/469 483/483
f 483/483 469/469 470/470
f 483/483 470/470 484/484
f 484/484 470/470 471/471
f 484/484 471/471 485/485
f 485/485 471/471 472/472
f 485/485 472/472 486/486
f 486/486 472/472 473/473
f 486/486 473/473 487/487
f 487/487 473/473 474/474
f 487/487 474/474 488/488
f 488/488 474/474 475/475
f 488/488 475/475 489/489
f 489/489 475/475 476/476
f 489/489 476/476 490/490
f 490/490 476/476 399/399
f 490/490 399/399 398/398
f 477/477 479/479 491/491
f 491/491 479/479 480/480
f 491/491 480/480 492/492
f 492/492 480/480 481/481
f 492/492 481/481 493/493
f 493/493 481/481 482/482
f 493/493 482/482 494/494
f 494/494 482/482 483/483
f 494/494 483/483 495/495
f 495/495 483/483 484/484
f 495/495 484/484 496/496
f 496/496 484/484 485/485
f 496/496 485/485 497/497
f 497/497 485/485 486/486
f 497/497 486/486 498/498
f 498/498 486/486 487/487
f 498/498 487/487 499/499
f 499/499 487/487 488/488
f 499/499 488/488 500/500
f 500/500 488/488 489/489
f 500/500 489/489 501/501
f 501/501 489/489 490/490
f 501/501 490/490 502/502
f 502/502 490/490 398/398
f 502/502 398/398 397/397
f 503/503 427/427 504/504
f 504/504 427/427 423/423
f 504/504 423/423 505/505
f 505/505 423/423 422/422
f 505/505 422/422 506/506
f 506/506 422/422 421/421
f 506/506 421/421 507/507
f 507/507 421/421 420/420
f 507/507 420/420 508/508
f 508/508 420/420 419/419
f 508/508 419/419 509/509
f 509/509 419/419 409/409
f 510/510 433/433 511/511
f 511/511 433/433 429/429
f 511/511 429/429 512/512
f 512/512 429/429 428/428
f 512/512 428/428 513/513
f 513/513 428/428 464/464
f 513/513 464/464 514/514
f 514/514 464/464 463/463
f 514/514 463/463 515/515
f 515/515 463/463 478/478
f 515/515 478/478 516/516
f 516/516 478/478 477/477
f 507/507 508/508 517/517
f 518/518 519/519 520/520
f 508/508 509/509 521/521
f 508/508 521/521 517/517
f 517/517 521/521 522/522
f 517/517 522/522 523/523
f 522/522 524/524 523/523
f 523/523 524/524 525/525
f 523/523 525/525 526/526
f 525/525 527/527 526/526
f 526/526 527/527 528/528
f 526/526 528/528 529/529
f 529/529 528/528 530/530
f 529/529 530/530 531/531
f 530/530 532/532 531/531
f 531/531 532/532 533/533
f 531/531 533/533 534/534
f 533/533 535/535 534/534
f 534/534 535/535 536/536
f 534/534 536/536 537/537
f 537/537 536/536 538/538
f 537/537 538/538 539/539
f 538/538 540/540 539/539
f 539/539 540/540 541/541
f 539/539 541/541 542/542
f 541/541 543/543 542/542
f 542/542 543/543 544/544
f 542/542 544/544 545/545
f 545/545 544/544 546/546
f 545/545 546/546 547/547
f 547/547 546/546 548/548
f 547/547 548/548 518/518
f 518/518 548/548 549/549
f 518/518 549/549 519/519
f 505/505 506/506 550/550
f 550/550 506/506 507/507
f 507/507 517/517 550/550
f 550/550 517/517 523/523
f 550/550 523/523 551/551
f 551/551 523/523 526/526
f 551/551 526/526 552/552
f 552/552 526/526 529/529
f 552/552 529/529 553/553
f 553/553 529/529 531/531
f 553/553 531/531 554/554
f 554/554 531/531 534/534
f 554/554 534/534 555/555
f 555/555 534/534 537/537
f 555/555 537/537 556/556
f 556/556 537/537 539/539
f 556/556 539/539 557/557
f 557/557 539/539 542/542
f 557/557 542/542 558/558
f 558/558 542/542 545/545
f 558/558 545/545 559/559
f 559/559 545/545 547/547
f 559/559 547/547 560/560
f 560/560 547/547 518/518
f 560/560 518/518 561/561
f 503/503 504/504 562/562
f 562/562 504/504 505/505
f 520/520 563/563 518/518
f 518/518 563/563 564/564
f 518/518 564/564 561/561
f 561/561 564/564 565/565
f 561/561 565/565 566/566
f 505/505 550/550 562/562
f 562/562 550/550 551/551
f 562/562 551/551 567/567
f 567/567 551/551 552/552
f 567/567 552/552 568/568
f 568/568 552/552 553/553
f 568/568 553/553 569/569
f 569/569 553/553 554/554
f 569/569 554/554 570/570
f 570/570 554/554 555/555
f 570/570 555/555 571/571
f 571/571 555/555 556/556
f 571/571 556/556 572/572
f 572/572 556/556 557/557
f 572/572 557/557 573/573
f 573/573 557/557 558/558
f 573/573 558/558 574/574
f 574/574 558/558 559/559
f 574/574 559/559 575/575
f 575/575 559/559 560/560
f 575/575 560/560 576/576
f 576/576 560/560 561/561
f 576/576 561/561 577/577
f 577/577 561/561 566/566
f 577/577 566/566 578/578
f 503/503 562/562 579/579
f 579/579 562/562 567/567
f 579/579 567/567 580/580
f 580/580 567/567 568/568
f 580/580 568/568 581/581
f 581/581 568/568 569/569
f 581/581 569/569 582/582
f 582/582 569/569 570/570
f 582/582 570/570 583/583
f 583/583 570/570 571/571
f 583/583 571/571 584/584
f 584/584 571/571 572/572
f 584/584 572/572 585/585
f 585/585 572/572 573/573
f 585/585 573/573 586/586
f 586/586 573/573 574/574
f 586/586 574/574 587/587
f 587/587 574/574 575/575
f 587/587 575/575 588/588
f 588/588 575/575 576/576
f 588/588 576/576 589/589
f 589/589 576/576 577/577
f 589/589 577/577 590/590
f 590/590 577/577 578/578
f 590/590 578/578 591/591
f 592/592 593/593 594/594
f 595/595 596/596 597/597
f 516/516 598/598 515/515
f 515/515 598/598 599/599
f 515/515 599/599 514/514
f 514/514 599/599 600/600
f 601/601 512/512 600/600
f 600/600 512/512 513/513
f 600/600 513/513 514/514
f 602/602 510/510 601/601
f 601/601 510/510 511/511
f 601/601 511/511 512/512
f 598/598 595/595 599/599
f 599/599 595/595 597/597
f 599/599 597/597 600/600
f 600/600 597/597 603/603
f 600/600 603/603 601/601
f 601/601 603/603 604/604
f 601/601 604/604 602/602
f 602/602 604/604 605/605
f 596/596 592/592 597/597
f 597/597 592/592 594/594
f 597/597 594/594 603/603
f 603/603 594/594 606/606
f 603/603 606/606 604/604
f 604/604 606/606 607/607
f 604/604 607/607 605/605
f 605/605 607/607 608/608
f 593/593 609/609 594/594
f 594/594 609/609 610/610
f 594/594 610/610 606/606
f 606/606 610/610 611/611
f 606/606 611/611 607/607
f 607/607 611/611 612/612
f 607/607 612/612 608/608
f 608/608 612/612 613/613
f 520/520 614/614 563/563
f 563/563 614/614 615/615
f 563/563 615/615 564/564
f 564/564 615/615 616/616
f 564/564 616/616 565/565
f 565/565 616/616 617/617
f 565/565 617/617 566/566
f 566/566 617/617 618/618
f 566/566 618/618 578/578
f 578/578 618/618 619/619
f 578/578 619/619 591/591
f 591/591 619/619 620/620
f 621/621 622/622 623/623
f 614/614 624/624 615/615
f 615/615 624/624 625/625
f 626/626 618/618 627/627
f 627/627 618/618 617/617
f 627/627 617/617 625/625
f 625/625 617/617 616/616
f 625/625 616/616 615/615
f 624/624 628/628 625/625
f 625/625 628/628 629/629
f 625/625 629/629 627/627
f 627/627 629/629 630/630
f 627/627 630/630 626/626
f 626/626 630/630 623/623
f 631/631 620/620 626/626
f 626/626 620/620 619/619
f 626/626 619/619 618/618
f 623/623 622/622 626/626
f 626/626 622/622 632/632
f 626/626 632/632 631/631
f 633/633 621/621 634/634
f 634/634 621/621 623/623
f 634/634 623/623 635/635
f 635/635 623/623 630/630
f 635/635 630/630 636/636
f 636/636 630/630 629/629
f 636/636 629/629 637/637
f 637/637 629/629 628/628
f 637/637 613/613 636/636
f 636/636 613/613 612/612
f 636/636 612/612 635/635
f 635/635 612/612 611/611
f 635/635 611/611 634/634
f 634/634 611/611 610/610
f 634/634 610/610 633/633
f 633/633 610/610 609/609
f 638/638 639/639 640/640
f 640/640 639/639 641/641
f 640/640 641/641 642/642
f 642/642 641/641 643/643
f 642/642 643/643 644/644
f 644/644 643/643 645/645
f 644/644 645/645 646/646
f 646/646 645/645 647/647
f 648/648 649/649 650/650
f 650/650 649/649 651/651
f 650/650 651/651 652/652
f 652/652 651/651 653/653
f 652/652 653/653 654/654
f 654/654 653/653 655/655
f 654/654 655/655 656/656
f 656/656 655/655 657/657
f 658/658 659/659 660/660
f 660/660 659/659 661/661
f 662/662 663/663 664/664
f 664/664 663/663 665/665
f 666/666 667/667 668/668
f 668/668 667/667 669/669
f 670/670 671/671 672/672
f 672/672 671/671 673/673
f 335/335 155/155 336/336
f 336/336 155/155 132/132
f 336/336 132/132 332/332
f 332/332 132/132 131/131
f 332/332 131/131 333/333
f 333/333 131/131 135/135
f 333/333 135/135 329/329
f 329/329 135/135 134/134
f 329/329 134/134 330/330
f 330/330 134/134 138/138
f 330/330 138/138 317/317
f 317/317 138/138 137/137
f 516/516 383/383 598/598
f 598/598 383/383 382/382
f 598/598 382/382 595/595
f 595/595 382/382 380/380
f 595/595 380/380 596/596
f 596/596 380/380 379/379
f 596/596 379/379 592/592
f 592/592 379/379 377/377
f 592/592 377/377 593/593
f 593/593 377/377 376/376
f 593/593 376/376 609/609
f 609/609 376/376 375/375
f 155/155 335/335 179/179
f 179/179 335/335 352/352
f 179/179 352/352 160/160
f 160/160 352/352 351/351
f 160/160 351/351 161/161
f 161/161 351/351 365/365
f 161/161 365/365 178/178
f 178/178 365/365 366/366
f 178/178 366/366 175/175
f 175/175 366/366 367/367
f 175/175 367/367 176/176
f 176/176 367/367 322/322
f 427/427 620/620 426/426
f 426/426 620/620 631/631
f 426/426 631/631 425/425
f 425/425 631/631 632/632
f 425/425 632/632 424/424
f 424/424 632/632 622/622
f 424/424 622/622 404/404
f 404/404 622/622 621/621
f 404/404 621/621 405/405
f 405/405 621/621 633/633
f 405/405 633/633 375/375
f 375/375 633/633 609/609
f 674/674 675/675 676/676
f 676/676 675/675 677/677
f 676/676 677/677 678/678
f 678/678 677/677 679/679
f 678/678 679/679 680/680
f 680/680 679/679 681/681
f 680/680 681/681 682/682
f 682/682 681/681 683/683
f 684/684 685/685 686/686
f 686/686 685/685 687/687
f 686/686 687/687 688/688
f 688/688 687/687 689/689
f 688/688 689/689 690/690
f 690/690 689/689 691/691
f 690/690 691/691 692/692
f 692/692 691/691 693/693
f 694/694 695/695 696/696
f 696/696 695/695 697/697
f 696/696 697/697 698/698
f 698/698 697/697 699/699
f 698/698 699/699 700/700
f 694/694 696/696 701/701
f 701/701 696/696 702/702
f 701/701 702/702 703/703
f 704/704 705/705 706/706
f 706/706 705/705 707/707
f 706/706 707/707 708/708
f 704/704 709/709 705/705
f 705/705 709/709 710/710
f 705/705 710/710 711/711
f 711/711 710/710 712/712
f 711/711 712/712 713/713
f 714/714 715/715 716/716
f 716/716 715/715 717/717
f 716/716 717/717 702/702
f 702/702 717/717 711/711
f 702/702 711/711 703/703
f 703/703 711/711 713/713
f 718/718 719/719 720/720
f 720/720 719/719 721/721
f 720/720 721/721 722/722
f 722/722 721/721 723/723
f 722/722 723/723 724/724
f 718/718 720/720 725/725
f 725/725 720/720 726/726
f 725/725 726/726 727/727
f 728/728 729/729 730/730
f 730/730 729/729 731/731
f 730/730 731/731 732/732
f 728/728 733/733 729/729
f 729/729 733/733 734/734
f 729/729 734/734 735/735
f 735/735 734/734 736/736
f 735/735 736/736 737/737
f 737/737 727/727 735/735
f 735/735 727/727 726/726
f 735/735 726/726 738/738
f 738/738 726/726 739/739
f 738/738 739/739 740/740
f 740/740 739/739 741/741
f 742/742 743/743 744/744
f 744/744 743/743 745/745
f 744/744 745/745 746/746
f 747/747 748/748 749/749
f 749/749 748/748 750/750
f 749/749 750/750 751/751
f 751/751 750/750 752/752
f 751/751 752/752 753/753
f 747/747 749/749 754/754
f 754/754 749/749 755/755
f 754/754 755/755 756/756
f 745/745 757/757 746/746
f 746/746 757/757 758/758
f 746/746 758/758 759/759
f 759/759 758/758 760/760
f 759/759 760/760 761/761
f 761/761 760/760 762/762
f 756/756 763/763 754/754
f 754/754 763/763 764/764
f 754/754 764/764 760/760
f 760/760 764/764 765/765
f 760/760 765/765 762/762
f 657/657 639/639 656/656
f 656/656 639/639 638/638
f 672/672 766/766 767/767
f 766/766 672/672 768/768
f 768/768 672/672 673/673
f 768/768 673/673 769/769
f 767/767 770/770 672/672
f 672/672 770/770 771/771
f 672/672 771/771 731/731
f 769/769 673/673 772/772
f 772/772 673/673 722/722
f 772/772 722/722 773/773
f 774/774 724/724 775/775
f 776/776 777/777 771/771
f 771/771 777/777 778/778
f 771/771 778/778 731/731
f 731/731 778/778 779/779
f 731/731 779/779 732/732
f 724/724 774/774 722/722
f 722/722 774/774 780/780
f 722/722 780/780 773/773
f 775/775 781/781 774/774
f 774/774 781/781 782/782
f 774/774 782/782 783/783
f 783/783 782/782 777/777
f 783/783 777/777 784/784
f 784/784 777/777 776/776
f 785/785 668/668 786/786
f 786/786 668/668 669/669
f 786/786 669/669 787/787
f 785/785 788/788 668/668
f 668/668 788/788 789/789
f 668/668 789/789 707/707
f 790/790 791/791 792/792
f 789/789 793/793 707/707
f 707/707 793/793 794/794
f 707/707 794/794 708/708
f 708/708 794/794 792/792
f 708/708 792/792 795/795
f 795/795 792/792 791/791
f 700/700 796/796 698/698
f 698/698 796/796 797/797
f 698/698 797/797 669/669
f 669/669 797/797 798/798
f 669/669 798/798 787/787
f 796/796 799/799 797/797
f 797/797 799/799 800/800
f 797/797 800/800 801/801
f 801/801 800/800 802/802
f 790/790 792/792 800/800
f 800/800 792/792 803/803
f 800/800 803/803 802/802
f 587/587 588/588 804/804
f 804/804 588/588 805/805
f 587/587 804/804 586/586
f 586/586 804/804 806/806
f 586/586 806/806 585/585
f 807/807 583/583 806/806
f 806/806 583/583 584/584
f 806/806 584/584 585/585
f 808/808 581/581 807/807
f 807/807 581/581 582/582
f 807/807 582/582 583/583
f 588/588 589/589 805/805
f 805/805 589/589 590/590
f 805/805 590/590 809/809
f 809/809 590/590 591/591
f 809/809 591/591 810/810
f 810/810 591/591 620/620
f 810/810 620/620 811/811
f 812/812 579/579 808/808
f 808/808 579/579 580/580
f 808/808 580/580 581/581
f 813/813 427/427 812/812
f 812/812 427/427 503/503
f 812/812 503/503 579/579
f 813/813 814/814 427/427
f 427/427 814/814 815/815
f 427/427 815/815 620/620
f 620/620 815/815 816/816
f 620/620 816/816 811/811
f 314/314 315/315 817/817
f 817/817 315/315 818/818
f 315/315 316/316 818/818
f 818/818 316/316 819/819
f 818/818 819/819 820/820
f 821/821 312/312 817/817
f 817/817 312/312 313/313
f 817/817 313/313 314/314
f 822/822 310/310 821/821
f 821/821 310/310 311/311
f 821/821 311/311 312/312
f 823/823 824/824 825/825
f 825/825 824/824 820/820
f 825/825 820/820 826/826
f 826/826 820/820 819/819
f 827/827 322/322 822/822
f 822/822 322/322 301/301
f 822/822 301/301 310/310
f 828/828 176/176 829/829
f 829/829 176/176 322/322
f 829/829 322/322 830/830
f 830/830 322/322 827/827
f 823/823 831/831 824/824
f 824/824 831/831 832/832
f 824/824 832/832 833/833
f 833/833 832/832 197/197
f 833/833 197/197 834/834
f 834/834 197/197 176/176
f 834/834 176/176 835/835
f 835/835 176/176 828/828
f 836/836 837/837 838/838
f 667/667 666/666 837/837
f 837/837 666/666 839/839
f 837/837 839/839 840/840
f 840/840 841/841 837/837
f 837/837 841/841 842/842
f 837/837 842/842 838/838
f 843/843 844/844 838/838
f 838/838 844/844 845/845
f 838/838 845/845 836/836
f 741/741 715/715 740/740
f 740/740 715/715 714/714
f 671/671 670/670 846/846
f 846/846 670/670 847/847
f 846/846 847/847 848/848
f 848/848 849/849 846/846
f 846/846 849/849 850/850
f 846/846 850/850 851/851
f 852/852 846/846 853/853
f 853/853 846/846 851/851
f 853/853 851/851 854/854
f 854/854 851/851 855/855
f 856/856 857/857 858/858
f 646/646 647/647 858/858
f 858/858 647/647 663/663
f 859/859 856/856 860/860
f 663/663 662/662 858/858
f 858/858 662/662 861/861
f 858/858 861/861 856/856
f 856/856 861/861 862/862
f 856/856 862/862 860/860
f 863/863 864/864 860/860
f 860/860 864/864 865/865
f 860/860 865/865 859/859
f 649/649 648/648 658/658
f 658/658 648/648 866/866
f 867/867 868/868 869/869
f 659/659 658/658 870/870
f 870/870 658/658 866/866
f 870/870 866/866 868/868
f 868/868 866/866 871/871
f 868/868 871/871 869/869
f 872/872 873/873 874/874
f 874/874 873/873 867/867
f 874/874 867/867 875/875
f 875/875 867/867 869/869
f 876/876 877/877 190/190
f 878/878 163/163 879/879
f 879/879 163/163 880/880
f 880/880 163/163 881/881
f 881/881 163/163 191/191
f 881/881 191/191 882/882
f 883/883 884/884 147/147
f 147/147 884/884 885/885
f 147/147 885/885 190/190
f 190/190 885/885 886/886
f 190/190 886/886 876/876
f 887/887 509/509 888/888
f 888/888 509/509 409/409
f 888/888 409/409 889/889
f 890/890 396/396 891/891
f 891/891 396/396 403/403
f 891/891 403/403 892/892
f 892/892 403/403 893/893
f 408/408 411/411 894/894
f 895/895 368/368 393/393
f 890/890 896/896 396/396
f 396/396 896/896 897/897
f 396/396 897/897 395/395
f 395/395 897/897 895/895
f 395/395 895/895 394/394
f 394/394 895/895 393/393
f 408/408 894/894 409/409
f 409/409 894/894 898/898
f 409/409 898/898 889/889
f 899/899 894/894 900/900
f 900/900 894/894 411/411
f 900/900 411/411 895/895
f 895/895 411/411 410/410
f 895/895 410/410 368/368
f 883/883 147/147 901/901
f 901/901 147/147 146/146
f 901/901 146/146 151/151
f 899/899 900/900 902/902
f 902/902 900/900 903/903
f 902/902 903/903 878/878
f 901/901 183/183 903/903
f 903/903 183/183 172/172
f 903/903 172/172 878/878
f 878/878 172/172 164/164
f 878/878 164/164 163/163
f 151/151 154/154 901/901
f 901/901 154/154 159/159
f 901/901 159/159 183/183
f 520/520 519/519 904/904
f 904/904 519/519 905/905
f 519/519 549/549 905/905
f 905/905 549/549 548/548
f 905/905 548/548 906/906
f 543/543 907/907 544/544
f 544/544 907/907 906/906
f 544/544 906/906 546/546
f 546/546 906/906 548/548
f 538/538 908/908 540/540
f 540/540 908/908 907/907
f 540/540 907/907 541/541
f 541/541 907/907 543/543
f 538/538 536/536 908/908
f 908/908 536/536 535/535
f 908/908 535/535 909/909
f 530/530 910/910 532/532
f 532/532 910/910 909/909
f 532/532 909/909 533/533
f 533/533 909/909 535/535
f 530/530 528/528 910/910
f 910/910 528/528 527/527
f 910/910 527/527 911/911
f 527/527 525/525 911/911
f 911/911 525/525 524/524
f 911/911 524/524 912/912
f 509/509 887/887 521/521
f 521/521 887/887 912/912
f 521/521 912/912 522/522
f 522/522 912/912 524/524
f 913/913 914/914 433/433
f 915/915 916/916 510/510
f 510/510 916/916 917/917
f 510/510 917/917 433/433
f 433/433 917/917 918/918
f 433/433 918/918 913/913
f 605/605 608/608 919/919
f 919/919 608/608 613/613
f 919/919 613/613 637/637
f 920/920 921/921 272/272
f 915/915 510/510 919/919
f 919/919 510/510 602/602
f 919/919 602/602 605/605
f 356/356 922/922 357/357
f 357/357 922/922 923/923
f 357/357 923/923 355/355
f 904/904 924/924 520/520
f 520/520 924/924 925/925
f 520/520 925/925 614/614
f 614/614 925/925 926/926
f 614/614 926/926 624/624
f 624/624 926/926 927/927
f 624/624 927/927 628/628
f 928/928 321/321 929/929
f 929/929 321/321 236/236
f 929/929 236/236 930/930
f 930/930 236/236 931/931
f 928/928 932/932 321/321
f 321/321 932/932 933/933
f 321/321 933/933 934/934
f 935/935 936/936 934/934
f 934/934 936/936 922/922
f 934/934 922/922 321/321
f 321/321 922/922 356/356
f 321/321 356/356 343/343
f 344/344 347/347 343/343
f 343/343 347/347 350/350
f 343/343 350/350 321/321
f 355/355 923/923 328/328
f 328/328 923/923 937/937
f 328/328 937/937 272/272
f 272/272 937/937 938/938
f 272/272 938/938 920/920
f 628/628 927/927 637/637
f 637/637 927/927 939/939
f 637/637 939/939 919/919
f 919/919 939/939 940/940
f 919/919 940/940 941/941
f 941/941 940/940 942/942
f 941/941 942/942 935/935
f 935/935 942/942 943/943
f 935/935 943/943 936/936
f 403/403 432/432 893/893
f 893/893 432/432 944/944
f 459/459 945/945 461/461
f 461/461 945/945 944/944
f 461/461 944/944 462/462
f 462/462 944/944 432/432
f 459/459 457/457 945/945
f 945/945 457/457 456/456
f 945/945 456/456 946/946
f 451/451 947/947 453/453
f 453/453 947/947 946/946
f 453/453 946/946 454/454
f 454/454 946/946 456/456
f 451/451 449/449 947/947
f 947/947 449/449 448/448
f 947/947 448/448 948/948
f 448/448 446/446 948/948
f 948/948 446/446 445/445
f 948/948 445/445 949/949
f 440/440 950/950 441/441
f 441/441 950/950 949/949
f 441/441 949/949 443/443
f 443/443 949/949 445/445
f 440/440 438/438 950/950
f 950/950 438/438 437/437
f 950/950 437/437 951/951
f 433/433 914/914 434/434
f 434/434 914/914 951/951
f 434/434 951/951 435/435
f 435/435 951/951 437/437
f 397/397 952/952 953/953
f 954/954 955/955 496/496
f 477/477 956/956 957/957
f 516/516 958/958 383/383
f 383/383 958/958 959/959
f 383/383 959/959 960/960
f 496/496 955/955 495/495
f 495/495 955/955 961/961
f 495/495 961/961 494/494
f 494/494 961/961 493/493
f 493/493 961/961 962/962
f 493/493 962/962 492/492
f 963/963 953/953 964/964
f 964/964 953/953 965/965
f 964/964 965/965 966/966
f 492/492 962/962 491/491
f 491/491 962/962 967/967
f 491/491 967/967 477/477
f 956/956 477/477 968/968
f 968/968 477/477 967/967
f 968/968 967/967 965/965
f 965/965 967/967 969/969
f 965/965 969/969 966/966
f 963/963 970/970 953/953
f 953/953 970/970 971/971
f 953/953 971/971 397/397
f 397/397 971/971 972/972
f 397/397 972/972 502/502
f 502/502 972/972 973/973
f 974/974 500/500 973/973
f 973/973 500/500 501/501
f 973/973 501/501 502/502
f 496/496 497/497 954/954
f 954/954 497/497 498/498
f 954/954 498/498 974/974
f 974/974 498/498 499/499
f 974/974 499/499 500/500
f 975/975 477/477 976/976
f 976/976 477/477 957/957
f 976/976 957/957 977/977
f 977/977 957/957 978/978
f 977/977 978/978 979/979
f 975/975 980/980 477/477
f 477/477 980/980 981/981
f 477/477 981/981 516/516
f 516/516 981/981 982/982
f 516/516 982/982 958/958
f 960/960 983/983 383/383
f 383/383 983/983 984/984
f 383/383 984/984 985/985
f 952/952 397/397 986/986
f 986/986 397/397 383/383
f 986/986 383/383 987/987
f 978/978 988/988 979/979
f 979/979 988/988 989/989
f 979/979 989/989 985/985
f 985/985 989/989 990/990
f 985/985 990/990 383/383
f 383/383 990/990 991/991
f 383/383 991/991 987/987
f 272/272 921/921 273/273
f 273/273 921/921 992/992
f 273/273 992/992 277/277
f 277/277 992/992 278/278
f 278/278 992/992 993/993
f 278/278 993/993 279/279
f 994/994 283/283 993/993
f 993/993 283/283 281/281
f 993/993 281/281 279/279
f 288/288 290/290 995/995
f 995/995 290/290 291/291
f 995/995 291/291 994/994
f 994/994 291/291 284/284
f 994/994 284/284 283/283
f 288/288 995/995 286/286
f 286/286 995/995 996/996
f 286/286 996/996 997/997
f 998/998 999/999 996/996
f 996/996 999/999 1000/1000
f 996/996 1000/1000 997/997
f 1001/1001 1002/1002 998/998
f 998/998 1002/1002 1003/1003
f 998/998 1003/1003 999/999
f 1004/1004 1005/1005 1006/1006
f 1006/1006 1005/1005 1007/1007
f 1006/1006 1007/1007 1001/1001
f 1001/1001 1007/1007 1008/1008
f 1001/1001 1008/1008 1002/1002
f 1004/1004 1006/1006 1009/1009
f 1009/1009 1006/1006 882/882
f 1009/1009 882/882 191/191
f 190/190 877/877 269/269
f 269/269 877/877 1010/1010
f 1011/1011 199/199 1010/1010
f 1010/1010 199/199 198/198
f 1010/1010 198/198 269/269
f 204/204 258/258 1012/1012
f 1012/1012 258/258 202/202
f 1012/1012 202/202 1011/1011
f 1011/1011 202/202 201/201
f 1011/1011 201/201 199/199
f 204/204 1012/1012 205/205
f 205/205 1012/1012 1013/1013
f 205/205 1013/1013 207/207
f 207/207 1013/1013 208/208
f 208/208 1013/1013 1014/1014
f 208/208 1014/1014 247/247
f 239/239 238/238 1015/1015
f 1015/1015 238/238 211/211
f 1015/1015 211/211 1014/1014
f 1014/1014 211/211 210/210
f 1014/1014 210/210 247/247
f 239/239 1015/1015 240/240
f 240/240 1015/1015 1016/1016
f 240/240 1016/1016 241/241
f 241/241 1016/1016 242/242
f 242/242 1016/1016 1017/1017
f 242/242 1017/1017 243/243
f 243/243 1017/1017 237/237
f 237/237 1017/1017 931/931
f 237/237 931/931 236/236
f 661/661 682/682 660/660
f 660/660 682/682 683/683
f 665/665 685/685 664/664
f 664/664 685/685 684/684
f 693/693 675/675 692/692
f 692/692 675/675 674/674
f 1018/1018 1019/1019 252/252
f 1020/1020 1021/1021 317/317
f 317/317 1021/1021 1022/1022
f 317/317 1022/1022 1023/1023
f 252/252 1019/1019 257/257
f 257/257 1019/1019 1024/1024
f 257/257 1024/1024 262/262
f 1025/1025 1026/1026 137/137
f 137/137 1026/1026 1027/1027
f 137/137 1027/1027 317/317
f 317/317 1027/1027 1028/1028
f 317/317 1028/1028 1029/1029
f 1023/1023 1030/1030 317/317
f 317/317 1030/1030 1031/1031
f 317/317 1031/1031 232/232
f 232/232 1031/1031 1032/1032
f 232/232 1032/1032 216/216
f 216/216 1032/1032 1033/1033
f 1034/1034 224/224 1033/1033
f 1033/1033 224/224 217/217
f 1033/1033 217/217 216/216
f 252/252 251/251 1018/1018
f 1018/1018 251/251 246/246
f 1018/1018 246/246 1034/1034
f 1034/1034 246/246 228/228
f 1034/1034 228/228 224/224
f 262/262 1024/1024 263/263
f 263/263 1024/1024 1035/1035
f 263/263 1035/1035 268/268
f 268/268 1035/1035 214/214
f 214/214 1035/1035 1036/1036
f 214/214 1036/1036 184/184
f 1037/1037 184/184 1038/1038
f 1038/1038 184/184 1036/1036
f 1038/1038 1036/1036 1039/1039
f 1039/1039 1036/1036 1040/1040
f 1039/1039 1040/1040 1041/1041
f 1041/1041 1040/1040 1042/1042
f 1041/1041 1042/1042 1022/1022
f 1022/1022 1042/1042 1043/1043
f 1022/1022 1043/1043 1023/1023
f 1044/1044 1045/1045 137/137
f 1029/1029 1046/1046 317/317
f 317/317 1046/1046 1047/1047
f 317/317 1047/1047 1020/1020
f 1020/1020 1047/1047 1048/1048
f 1020/1020 1048/1048 1049/1049
f 1037/1037 1050/1050 184/184
f 184/184 1050/1050 1051/1051
f 184/184 1051/1051 137/137
f 137/137 1051/1051 1052/1052
f 137/137 1052/1052 1044/1044
f 1053/1053 1054/1054 1045/1045
f 1045/1045 1054/1054 1055/1055
f 1045/1045 1055/1055 137/137
f 137/137 1055/1055 1056/1056
f 137/137 1056/1056 1025/1025
f 1053/1053 1045/1045 1049/1049
f 1049/1049 1045/1045 1057/1057
f 1049/1049 1057/1057 1020/1020
f 316/316 309/309 1058/1058
f 309/309 300/300 1059/1059
f 286/286 997/997 287/287
f 287/287 997/997 1060/1060
f 287/287 1060/1060 300/300
f 997/997 1000/1000 1060/1060
f 1060/1060 1000/1000 999/999
f 1060/1060 999/999 1061/1061
f 1061/1061 999/999 1003/1003
f 1061/1061 1003/1003 1062/1062
f 1003/1003 1002/1002 1062/1062
f 1062/1062 1002/1002 1008/1008
f 1062/1062 1008/1008 1063/1063
f 1008/1008 1007/1007 1063/1063
f 1063/1063 1007/1007 1005/1005
f 1063/1063 1005/1005 1064/1064
f 1064/1064 1005/1005 1004/1004
f 1064/1064 1004/1004 1065/1065
f 1065/1065 1004/1004 1009/1009
f 1065/1065 1009/1009 191/191
f 300/300 1060/1060 1059/1059
f 1059/1059 1060/1060 1061/1061
f 1059/1059 1061/1061 1066/1066
f 1066/1066 1061/1061 1062/1062
f 1066/1066 1062/1062 1067/1067
f 1067/1067 1062/1062 1063/1063
f 1067/1067 1063/1063 1068/1068
f 1068/1068 1063/1063 1064/1064
f 1068/1068 1064/1064 1069/1069
f 1069/1069 1064/1064 1065/1065
f 1069/1069 1065/1065 1070/1070
f 191/191 192/192 1065/1065
f 1065/1065 192/192 193/193
f 1065/1065 193/193 1070/1070
f 1070/1070 193/193 194/194
f 1070/1070 194/194 195/195
f 309/309 1059/1059 1058/1058
f 1058/1058 1059/1059 1066/1066
f 1058/1058 1066/1066 1071/1071
f 1071/1071 1066/1066 1067/1067
f 1071/1071 1067/1067 1072/1072
f 1072/1072 1067/1067 1068/1068
f 1072/1072 1068/1068 1073/1073
f 1073/1073 1068/1068 1069/1069
f 1073/1073 1069/1069 1074/1074
f 1074/1074 1069/1069 1070/1070
f 1074/1074 1070/1070 1075/1075
f 1075/1075 1070/1070 195/195
f 1075/1075 195/195 196/196
f 316/316 1058/1058 819/819
f 819/819 1058/1058 1071/1071
f 819/819 1071/1071 826/826
f 826/826 1071/1071 1072/1072
f 826/826 1072/1072 825/825
f 825/825 1072/1072 1073/1073
f 825/825 1073/1073 823/823
f 823/823 1073/1073 1074/1074
f 823/823 1074/1074 831/831
f 831/831 1074/1074 1075/1075
f 831/831 1075/1075 832/832
f 832/832 1075/1075 196/196
f 832/832 196/196 197/197
f 1076/1076 129/129 128/128
f 1076/1076 128/128 1077/1077
f 1077/1077 128/128 1078/1078
f 1077/1077 1078/1078 1079/1079
f 1079/1079 1078/1078 1080/1080
f 1079/1079 1080/1080 1081/1081
f 1081/1081 1080/1080 1082/1082
f 1081/1081 1082/1082 1083/1083
f 1083/1083 1082/1082 1084/1084
f 1083/1083 1084/1084 1085/1085
f 1085/1085 1084/1084 1086/1086
f 1085/1085 1086/1086 1087/1087
f 1087/1087 1086/1086 1088/1088
f 1087/1087 1088/1088 1089/1089
f 1089/1089 1088/1088 113/113
f 1089/1089 113/113 112/112
f 1090/1090 110/110 109/109
f 1090/1090 109/109 1091/1091
f 1091/1091 109/109 1092/1092
f 1091/1091 1092/1092 1093/1093
f 1093/1093 1092/1092 1094/1094
f 1093/1093 1094/1094 1095/1095
f 1095/1095 1094/1094 1096/1096
f 1095/1095 1096/1096 1097/1097
f 1097/1097 1096/1096 1098/1098
f 1097/1097 1098/1098 1099/1099
f 1099/1099 1098/1098 1100/1100
f 1099/1099 1100/1100 1101/1101
f 1101/1101 1100/1100 1102/1102
f 1101/1101 1102/1102 1103/1103
f 1103/1103 1102/1102 94/94
f 1103/1103 94/94 93/93
f 91/91 92/92 1104/1104
f 1104/1104 92/92 1105/1105
f 1104/1104 1105/1105 1106/1106
f 1106/1106 1105/1105 1107/1107
f 1106/1106 1107/1107 1108/1108
f 1108/1108 1107/1107 1109/1109
f 1108/1108 1109/1109 1110/1110
f 1110/1110 1109/1109 1111/1111
f 1110/1110 1111/1111 1112/1112
f 1112/1112 1111/1111 1113/1113
f 1114/1114 1115/1115 77/77
f 77/77 1115/1115 78/78
f 75/75 76/76 1116/1116
f 1116/1116 76/76 1117/1117
f 1116/1116 1117/1117 1118/1118
f 1118/1118 1117/1117 1119/1119
f 1118/1118 1119/1119 1120/1120
f 1120/1120 1119/1119 1121/1121
f 1120/1120 1121/1121 1122/1122
f 1122/1122 1121/1121 1123/1123
f 1122/1122 1123/1123 1124/1124
f 1124/1124 1123/1123 1125/1125
f 1126/1126 1127/1127 61/61
f 61/61 1127/1127 62/62
f 59/59 60/60 1128/1128
f 1128/1128 60/60 1129/1129
f 1128/1128 1129/1129 1130/1130
f 1130/1130 1129/1129 1131/1131
f 1130/1130 1131/1131 1132/1132
f 1132/1132 1131/1131 1133/1133
f 1132/1132 1133/1133 1134/1134
f 1134/1134 1133/1133 1135/1135
f 1134/1134 1135/1135 1136/1136
f 1136/1136 1135/1135 1137/1137
f 1136/1136 1137/1137 1138/1138
f 1138/1138 1137/1137 1139/1139
f 1138/1138 1139/1139 47/47
f 47/47 1139/1139 48/48
f 45/45 46/46 1140/1140
f 1140/1140 46/46 1141/1141
f 1140/1140 1141/1141 1142/1142
f 1142/1142 1141/1141 1143/1143
f 1142/1142 1143/1143 1144/1144
f 1144/1144 1143/1143 1145/1145
f 1144/1144 1145/1145 1146/1146
f 1146/1146 1145/1145 1147/1147
f 1146/1146 1147/1147 1148/1148
f 1148/1148 1147/1147 1149/1149
f 1148/1148 1149/1149 1150/1150
f 1150/1150 1149/1149 1151/1151
f 1150/1150 1151/1151 33/33
f 33/33 1151/1151 34/34
f 31/31 32/32 1152/1152
f 1152/1152 32/32 1153/1153
f 1152/1152 1153/1153 1154/1154
f 1154/1154 1153/1153 1155/1155
f 1154/1154 1155/1155 1156/1156
f 1156/1156 1155/1155 1157/1157
f 1156/1156 1157/1157 1158/1158
f 1158/1158 1157/1157 1159/1159
f 1158/1158 1159/1159 1160/1160
f 1160/1160 1159/1159 1161/1161
f 1160/1160 1161/1161 1162/1162
f 1162/1162 1161/1161 1163/1163
f 1162/1162 1163/1163 17/17
f 17/17 1163/1163 18/18
f 15/15 16/16 1164/1164
f 1164/1164 16/16 1165/1165
f 1164/1164 1165/1165 1166/1166
f 1166/1166 1165/1165 1167/1167
f 1166/1166 1167/1167 1168/1168
f 1168/1168 1167/1167 1169/1169
f 1168/1168 1169/1169 1170/1170
f 1170/1170 1169/1169 1171/1171
f 1170/1170 1171/1171 1172/1172
f 1172/1172 1171/1171 1173/1173
f 1172/1172 1173/1173 1174/1174
f 1174/1174 1173/1173 1175/1175
f 1174/1174 1175/1175 1/1
f 1/1 1175/1175 2/2
f 1176/1176 1177/1177 1178/1178
f 1179/1179 1180/1180 1181/1181
f 1182/1182 1179/1179 1183/1183
f 1183/1183 1179/1179 1176/1176
f 1183/1183 1176/1176 1184/1184
f 1184/1184 1176/1176 1178/1178
f 1184/1184 1178/1178 1185/1185
f 1186/1186 1176/1176 1187/1187
f 1187/1187 1176/1176 1179/1179
f 1187/1187 1179/1179 1188/1188
f 1188/1188 1179/1179 1181/1181
f 1188/1188 1181/1181 1189/1189
f 1190/1190 1191/1191 1192/1192
f 1190/1190 1192/1192 1193/1193
f 1193/1193 1192/1192 1194/1194
f 1193/1193 1194/1194 1195/1195
f 1196/1196 1192/1192 1197/1197
f 1197/1197 1192/1192 1191/1191
f 1197/1197 1191/1191 1198/1198
f 1198/1198 1191/1191 1199/1199
f 1200/1200 1201/1201 1202/1202
f 1202/1202 1201/1201 1193/1193
f 1202/1202 1193/1193 1203/1203
f 1203/1203 1193/1193 1195/1195
f 1204/1204 1205/1205 1206/1206
f 1205/1205 1207/1207 1208/1208
f 1209/1209 1210/1210 1211/1211
f 1206/1206 1205/1205 1212/1212
f 1212/1212 1205/1205 1208/1208
f 1212/1212 1208/1208 1213/1213
f 1204/1204 1206/1206 1214/1214
f 1214/1214 1206/1206 1209/1209
f 1214/1214 1209/1209 1215/1215
f 1215/1215 1209/1209 1211/1211
f 1215/1215 1211/1211 1216/1216
f 1217/1217 1218/1218 1219/1219
f 1220/1220 1221/1221 1222/1222
f 1223/1223 1219/1219 1224/1224
f 1224/1224 1219/1219 1218/1218
f 1224/1224 1218/1218 1222/1222
f 1222/1222 1218/1218 1225/1225
f 1222/1222 1225/1225 1220/1220
f 1226/1226 1227/1227 1228/1228
f 1228/1228 1227/1227 1217/1217
f 1228/1228 1217/1217 1229/1229
f 1229/1229 1217/1217 1219/1219

