mtllib material.mtl
usemtl material_0
v 0.00101382 -0.01279997 -0.00055273
v 0.00098558 -0.01279997 0.00060163
v 0.00002823 -0.01279997 -0.00115430
v -0.00002823 -0.01279997 0.00115430
v -0.00098559 -0.01279997 -0.00060163
v -0.00101382 -0.01279997 0.00055273
v -0.00101382 -0.01279997 0.00055273
v -0.00002823 -0.01279997 0.00115430
v -0.00101382 -0.01429998 0.00055273
v -0.00002823 -0.01429998 0.00115430
v -0.00098559 -0.01279997 -0.00060163
v -0.00101382 -0.01279997 0.00055273
v -0.00098559 -0.01429998 -0.00060163
v -0.00101382 -0.01429998 0.00055273
v 0.00002823 -0.01279997 -0.00115430
v -0.00098559 -0.01279997 -0.00060163
v 0.00002823 -0.01429998 -0.00115430
v -0.00098559 -0.01429998 -0.00060163
v 0.00101382 -0.01279997 -0.00055273
v 0.00002823 -0.01279997 -0.00115430
v 0.00101382 -0.01429998 -0.00055273
v 0.00002823 -0.01429998 -0.00115430
v 0.00098558 -0.01279997 0.00060163
v 0.00101382 -0.01279997 -0.00055273
v 0.00098558 -0.01429998 0.00060163
v 0.00101382 -0.01429998 -0.00055273
v -0.00002823 -0.01279997 0.00115430
v 0.00098558 -0.01279997 0.00060163
v -0.00002823 -0.01429998 0.00115430
v 0.00098558 -0.01429998 0.00060163
v 0.00048661 -0.01429998 0.00240117
v -0.00005990 -0.01429998 0.00244921
v -0.00002823 -0.01429998 0.00115430
v 0.00101382 -0.01429998 -0.00055273
v 0.00223267 -0.01429998 -0.00100869
v 0.00240117 -0.01429998 -0.00048661
v 0.00218070 -0.01429998 0.00111663
v 0.00098558 -0.01429998 0.00060163
v 0.00237447 -0.01429998 0.00060341
v 0.00244921 -0.01429998 0.00005990
v -0.00195223 -0.01429998 0.00148022
v -0.00223267 -0.01429998 0.00100869
v -0.00101382 -0.01429998 0.00055273
v 0.00002823 -0.01429998 -0.00115430
v 0.00005990 -0.01429998 -0.00244921
v 0.00060342 -0.01429998 -0.00237453
v -0.00098559 -0.01429998 -0.00060163
v -0.00218070 -0.01429998 -0.00111663
v -0.00187755 -0.01429998 -0.00157392
v 0.00111663 -0.01429998 -0.00218070
v 0.00157392 -0.01429998 -0.00187755
v 0.00195223 -0.01429998 -0.00148022
v -0.00148022 -0.01429998 -0.00195223
v -0.00100869 -0.01429998 -0.00223267
v -0.00048661 -0.01429998 -0.00240117
v -0.00240117 -0.01429998 0.00048661
v -0.00244921 -0.01429998 -0.00005990
v -0.00237453 -0.01429998 -0.00060342
v 0.00187755 -0.01429998 0.00157392
v 0.00148022 -0.01429998 0.00195223
v 0.00100869 -0.01429998 0.00223267
v -0.00060342 -0.01429998 0.00237453
v -0.00111663 -0.01429998 0.00218070
v -0.00157392 -0.01429998 0.00187755
v 0.00274915 -0.01399999 0.00006724
v 0.00270897 -0.01414996 0.00006626
v 0.00265580 -0.01414996 -0.00053821
v 0.00259918 -0.01425975 0.00006357
v 0.00254816 -0.01425975 -0.00051640
v 0.00259918 -0.01425975 0.00006357
v 0.00254816 -0.01425975 -0.00051640
v 0.00236934 -0.01425975 -0.00107044
v 0.00207174 -0.01425975 -0.00157088
v 0.00167024 -0.01425975 -0.00199246
v 0.00118500 -0.01425975 -0.00231421
v 0.00064036 -0.01425975 -0.00251991
v 0.00006357 -0.01425975 -0.00259918
v -0.00051640 -0.01425975 -0.00254816
v -0.00107044 -0.01425975 -0.00236934
v -0.00157088 -0.01425975 -0.00207174
v -0.00199246 -0.01425975 -0.00167024
v -0.00231421 -0.01425975 -0.00118500
v -0.00251991 -0.01425975 -0.00064036
v -0.00259918 -0.01425975 -0.00006357
v 0.00236934 -0.01425975 -0.00107044
v 0.00246942 -0.01414996 -0.00111568
v 0.00207174 -0.01425975 -0.00157088
v 0.00215924 -0.01414996 -0.00163722
v 0.00167024 -0.01425975 -0.00199246
v 0.00174081 -0.01414996 -0.00207662
v 0.00118500 -0.01425975 -0.00231421
v 0.00123507 -0.01414996 -0.00241196
v 0.00064036 -0.01425975 -0.00251991
v 0.00066740 -0.01414996 -0.00262630
v 0.00006357 -0.01425975 -0.00259918
v 0.00006626 -0.01414996 -0.00270897
v -0.00051640 -0.01425975 -0.00254816
v -0.00053821 -0.01414996 -0.00265580
v -0.00107044 -0.01425975 -0.00236934
v -0.00111568 -0.01414996 -0.00246942
v -0.00157088 -0.01425975 -0.00207174
v -0.00163722 -0.01414996 -0.00215924
v -0.00199246 -0.01425975 -0.00167024
v -0.00207662 -0.01414996 -0.00174081
v -0.00231421 -0.01425975 -0.00118500
v -0.00241196 -0.01414996 -0.00123507
v -0.00251991 -0.01425975 -0.00064036
v -0.00262630 -0.01414996 -0.00066740
v -0.00259918 -0.01425975 -0.00006357
v -0.00270897 -0.01414996 -0.00006626
v 0.00269520 -0.01399999 -0.00054620
v 0.00250608 -0.01399999 -0.00113219
v 0.00219130 -0.01399999 -0.00166148
v 0.00176662 -0.01399999 -0.00210744
v 0.00125337 -0.01399999 -0.00244772
v 0.00067730 -0.01399999 -0.00266528
v 0.00006724 -0.01399999 -0.00274915
v -0.00054620 -0.01399999 -0.00269520
v -0.00113219 -0.01399999 -0.00250608
v -0.00166148 -0.01399999 -0.00219130
v -0.00210744 -0.01399999 -0.00176662
v -0.00244772 -0.01399999 -0.00125337
v -0.00266528 -0.01399999 -0.00067730
v -0.00274915 -0.01399999 -0.00006724
v -0.00265580 -0.01414996 0.00053821
v -0.00254816 -0.01425975 0.00051640
v -0.00254816 -0.01425975 0.00051640
v -0.00236934 -0.01425975 0.00107044
v -0.00207174 -0.01425975 0.00157088
v -0.00167024 -0.01425975 0.00199246
v -0.00118500 -0.01425975 0.00231421
v -0.00064036 -0.01425975 0.00251991
v -0.00006357 -0.01425975 0.00259918
v 0.00051641 -0.01425975 0.00254816
v 0.00107044 -0.01425975 0.00236934
v 0.00157088 -0.01425975 0.00207174
v 0.00199246 -0.01425975 0.00167024
v 0.00231421 -0.01425975 0.00118500
v 0.00251991 -0.01425975 0.00064036
v -0.00236934 -0.01425975 0.00107044
v -0.00246942 -0.01414996 0.00111568
v -0.00207174 -0.01425975 0.00157088
v -0.00215924 -0.01414996 0.00163722
v -0.00167024 -0.01425975 0.00199246
v -0.00174081 -0.01414996 0.00207662
v -0.00118500 -0.01425975 0.00231421
v -0.00123507 -0.01414996 0.00241196
v -0.00064036 -0.01425975 0.00251991
v -0.00066741 -0.01414996 0.00262630
v -0.00006357 -0.01425975 0.00259918
v -0.00006626 -0.01414996 0.00270897
v 0.00051641 -0.01425975 0.00254816
v 0.00053821 -0.01414996 0.00265580
v 0.00107044 -0.01425975 0.00236934
v 0.00111568 -0.01414996 0.00246942
v 0.00157088 -0.01425975 0.00207174
v 0.00163722 -0.01414996 0.00215924
v 0.00199246 -0.01425975 0.00167024
v 0.00207662 -0.01414996 0.00174081
v 0.00231421 -0.01425975 0.00118500
v 0.00241196 -0.01414996 0.00123507
v 0.00251991 -0.01425975 0.00064036
v 0.00262630 -0.01414996 0.00066740
v -0.00269520 -0.01399999 0.00054620
v -0.00250608 -0.01399999 0.00113219
v -0.00219130 -0.01399999 0.00166148
v -0.00176662 -0.01399999 0.00210744
v -0.00125337 -0.01399999 0.00244772
v -0.00067730 -0.01399999 0.00266528
v -0.00006724 -0.01399999 0.00274915
v 0.00054620 -0.01399999 0.00269520
v 0.00113219 -0.01399999 0.00250608
v 0.00166148 -0.01399999 0.00219130
v 0.00210744 -0.01399999 0.00176662
v 0.00244772 -0.01399999 0.00125337
v 0.00266528 -0.01399999 0.00067730
v 0.00274915 -0.01229995 0.00006724
v 0.00250608 -0.01229995 -0.00113219
v 0.00176662 -0.01229995 -0.00210744
v 0.00067730 -0.01229995 -0.00266528
v -0.00054620 -0.01229995 -0.00269520
v -0.00166148 -0.01229995 -0.00219130
v -0.00244772 -0.01229995 -0.00125337
v -0.00274915 -0.01229995 -0.00006724
v -0.00250608 -0.01229995 0.00113219
v -0.00176662 -0.01229995 0.00210744
v -0.00067730 -0.01229995 0.00266528
v 0.00054620 -0.01229995 0.00269520
v 0.00166148 -0.01229995 0.00219130
v 0.00244772 -0.01229995 0.00125337
v 0.00350577 0.01249998 0.04586899
v 0.00314522 0.01249998 0.04692155
v 0.00592756 0.01249998 0.04966753
v 0.00738740 0.01249998 0.04540574
v 0.00644147 0.01249998 0.04482001
v 0.00798553 0.01249998 0.04634392
v 0.00533503 0.01249998 0.04470276
v 0.00811738 0.01249998 0.04744869
v 0.00775683 0.01249998 0.04850125
v 0.00697529 0.01249998 0.04929316
v 0.00428730 0.01249998 0.04507714
v 0.00327706 0.01249998 0.04802632
v 0.00387520 0.01249998 0.04896450
v 0.00482118 0.01249998 0.04955023
v 0.00798553 -0.01409995 0.04634392
v 0.00811738 -0.01409995 0.04744869
v 0.00738740 -0.01409995 0.04540574
v 0.00314522 -0.01409995 0.04692155
v 0.00775683 -0.01409995 0.04850125
v 0.00697529 -0.01409995 0.04929316
v 0.00644147 -0.01409995 0.04482001
v 0.00533503 -0.01409995 0.04470276
v 0.00428730 -0.01409995 0.04507714
v 0.00350577 -0.01409995 0.04586899
v 0.00327706 -0.01409995 0.04802632
v 0.00387520 -0.01409995 0.04896450
v 0.00482118 -0.01409995 0.04955023
v 0.00592756 -0.01409995 0.04966753
v 0.00247860 0.01239997 0.00119114
v 0.00192171 0.01239997 0.00196707
v 0.00247860 0.01069998 0.00119114
v 0.00171632 0.01069998 0.00214863
v 0.00171632 0.01239997 0.00214863
v 0.00113302 0.01239997 0.00250572
v 0.00061411 0.01069998 0.00268054
v 0.00061411 0.01239997 0.00268054
v 0.00020773 0.01239997 0.00274211
v -0.00060976 0.01069998 0.00268149
v -0.00074266 0.01239997 0.00264782
v -0.00160348 0.01239997 0.00223410
v -0.00171280 0.01069998 0.00215137
v -0.00227088 0.01239997 0.00155097
v -0.00247669 0.01069998 0.00119513
v -0.00247669 0.01239997 0.00119513
v -0.00266439 0.01239997 0.00068075
v -0.00274998 0.01069998 0.00000223
v -0.00247860 0.01239997 -0.00119114
v -0.00247860 0.01069998 -0.00119114
v -0.00273651 0.01239997 -0.00027159
v -0.00274998 0.01239997 0.00000223
v -0.00215137 0.01239997 -0.00171280
v -0.00171632 0.01069998 -0.00214863
v -0.00171632 0.01239997 -0.00214863
v -0.00119513 0.01239997 -0.00247669
v -0.00061411 0.01069998 -0.00268054
v -0.00061411 0.01239997 -0.00268054
v -0.00000223 0.01239997 -0.00274998
v 0.00060976 0.01069998 -0.00268149
v 0.00060976 0.01239997 -0.00268149
v 0.00119114 0.01239997 -0.00247860
v 0.00171280 0.01069998 -0.00215137
v 0.00171280 0.01239997 -0.00215137
v 0.00214863 0.01239997 -0.00171632
v 0.00247669 0.01069998 -0.00119513
v 0.00247669 0.01239997 -0.00119513
v 0.00268054 0.01239997 -0.00061411
v 0.00274998 0.01069998 -0.00000223
v 0.00268149 0.01239997 0.00060976
v 0.00274998 0.01239997 -0.00000223
v 0.00179231 0.01267713 0.00183457
v 0.00234342 0.01265978 0.00112617
v 0.00220823 0.01269996 0.00106120
v -0.00220823 0.01269996 -0.00106120
v -0.00255221 0.01267713 -0.00025330
v -0.00243801 0.01269996 -0.00024196
v -0.00248498 0.01267713 0.00063490
v -0.00237369 0.01269996 0.00060648
v -0.00211793 0.01267713 0.00144649
v -0.00202316 0.01269996 0.00138175
v -0.00149548 0.01267713 0.00208366
v -0.00142854 0.01269996 0.00199038
v -0.00069265 0.01267713 0.00246948
v -0.00066164 0.01269996 0.00235891
v 0.00019374 0.01267713 0.00255746
v 0.00018507 0.01269996 0.00244296
v 0.00105673 0.01267713 0.00233692
v 0.00100946 0.01269996 0.00223237
v 0.00171208 0.01269996 0.00175244
v 0.00244236 0.01254999 0.00117373
v 0.00239938 0.01261210 0.00115305
v 0.00186032 0.01261210 0.00190419
v 0.00109684 0.01261210 0.00242561
v 0.00020109 0.01261210 0.00265449
v -0.00071893 0.01261210 0.00256318
v -0.00155222 0.01261210 0.00216269
v -0.00219834 0.01261210 0.00150138
v -0.00257927 0.01261210 0.00065899
v -0.00264907 0.01261210 -0.00026291
v -0.00231171 0.01267713 -0.00111091
v -0.00234342 0.01265978 -0.00112617
v -0.00239938 0.01261210 -0.00115305
v -0.00244236 0.01254999 -0.00117373
v 0.00190574 0.01251477 0.00195074
v 0.00112361 0.01251477 0.00248486
v 0.00020601 0.01251477 0.00271934
v -0.00073650 0.01251477 0.00262582
v -0.00159013 0.01251477 0.00221556
v -0.00225198 0.01251477 0.00153804
v -0.00264227 0.01251477 0.00067509
v -0.00271380 0.01251477 -0.00026934
v -0.00245804 0.01251477 -0.00118124
v 0.00245804 0.01251477 0.00118124
v -0.00203407 0.01265978 -0.00161940
v -0.00211996 0.01254999 -0.00168777
v 0.00253522 0.01265978 0.00057650
v 0.00238901 0.01269996 0.00054324
v 0.00259995 0.01265978 -0.00000211
v 0.00244999 0.01269996 -0.00000199
v 0.00253433 0.01265978 -0.00058061
v 0.00238812 0.01269996 -0.00054711
v 0.00234157 0.01265978 -0.00112998
v 0.00220650 0.01269996 -0.00106478
v 0.00203145 0.01265978 -0.00162268
v 0.00191420 0.01269996 -0.00152910
v 0.00161940 0.01265978 -0.00203407
v 0.00152594 0.01269996 -0.00191671
v 0.00112617 0.01265978 -0.00234342
v 0.00106120 0.01269996 -0.00220823
v 0.00057650 0.01265978 -0.00253522
v 0.00054324 0.01269996 -0.00238901
v -0.00000211 0.01265978 -0.00259995
v -0.00000199 0.01269996 -0.00244999
v -0.00058061 0.01265978 -0.00253433
v -0.00054711 0.01269996 -0.00238812
v -0.00112998 0.01265978 -0.00234157
v -0.00106478 0.01269996 -0.00220650
v -0.00162268 0.01265978 -0.00203145
v -0.00152910 0.01269996 -0.00191420
v -0.00191671 0.01269996 -0.00152594
v -0.00162268 0.01265978 -0.00203145
v -0.00169122 0.01254999 -0.00211722
v -0.00112998 0.01265978 -0.00234157
v -0.00117767 0.01254999 -0.00244045
v -0.00058061 0.01265978 -0.00253433
v -0.00060513 0.01254999 -0.00264132
v -0.00000211 0.01265978 -0.00259995
v -0.00000220 0.01254999 -0.00270981
v 0.00057650 0.01265978 -0.00253522
v 0.00060084 0.01254999 -0.00264233
v 0.00112617 0.01265978 -0.00234342
v 0.00117373 0.01254999 -0.00244236
v 0.00161940 0.01265978 -0.00203407
v 0.00168777 0.01254999 -0.00211996
v 0.00203145 0.01265978 -0.00162268
v 0.00211722 0.01254999 -0.00169122
v 0.00234157 0.01265978 -0.00112998
v 0.00244045 0.01254999 -0.00117767
v 0.00253433 0.01265978 -0.00058061
v 0.00264132 0.01254999 -0.00060513
v 0.00259995 0.01265978 -0.00000211
v 0.00270981 0.01254999 -0.00000220
v 0.00264233 0.01254999 0.00060084
v -0.00065124 0.01269996 -0.00095353
v -0.00115138 0.01269996 0.00008722
v 0.00050016 0.01269996 -0.00104070
v 0.00115138 0.01269996 -0.00008723
v 0.00065124 0.01269996 0.00095353
v -0.00050016 0.01269996 0.00104076
v -0.00065124 0.01119995 -0.00095353
v -0.00065124 0.01269996 -0.00095353
v -0.00090132 0.01119995 -0.00043315
v -0.00115138 0.01269996 0.00008722
v -0.00115138 0.01119995 0.00008722
v 0.00050016 0.01119995 -0.00104070
v 0.00050016 0.01269996 -0.00104070
v -0.00007554 0.01119995 -0.00099714
v -0.00065124 0.01269996 -0.00095353
v -0.00065124 0.01119995 -0.00095353
v 0.00115138 0.01119995 -0.00008723
v 0.00115138 0.01269996 -0.00008723
v 0.00082578 0.01119995 -0.00056399
v 0.00050016 0.01269996 -0.00104070
v 0.00050016 0.01119995 -0.00104070
v 0.00065124 0.01119995 0.00095353
v 0.00065124 0.01269996 0.00095353
v 0.00090132 0.01119995 0.00043315
v 0.00115138 0.01269996 -0.00008723
v 0.00115138 0.01119995 -0.00008723
v -0.00050016 0.01119995 0.00104076
v -0.00050016 0.01269996 0.00104076
v 0.00007554 0.01119995 0.00099714
v 0.00065124 0.01269996 0.00095353
v 0.00065124 0.01119995 0.00095353
v -0.00115138 0.01119995 0.00008722
v -0.00115138 0.01269996 0.00008722
v -0.00082578 0.01119995 0.00056399
v -0.00050016 0.01269996 0.00104076
v -0.00050016 0.01119995 0.00104076
v -0.00082578 0.01119995 0.00056399
v -0.00090062 0.01119995 0.00043462
v -0.00115138 0.01119995 0.00008722
v -0.00099999 0.01119995 0.00000081
v -0.00090132 0.01119995 -0.00043315
v -0.00007554 0.01119995 -0.00099714
v -0.00065124 0.01119995 -0.00095353
v -0.00056399 0.01119995 -0.00082578
v 0.00082578 0.01119995 -0.00056399
v 0.00050016 0.01119995 -0.00104070
v 0.00043315 0.01119995 -0.00090132
v 0.00090132 0.01119995 0.00043315
v 0.00115138 0.01119995 -0.00008723
v 0.00099714 0.01119995 -0.00007554
v 0.00062412 0.01119995 0.00078132
v 0.00065124 0.01119995 0.00095353
v 0.00022331 0.01119995 0.00097475
v 0.00007554 0.01119995 0.00099714
v -0.00022173 0.01119995 0.00097511
v -0.00050016 0.01119995 0.00104076
v -0.00062286 0.01119995 0.00078234
v 0.00000000 0.01062262 0.00000000
v -0.00099999 0.01119995 0.00000081
v -0.00090062 0.01119995 0.00043462
v -0.00090132 0.01119995 -0.00043315
v -0.00062286 0.01119995 0.00078234
v -0.00022173 0.01119995 0.00097511
v -0.00082578 0.01119995 0.00056399
v 0.00062412 0.01119995 0.00078132
v 0.00090132 0.01119995 0.00043315
v 0.00022331 0.01119995 0.00097475
v 0.00007554 0.01119995 0.00099714
v 0.00082578 0.01119995 -0.00056399
v 0.00043315 0.01119995 -0.00090132
v 0.00099714 0.01119995 -0.00007554
v -0.00056399 0.01119995 -0.00082578
v -0.00007554 0.01119995 -0.00099714
v -0.00322395 0.00469994 0.00445598
v -0.00322395 0.00369996 0.00445598
v -0.00150549 0.00369996 0.00528991
v -0.00150549 0.00469994 0.00528991
v 0.00039455 0.00369996 0.00548577
v 0.00039455 0.00469994 0.00548577
v 0.00224697 0.00369996 0.00502002
v 0.00224697 0.00469994 0.00502002
v 0.00382841 0.00369996 0.00394875
v 0.00382841 0.00469994 0.00394875
v 0.00494814 0.00369996 0.00240117
v 0.00494814 0.00469994 0.00240117
v 0.00547099 0.00369996 0.00056405
v 0.00547099 0.00469994 0.00056405
v 0.00533396 0.00369996 -0.00134110
v 0.00533396 0.00469994 -0.00134110
v 0.00455356 0.00369996 -0.00308460
v 0.00455356 0.00469994 -0.00308460
v 0.00322395 0.00369996 -0.00445598
v 0.00322395 0.00469994 -0.00445598
v 0.00150549 0.00369996 -0.00528991
v 0.00150549 0.00469994 -0.00528991
v -0.00039455 0.00369996 -0.00548577
v -0.00039455 0.00469994 -0.00548577
v -0.00224697 0.00369996 -0.00502002
v -0.00224697 0.00469994 -0.00502002
v -0.00382841 0.00369996 -0.00394875
v -0.00382841 0.00469994 -0.00394875
v -0.00494814 0.00369996 -0.00240117
v -0.00494814 0.00469994 -0.00240117
v -0.00547099 0.00369996 -0.00056405
v -0.00547099 0.00469994 -0.00056405
v -0.00533396 0.00369996 0.00134110
v -0.00533396 0.00469994 0.00134110
v -0.00455356 0.00369996 0.00308460
v -0.00455356 0.00469994 0.00308460
v 0.00533396 0.00369996 -0.00134110
v -0.00533396 0.00369996 0.00134110
v -0.00547099 0.00369996 -0.00056405
v -0.00455356 0.00369996 0.00308460
v -0.00150549 0.00369996 0.00528991
v -0.00322395 0.00369996 0.00445598
v -0.00494814 0.00369996 -0.00240117
v -0.00382841 0.00369996 -0.00394875
v -0.00224697 0.00369996 -0.00502002
v 0.00547099 0.00369996 0.00056405
v 0.00494814 0.00369996 0.00240117
v 0.00322395 0.00369996 -0.00445598
v 0.00455356 0.00369996 -0.00308460
v 0.00150549 0.00369996 -0.00528991
v -0.00039455 0.00369996 -0.00548577
v 0.00039455 0.00369996 0.00548577
v 0.00224697 0.00369996 0.00502002
v 0.00382841 0.00369996 0.00394875
v -0.00300229 -0.00549996 -0.00460827
v -0.00439733 -0.00549996 -0.00330347
v 0.00401688 -0.00549996 -0.00375688
v 0.00439733 -0.00549996 0.00330347
v 0.00526202 -0.00549996 0.00160027
v -0.00505960 -0.00549996 0.00215644
v -0.00401688 -0.00549996 0.00375688
v -0.00248969 -0.00549996 0.00490415
v -0.00526202 -0.00549996 -0.00160027
v -0.00549203 -0.00549996 0.00029592
v -0.00066226 -0.00549996 0.00545996
v 0.00124508 -0.00549996 0.00535720
v 0.00300229 -0.00549996 0.00460827
v 0.00549203 -0.00549996 -0.00029592
v 0.00505960 -0.00549996 -0.00215644
v 0.00248969 -0.00549996 -0.00490415
v 0.00066226 -0.00549996 -0.00545996
v -0.00124508 -0.00549996 -0.00535720
v -0.00300229 -0.00629997 -0.00460827
v -0.00300229 -0.00549996 -0.00460827
v -0.00124508 -0.00549996 -0.00535720
v -0.00124508 -0.00629997 -0.00535720
v 0.00066226 -0.00549996 -0.00545996
v 0.00066226 -0.00629997 -0.00545996
v 0.00248969 -0.00549996 -0.00490415
v 0.00248969 -0.00629997 -0.00490415
v 0.00401688 -0.00549996 -0.00375688
v 0.00401688 -0.00629997 -0.00375688
v 0.00505960 -0.00549996 -0.00215644
v 0.00505960 -0.00629997 -0.00215644
v 0.00549203 -0.00549996 -0.00029592
v 0.00549203 -0.00629997 -0.00029592
v 0.00526202 -0.00549996 0.00160027
v 0.00526202 -0.00629997 0.00160027
v 0.00439733 -0.00549996 0.00330347
v 0.00439733 -0.00629997 0.00330347
v 0.00300229 -0.00549996 0.00460827
v 0.00300229 -0.00629997 0.00460827
v 0.00124508 -0.00549996 0.00535720
v 0.00124508 -0.00629997 0.00535720
v -0.00066226 -0.00549996 0.00545996
v -0.00066226 -0.00629997 0.00545996
v -0.00248969 -0.00549996 0.00490415
v -0.00248969 -0.00629997 0.00490415
v -0.00401688 -0.00549996 0.00375688
v -0.00401688 -0.00629997 0.00375688
v -0.00505960 -0.00549996 0.00215644
v -0.00505960 -0.00629997 0.00215644
v -0.00549203 -0.00549996 0.00029592
v -0.00549203 -0.00629997 0.00029592
v -0.00526202 -0.00549996 -0.00160027
v -0.00526202 -0.00629997 -0.00160027
v -0.00439733 -0.00549996 -0.00330347
v -0.00439733 -0.00629997 -0.00330347
v -0.00229931 -0.01229995 -0.00005624
v -0.00239927 -0.01219999 -0.00005868
v -0.00204849 -0.01219999 -0.00125045
v -0.00196314 -0.01229995 -0.00119835
v -0.00114882 -0.01219999 -0.00210714
v -0.00110090 -0.01229995 -0.00201935
v 0.00005868 -0.01219999 -0.00239927
v 0.00005624 -0.01229995 -0.00229931
v 0.00125045 -0.01219999 -0.00204849
v 0.00119835 -0.01229995 -0.00196314
v 0.00210714 -0.01219999 -0.00114882
v 0.00201935 -0.01229995 -0.00110090
v 0.00239927 -0.01219999 0.00005868
v 0.00229931 -0.01229995 0.00005624
v 0.00204849 -0.01219999 0.00125045
v 0.00196314 -0.01229995 0.00119835
v 0.00114882 -0.01219999 0.00210714
v 0.00110090 -0.01229995 0.00201935
v -0.00005868 -0.01219999 0.00239927
v -0.00005624 -0.01229995 0.00229931
v -0.00125045 -0.01219999 0.00204849
v -0.00119835 -0.01229995 0.00196314
v -0.00210714 -0.01219999 0.00114882
v -0.00201935 -0.01229995 0.00110090
v -0.00005624 -0.01229995 0.00229931
v 0.00054620 -0.01229995 0.00269520
v 0.00110090 -0.01229995 0.00201935
v 0.00166148 -0.01229995 0.00219130
v 0.00196314 -0.01229995 0.00119835
v 0.00244772 -0.01229995 0.00125337
v 0.00229931 -0.01229995 0.00005624
v 0.00274915 -0.01229995 0.00006724
v 0.00201935 -0.01229995 -0.00110090
v 0.00250608 -0.01229995 -0.00113219
v 0.00119835 -0.01229995 -0.00196314
v 0.00176662 -0.01229995 -0.00210744
v 0.00005624 -0.01229995 -0.00229931
v 0.00067730 -0.01229995 -0.00266528
v -0.00054620 -0.01229995 -0.00269520
v -0.00110090 -0.01229995 -0.00201935
v -0.00166148 -0.01229995 -0.00219130
v -0.00196314 -0.01229995 -0.00119835
v -0.00244772 -0.01229995 -0.00125337
v -0.00229931 -0.01229995 -0.00005624
v -0.00274915 -0.01229995 -0.00006724
v -0.00201935 -0.01229995 0.00110090
v -0.00250608 -0.01229995 0.00113219
v -0.00119835 -0.01229995 0.00196314
v -0.00176662 -0.01229995 0.00210744
v -0.00067730 -0.01229995 0.00266528
v 0.00533503 0.01249998 0.04470276
v 0.00529951 0.01279997 0.04440486
v 0.00428730 0.01249998 0.04507714
v 0.00412607 0.01279997 0.04482418
v 0.00350577 0.01249998 0.04586899
v 0.00325072 0.01279997 0.04571110
v 0.00314522 0.01249998 0.04692155
v 0.00284690 0.01279997 0.04688996
v 0.00327706 0.01249998 0.04802632
v 0.00299460 0.01279997 0.04812729
v 0.00387520 0.01249998 0.04896450
v 0.00366449 0.01279997 0.04917800
v 0.00482118 0.01249998 0.04955023
v 0.00472397 0.01279997 0.04983401
v 0.00592756 0.01249998 0.04966753
v 0.00596315 0.01279997 0.04996538
v 0.00125045 0.01059997 -0.00204849
v 0.00097217 0.01059997 -0.00283807
v 0.00005868 0.01059997 -0.00239927
v -0.00035551 0.01059997 -0.00297886
v -0.00114882 0.01059997 -0.00210714
v -0.00161278 0.01059997 -0.00252956
v -0.00204849 0.01059997 -0.00125045
v -0.00255060 0.01059997 -0.00157928
v -0.00239927 0.01059997 -0.00005868
v -0.00298327 0.01059997 -0.00031626
v -0.00210714 0.01059997 0.00114882
v -0.00282502 0.01059997 0.00100940
v -0.00125045 0.01059997 0.00204849
v -0.00210726 0.01059997 0.00213522
v -0.00097217 0.01059997 0.00283807
v -0.00005868 0.01059997 0.00239927
v 0.00035551 0.01059997 0.00297880
v 0.00114882 0.01059997 0.00210714
v 0.00161278 0.01059997 0.00252956
v 0.00204849 0.01059997 0.00125045
v 0.00255060 0.01059997 0.00157928
v 0.00239927 0.01059997 0.00005868
v 0.00298327 0.01059997 0.00031626
v 0.00210714 0.01059997 -0.00114882
v 0.00282502 0.01059997 -0.00100940
v 0.00210726 0.01059997 -0.00213522
v -0.00035551 0.01059997 -0.00297886
v -0.00035551 0.01279997 -0.00297886
v -0.00161278 0.01059997 -0.00252956
v -0.00161278 0.01279997 -0.00252956
v -0.00255060 0.01059997 -0.00157928
v -0.00255060 0.01279997 -0.00157928
v -0.00298327 0.01059997 -0.00031626
v -0.00298327 0.01279997 -0.00031626
v -0.00282502 0.01059997 0.00100940
v -0.00282502 0.01279997 0.00100940
v -0.00210726 0.01059997 0.00213522
v -0.00210726 0.01279997 0.00213522
v -0.00097217 0.01059997 0.00283807
v -0.00097217 0.01279997 0.00283807
v 0.00035551 0.01059997 0.00297880
v 0.00035551 0.01279997 0.00297880
v 0.00125045 -0.01219999 -0.00204849
v 0.00210726 -0.01219999 -0.00213522
v 0.00210714 -0.01219999 -0.00114882
v 0.00282502 -0.01219999 -0.00100940
v 0.00239927 -0.01219999 0.00005868
v 0.00298327 -0.01219999 0.00031626
v 0.00204849 -0.01219999 0.00125045
v 0.00255060 -0.01219999 0.00157928
v 0.00114882 -0.01219999 0.00210714
v 0.00161278 -0.01219999 0.00252956
v -0.00005868 -0.01219999 0.00239927
v 0.00035551 -0.01219999 0.00297880
v -0.00125045 -0.01219999 0.00204849
v -0.00097217 -0.01219999 0.00283807
v -0.00210726 -0.01219999 0.00213522
v -0.00210714 -0.01219999 0.00114882
v -0.00282502 -0.01219999 0.00100940
v -0.00239927 -0.01219999 -0.00005868
v -0.00298327 -0.01219999 -0.00031626
v -0.00204849 -0.01219999 -0.00125045
v -0.00255060 -0.01219999 -0.00157928
v -0.00114882 -0.01219999 -0.00210714
v -0.00161278 -0.01219999 -0.00252956
v 0.00005868 -0.01219999 -0.00239927
v -0.00035551 -0.01219999 -0.00297886
v 0.00097217 -0.01219999 -0.00283807
v 0.00035551 -0.01219999 0.00297880
v 0.00035551 -0.01439994 0.00297880
v -0.00097217 -0.01219999 0.00283807
v -0.00097217 -0.01439994 0.00283807
v -0.00210726 -0.01219999 0.00213522
v -0.00210726 -0.01439994 0.00213522
v -0.00282502 -0.01219999 0.00100940
v -0.00282502 -0.01439994 0.00100940
v -0.00298327 -0.01219999 -0.00031626
v -0.00298327 -0.01439994 -0.00031626
v -0.00255060 -0.01219999 -0.00157928
v -0.00255060 -0.01439994 -0.00157928
v -0.00161278 -0.01219999 -0.00252956
v -0.00161278 -0.01439994 -0.00252956
v -0.00035551 -0.01219999 -0.00297886
v -0.00035551 -0.01439994 -0.00297886
v 0.00592756 -0.01409995 0.04966753
v 0.00596315 -0.01439994 0.04996538
v 0.00482118 -0.01409995 0.04955023
v 0.00472397 -0.01439994 0.04983401
v 0.00387520 -0.01409995 0.04896450
v 0.00366449 -0.01439994 0.04917800
v 0.00327706 -0.01409995 0.04802632
v 0.00299460 -0.01439994 0.04812729
v 0.00314522 -0.01409995 0.04692155
v 0.00284690 -0.01439994 0.04688996
v 0.00350577 -0.01409995 0.04586899
v 0.00325072 -0.01439994 0.04571110
v 0.00428730 -0.01409995 0.04507714
v 0.00412607 -0.01439994 0.04482418
v 0.00533503 -0.01409995 0.04470276
v 0.00529951 -0.01439994 0.04440486
v -0.00879460 0.00479996 0.00278801
v -0.00879460 0.01059997 0.00278801
v -0.00999612 0.00479996 0.00326872
v -0.00999612 0.01059997 0.00326872
v -0.00999612 0.00479996 0.00326872
v -0.00999612 0.01059997 0.00326872
v -0.01079630 0.00479996 0.00428575
v -0.01079630 0.01059997 0.00428575
v -0.01098072 0.00479996 0.00556666
v -0.01098072 0.01059997 0.00556666
v -0.01050007 0.00479996 0.00676817
v -0.01050007 0.01059997 0.00676817
v -0.00948298 0.00479996 0.00756836
v -0.00948298 0.01059997 0.00756836
v -0.00948298 0.00479996 0.00756836
v -0.00948298 0.01059997 0.00756836
v -0.00820208 0.00479996 0.00775278
v -0.00820208 0.01059997 0.00775278
v -0.01098072 0.01059997 0.00556666
v -0.01132345 0.01059997 0.00627983
v -0.01050007 0.01059997 0.00676817
v -0.01060569 0.01059997 0.00740564
v -0.00948298 0.01059997 0.00756836
v -0.00947052 0.01059997 0.00810850
v -0.00820208 0.01059997 0.00775278
v -0.00814283 0.01059997 0.00824922
v -0.00700063 0.01059997 0.00727206
v -0.00688559 0.01059997 0.00779998
v -0.00620043 0.01059997 0.00625503
v -0.00594771 0.01059997 0.00684971
v -0.00601596 0.01059997 0.00497413
v -0.00551510 0.01059997 0.00558662
v -0.00567329 0.01059997 0.00426096
v -0.00649667 0.01059997 0.00377262
v -0.00639105 0.01059997 0.00313514
v -0.00751376 0.01059997 0.00297242
v -0.00752622 0.01059997 0.00243229
v -0.00879460 0.01059997 0.00278801
v -0.00885385 0.01059997 0.00229150
v -0.00999612 0.01059997 0.00326872
v -0.01011115 0.01059997 0.00274080
v -0.01079630 0.01059997 0.00428575
v -0.01104897 0.01059997 0.00369108
v -0.01148164 0.01059997 0.00495416
v -0.00885385 0.01059997 0.00229150
v -0.00885385 0.01279997 0.00229150
v -0.01011115 0.01059997 0.00274080
v -0.01011115 0.01279997 0.00274080
v -0.01104897 0.01059997 0.00369108
v -0.01104897 0.01279997 0.00369108
v -0.01148164 0.01059997 0.00495416
v -0.01148164 0.01279997 0.00495416
v -0.01132345 0.01059997 0.00627983
v -0.01132345 0.01279997 0.00627983
v -0.01060569 0.01059997 0.00740564
v -0.01060569 0.01279997 0.00740564
v -0.00947052 0.01059997 0.00810850
v -0.00947052 0.01279997 0.00810850
v -0.00814283 0.01059997 0.00824922
v -0.00814283 0.01279997 0.00824922
v -0.00879460 -0.01219999 0.00278801
v -0.00879460 -0.00639999 0.00278801
v -0.00999612 -0.01219999 0.00326872
v -0.00999612 -0.00639999 0.00326872
v -0.00999612 -0.01219999 0.00326872
v -0.00999612 -0.00639999 0.00326872
v -0.01079630 -0.01219999 0.00428575
v -0.01079630 -0.00639999 0.00428575
v -0.01098072 -0.01219999 0.00556666
v -0.01098072 -0.00639999 0.00556666
v -0.01050007 -0.01219999 0.00676817
v -0.01050007 -0.00639999 0.00676817
v -0.00948298 -0.01219999 0.00756836
v -0.00948298 -0.00639999 0.00756836
v -0.00948298 -0.01219999 0.00756836
v -0.00948298 -0.00639999 0.00756836
v -0.00820208 -0.01219999 0.00775278
v -0.00820208 -0.00639999 0.00775278
v -0.01098072 -0.01219999 0.00556666
v -0.01148164 -0.01219999 0.00495416
v -0.01079630 -0.01219999 0.00428575
v -0.01104897 -0.01219999 0.00369108
v -0.00999612 -0.01219999 0.00326872
v -0.01011115 -0.01219999 0.00274080
v -0.00879460 -0.01219999 0.00278801
v -0.00885385 -0.01219999 0.00229150
v -0.00751376 -0.01219999 0.00297242
v -0.00752622 -0.01219999 0.00243229
v -0.00649667 -0.01219999 0.00377262
v -0.00639105 -0.01219999 0.00313514
v -0.00601596 -0.01219999 0.00497413
v -0.00567329 -0.01219999 0.00426096
v -0.00551510 -0.01219999 0.00558662
v -0.00620043 -0.01219999 0.00625503
v -0.00594771 -0.01219999 0.00684971
v -0.00700063 -0.01219999 0.00727206
v -0.00688559 -0.01219999 0.00779998
v -0.00820208 -0.01219999 0.00775278
v -0.00814283 -0.01219999 0.00824922
v -0.00948298 -0.01219999 0.00756836
v -0.00947052 -0.01219999 0.00810850
v -0.01050007 -0.01219999 0.00676817
v -0.01060569 -0.01219999 0.00740564
v -0.01132345 -0.01219999 0.00627983
v -0.00814283 -0.01219999 0.00824922
v -0.00814283 -0.01439994 0.00824922
v -0.00947052 -0.01219999 0.00810850
v -0.00947052 -0.01439994 0.00810850
v -0.01060569 -0.01219999 0.00740564
v -0.01060569 -0.01439994 0.00740564
v -0.01132345 -0.01219999 0.00627983
v -0.01132345 -0.01439994 0.00627983
v -0.01148164 -0.01219999 0.00495416
v -0.01148164 -0.01439994 0.00495416
v -0.01104897 -0.01219999 0.00369108
v -0.01104897 -0.01439994 0.00369108
v -0.01011115 -0.01219999 0.00274080
v -0.01011115 -0.01439994 0.00274080
v -0.00885385 -0.01219999 0.00229150
v -0.00885385 -0.01439994 0.00229150
v -0.00502151 0.00469994 0.00855535
v -0.00402856 0.00469994 0.00843680
v -0.00494897 0.00457817 0.00916332
v -0.00395602 0.00457817 0.00904483
v -0.00488746 0.00423133 0.00967872
v -0.00389451 0.00423133 0.00956023
v -0.00484633 0.00371224 0.01002311
v -0.00385338 0.00371224 0.00990462
v -0.00483191 0.00309998 0.01014405
v -0.00383896 0.00309998 0.01002556
v -0.00483191 -0.00469994 0.01014405
v -0.00383896 -0.00469994 0.01002556
v -0.00485730 -0.00549996 0.00993121
v -0.00386435 -0.00549996 0.00981271
v -0.00492668 -0.00608563 0.00934970
v -0.00393373 -0.00608563 0.00923121
v -0.00492668 -0.00608563 0.00934970
v -0.00393373 -0.00608563 0.00923121
v -0.00502151 -0.00629997 0.00855535
v -0.00402856 -0.00629997 0.00843680
v -0.00407302 -0.00605637 0.00806403
v -0.00421816 -0.00629997 0.00684810
v -0.00402856 -0.00629997 0.00843680
v -0.00395000 -0.00536269 0.00909489
v -0.00393373 -0.00608563 0.00923121
v -0.00386435 -0.00549996 0.00981271
v -0.00386781 -0.00432455 0.00978369
v -0.00383896 -0.00469994 0.01002556
v -0.00383896 -0.00309998 0.01002556
v -0.00386781 0.00272453 0.00978369
v -0.00383896 0.00149995 0.01002556
v -0.00383896 0.00309998 0.01002556
v -0.00402856 0.00469994 0.00843680
v -0.00421816 0.00469994 0.00684810
v -0.00407302 0.00445640 0.00806403
v -0.00395602 0.00457817 0.00904483
v -0.00395000 0.00376272 0.00909489
v -0.00389451 0.00423133 0.00956023
v -0.00385338 0.00371224 0.00990462
v 0.01168507 -0.00989997 0.05149811
v 0.01199948 -0.00989997 0.05146062
v 0.01168507 0.00829995 0.05149811
v 0.01199948 0.00829995 0.05146062
v 0.00486869 0.00469994 -0.00561649
v 0.00518310 0.00469994 -0.00565404
v 0.00486869 -0.00629997 -0.00561649
v 0.00518310 -0.00629997 -0.00565404
v 0.00892967 -0.00704998 0.01575279
v 0.00947481 -0.00704998 0.02032035
v 0.00985402 0.00224996 0.02349781
v 0.00866151 0.00451273 0.01350599
v 0.00857931 0.00347453 0.01281720
v 0.00878453 0.00520641 0.01453679
v 0.00855047 0.00224996 0.01257532
v 0.00892967 0.00544995 0.01575279
v 0.00947481 0.00544995 0.02032035
v 0.00961989 -0.00680637 0.02153629
v 0.00974291 -0.00611269 0.02256715
v 0.00855047 -0.00384998 0.01257532
v 0.00857931 -0.00507456 0.01281720
v 0.00866151 -0.00611269 0.01350599
v 0.00985402 -0.00384998 0.02349781
v 0.00982517 -0.00507456 0.02325594
v 0.00974291 0.00451273 0.02256715
v 0.00961989 0.00520641 0.02153629
v 0.00982517 0.00347453 0.02325594
v 0.00878453 -0.00680637 0.01453679
v 0.00364715 -0.01239997 -0.00618207
v 0.00442672 -0.01239997 -0.00597245
v 0.00437737 -0.01316535 -0.00582844
v 0.00744712 -0.01413202 -0.00088879
v 0.00721413 -0.01424771 -0.00086098
v 0.00696987 -0.01424771 -0.00189972
v 0.00298470 -0.01424771 -0.00503504
v 0.00290406 -0.01439994 -0.00427395
v 0.00200832 -0.01439994 -0.00426805
v 0.00645417 -0.01439994 -0.00077028
v 0.00624913 -0.01439994 -0.00164217
v 0.00585514 -0.01439994 -0.00244659
v 0.00650054 -0.01424771 -0.00285804
v 0.00529212 -0.01439994 -0.00314319
v 0.00582969 -0.01424771 -0.00368798
v 0.00458813 -0.01439994 -0.00369704
v 0.00499105 -0.01424771 -0.00434780
v 0.00817400 -0.01339995 -0.00097554
v 0.00785839 -0.01381421 -0.00093787
v 0.00758088 -0.01381421 -0.00211805
v 0.00704765 -0.01381421 -0.00320691
v 0.00628549 -0.01381421 -0.00414979
v 0.00533265 -0.01381421 -0.00489944
v 0.00191766 -0.01424771 -0.00502801
v 0.00188982 -0.01413202 -0.00526100
v 0.00305313 -0.01381421 -0.00568026
v 0.00798911 -0.01316535 -0.00226390
v 0.00741321 -0.01316535 -0.00343996
v 0.00659001 -0.01316535 -0.00445837
v 0.00556087 -0.01316535 -0.00526804
v 0.00813246 -0.01239997 -0.00231516
v 0.00844008 -0.01239997 -0.00100726
v 0.00828892 -0.01316535 -0.00098925
v 0.00540900 -0.01239997 -0.00553405
v 0.00564104 -0.01239997 -0.00539750
v 0.00669700 -0.01239997 -0.00456673
v 0.00688434 -0.01239997 -0.00437331
v 0.00754160 -0.01239997 -0.00352180
v 0.00792879 -0.01239997 -0.00281352
v 0.00423688 -0.01381421 -0.00541830
v 0.00402659 -0.01424771 -0.00480443
v 0.00377858 -0.01439994 -0.00408036
v 0.00311488 -0.01239997 -0.00626278
v 0.00309885 -0.01316535 -0.00611138
v 0.00184077 -0.01381421 -0.00567228
v 0.00180310 -0.01339995 -0.00598788
v 0.00178939 -0.01316535 -0.00610280
v 0.00177133 -0.01239997 -0.00625396
v 0.01407140 -0.01239997 0.04617780
v 0.01392024 -0.01316535 0.04619586
v 0.01380532 -0.01339995 0.04620957
v 0.01348978 -0.01381421 0.04624724
v 0.01307845 -0.01413202 0.04629635
v 0.01284551 -0.01424771 0.04632413
v 0.01208549 -0.01439994 0.04641485
v -0.00071103 -0.01239997 -0.00595766
v -0.00069299 -0.01316535 -0.00580651
v -0.00067927 -0.01339995 -0.00569165
v -0.00064161 -0.01381421 -0.00537604
v -0.00059252 -0.01413202 -0.00496471
v -0.00056472 -0.01424771 -0.00473177
v -0.00047402 -0.01439994 -0.00397176
v 0.01399952 -0.01239997 0.04805368
v 0.01378995 -0.01239997 0.04883319
v 0.01364588 -0.01316535 0.04878389
v 0.00870621 -0.01413202 0.05185365
v 0.00867844 -0.01424771 0.05162066
v 0.00971717 -0.01424771 0.05137634
v 0.01285248 -0.01424771 0.04739123
v 0.01209139 -0.01439994 0.04731053
v 0.00858772 -0.01439994 0.05086070
v 0.00945961 -0.01439994 0.05065560
v 0.01026409 -0.01439994 0.05026167
v 0.01067554 -0.01424771 0.05090701
v 0.01096069 -0.01439994 0.04969859
v 0.01150542 -0.01424771 0.05023622
v 0.01151454 -0.01439994 0.04899466
v 0.01216524 -0.01424771 0.04939758
v 0.00879300 -0.01339995 0.05258053
v 0.00875533 -0.01381421 0.05226492
v 0.00993550 -0.01381421 0.05198734
v 0.01102435 -0.01381421 0.05145412
v 0.01196724 -0.01381421 0.05069202
v 0.01271688 -0.01381421 0.04973918
v 0.01349771 -0.01381421 0.04745960
v 0.01008141 -0.01316535 0.05239564
v 0.01125741 -0.01316535 0.05181968
v 0.01227581 -0.01316535 0.05099654
v 0.01308548 -0.01316535 0.04996740
v 0.01013261 -0.01239997 0.05253899
v 0.00882471 -0.01239997 0.05284661
v 0.00880670 -0.01316535 0.05269539
v 0.01335150 -0.01239997 0.04981547
v 0.01321494 -0.01239997 0.05004751
v 0.01238417 -0.01239997 0.05110347
v 0.01219081 -0.01239997 0.05129081
v 0.01133924 -0.01239997 0.05194807
v 0.01063096 -0.01239997 0.05233526
v 0.01323574 -0.01381421 0.04864341
v 0.01262193 -0.01424771 0.04843312
v 0.01189786 -0.01439994 0.04818511
v 0.01408028 -0.01239997 0.04752135
v 0.01392889 -0.01316535 0.04750531
v -0.00157547 -0.01424771 -0.00449735
v -0.00132239 -0.01439994 -0.00377506
v -0.00210816 -0.01439994 -0.00339931
v -0.00178999 -0.01381421 -0.00510973
v -0.00251150 -0.01424771 -0.00404978
v -0.00263518 -0.01413202 -0.00424916
v -0.00193328 -0.01316535 -0.00551891
v -0.00198364 -0.01239997 -0.00566256
v -0.00285351 -0.01381421 -0.00460118
v -0.00302100 -0.01339995 -0.00487131
v -0.00308198 -0.01316535 -0.00496966
v -0.00316220 -0.01239997 -0.00509900
v 0.00610530 -0.01439994 0.05115693
v 0.00619602 -0.01424771 0.05191689
v 0.00622386 -0.01413202 0.05214989
v 0.00627291 -0.01381421 0.05256116
v 0.00631058 -0.01339995 0.05287677
v 0.00632429 -0.01316535 0.05299168
v 0.00634235 -0.01239997 0.05314284
v -0.01060652 -0.01439994 0.00187105
v -0.01100993 -0.01424771 0.00122058
v -0.01113355 -0.01413202 0.00102121
v -0.01135188 -0.01381421 0.00066921
v -0.01151937 -0.01339995 0.00039910
v -0.01158040 -0.01316535 0.00030076
v -0.01166063 -0.01239997 0.00017139
v 0.00446647 -0.01239997 0.05307096
v 0.00368696 -0.01239997 0.05286133
v 0.00373632 -0.01316535 0.05271732
v 0.00066657 -0.01413202 0.04777765
v 0.00089955 -0.01424771 0.04774981
v 0.00114381 -0.01424771 0.04878860
v 0.00512898 -0.01424771 0.05192393
v 0.00520962 -0.01439994 0.05116283
v 0.00165951 -0.01439994 0.04765915
v 0.00186455 -0.01439994 0.04853105
v 0.00225848 -0.01439994 0.04933547
v 0.00161314 -0.01424771 0.04974699
v 0.00282156 -0.01439994 0.05003213
v 0.00228393 -0.01424771 0.05057686
v 0.00352555 -0.01439994 0.05058598
v 0.00312263 -0.01424771 0.05123668
v -0.00006032 -0.01339995 0.04786437
v 0.00025527 -0.01381421 0.04782670
v 0.00053284 -0.01381421 0.04900693
v 0.00106603 -0.01381421 0.05009579
v 0.00182819 -0.01381421 0.05103868
v 0.00278103 -0.01381421 0.05178833
v 0.00506055 -0.01381421 0.05256915
v 0.00012458 -0.01316535 0.04915279
v 0.00070049 -0.01316535 0.05032885
v 0.00152361 -0.01316535 0.05134725
v 0.00255281 -0.01316535 0.05215692
v -0.00001879 -0.01239997 0.04920405
v -0.00032638 -0.01239997 0.04789614
v -0.00017521 -0.01316535 0.04787808
v 0.00270468 -0.01239997 0.05242294
v 0.00247264 -0.01239997 0.05228638
v 0.00141668 -0.01239997 0.05145561
v 0.00122934 -0.01239997 0.05126219
v 0.00057212 -0.01239997 0.05041068
v 0.00018493 -0.01239997 0.04970240
v 0.00387681 -0.01381421 0.05230718
v 0.00408709 -0.01424771 0.05169332
v 0.00433510 -0.01439994 0.05096930
v 0.00499880 -0.01239997 0.05315166
v 0.00501484 -0.01316535 0.05300027
v -0.01315945 -0.01239997 0.00149220
v -0.01271003 -0.01239997 0.00099706
v -0.01260322 -0.01316535 0.00110549
v -0.01130616 -0.01439994 0.00242150
v -0.01184344 -0.01424771 0.00187635
v -0.01229888 -0.01381421 0.00141424
v -0.01226043 -0.01439994 0.00391144
v -0.01246786 -0.01439994 0.00477713
v -0.01298028 -0.01424771 0.00365144
v -0.01322734 -0.01424771 0.00468278
v -0.01359057 -0.01381421 0.00343096
v -0.01387125 -0.01381421 0.00460279
v -0.01399832 -0.01316535 0.00328368
v -0.01430147 -0.01316535 0.00454932
v -0.01414149 -0.01239997 0.00323194
v -0.01247864 -0.01439994 0.00566733
v -0.01229226 -0.01439994 0.00653780
v -0.01324021 -0.01424771 0.00574327
v -0.01301819 -0.01424771 0.00678027
v -0.01388585 -0.01381421 0.00580764
v -0.01363360 -0.01381421 0.00698590
v -0.01431727 -0.01316535 0.00585067
v -0.01404482 -0.01316535 0.00712323
v -0.01191800 -0.01439994 0.00734550
v -0.01257234 -0.01424771 0.00774252
v -0.01312702 -0.01381421 0.00807917
v -0.01349765 -0.01316535 0.00830406
v -0.01137435 -0.01439994 0.00805044
v -0.01068830 -0.01439994 0.00861764
v -0.01192468 -0.01424771 0.00858235
v -0.01110732 -0.01424771 0.00925815
v -0.01239120 -0.01381421 0.00903332
v -0.01146250 -0.01381421 0.00980109
v -0.01270288 -0.01316535 0.00933462
v -0.01169991 -0.01316535 0.01016390
v -0.01355087 -0.01239997 0.00203437
v -0.01342272 -0.01316535 0.00211644
v -0.01305758 -0.01381421 0.00235027
v -0.01251125 -0.01424771 0.00270027
v -0.01186674 -0.01439994 0.00311303
v -0.01446872 -0.01239997 0.00586575
v -0.01449793 -0.01239997 0.00519770
v -0.01445257 -0.01239997 0.00453055
v -0.01418924 -0.01239997 0.00717151
v -0.01281237 -0.01239997 0.00944042
v -0.01324957 -0.01239997 0.00893450
v -0.01362782 -0.01239997 0.00838303
v -0.01178324 -0.01239997 0.01029133
v -0.00057339 -0.01239997 0.04582649
v -0.00042221 -0.01316535 0.04580849
v -0.00030732 -0.01339995 0.04579472
v 0.00000827 -0.01381421 0.04575711
v 0.00041957 -0.01413202 0.04570800
v 0.00065255 -0.01424771 0.04568022
v 0.00141251 -0.01439994 0.04558950
v -0.00289553 -0.01439994 0.01371598
v -0.00331455 -0.01424771 0.01435643
v -0.00366980 -0.01381421 0.01489943
v -0.00390714 -0.01316535 0.01526218
v -0.00399053 -0.01239997 0.01538962
v 0.00062151 -0.01424771 0.04495990
v 0.00138646 -0.01439994 0.04498487
v -0.00002699 -0.01381421 0.04493868
v 0.00145191 -0.01439994 0.04438322
v 0.00069950 -0.01424771 0.04424309
v 0.00006161 -0.01381421 0.04412436
v -0.00036460 -0.01316535 0.04404497
v -0.00046031 -0.01316535 0.04492455
v -0.00051427 -0.01239997 0.04401707
v -0.00061246 -0.01239997 0.04491955
v -0.00014654 -0.01413202 0.01986831
v -0.00055784 -0.01381421 0.01991742
v -0.00080697 -0.01381421 0.01872545
v -0.00122195 -0.01316535 0.01885080
v -0.00136769 -0.01239997 0.01889485
v -0.00164622 -0.01316535 0.01779037
v -0.00162399 -0.01239997 0.01819604
v -0.00178212 -0.01239997 0.01785904
v -0.00237006 -0.01239997 0.01691097
v -0.00224817 -0.01316535 0.01681977
v -0.00260168 -0.01239997 0.01661950
v -0.00300956 -0.01316535 0.01596844
v -0.00311375 -0.01239997 0.01607942
v -0.00113946 -0.01239997 0.01998680
v -0.00098833 -0.01316535 0.01996874
v -0.00087343 -0.01339995 0.01995509
v -0.00125927 -0.01381421 0.01759487
v -0.00190103 -0.01381421 0.01656001
v -0.00271279 -0.01381421 0.01565235
v 0.00084641 -0.01439994 0.01974982
v 0.00008644 -0.01424771 0.01984053
v -0.00018584 -0.01424771 0.01853787
v -0.00068018 -0.01424771 0.01730227
v -0.00138152 -0.01424771 0.01617127
v -0.00226867 -0.01424771 0.01517933
v 0.00054684 -0.01439994 0.01831656
v 0.00000294 -0.01439994 0.01695710
v -0.00076876 -0.01439994 0.01571279
v -0.00174481 -0.01439994 0.01462131
v 0.00263983 -0.01439994 0.03800374
v 0.00188738 -0.01424771 0.03786361
v 0.00124949 -0.01381421 0.03774482
v 0.00082332 -0.01316535 0.03766548
v 0.00067365 -0.01239997 0.03763759
v 0.00073671 -0.01239997 0.03570759
v 0.00088787 -0.01316535 0.03568953
v 0.00100273 -0.01339995 0.03567582
v 0.00131833 -0.01381421 0.03563815
v 0.00172961 -0.01413202 0.03558909
v 0.00196260 -0.01424771 0.03556126
v 0.00272256 -0.01439994 0.03547054
v 0.00093055 -0.01316535 0.03667998
v 0.00077839 -0.01239997 0.03667497
v 0.00136381 -0.01381421 0.03669410
v 0.00201231 -0.01424771 0.03671532
v 0.00277728 -0.01439994 0.03674030
v 0.00817400 0.01179999 -0.00097554
v 0.00828892 0.01156532 -0.00098925
v 0.00798911 0.01156532 -0.00226390
v 0.00309885 0.01156532 -0.00611138
v 0.00311488 0.01080000 -0.00626278
v 0.00177133 0.01080000 -0.00625396
v 0.00844008 0.01080000 -0.00100726
v 0.00813246 0.01080000 -0.00231516
v 0.00792879 0.01080000 -0.00281352
v 0.00741321 0.01156532 -0.00343996
v 0.00754160 0.01080000 -0.00352180
v 0.00688434 0.01080000 -0.00437331
v 0.00659001 0.01156532 -0.00445837
v 0.00669700 0.01080000 -0.00456673
v 0.00564104 0.01080000 -0.00539750
v 0.00556087 0.01156532 -0.00526804
v 0.00540900 0.01080000 -0.00553405
v 0.00437737 0.01156532 -0.00582844
v 0.00442672 0.01080000 -0.00597245
v 0.00364715 0.01080000 -0.00618207
v 0.00744712 0.01253205 -0.00088879
v 0.00785839 0.01221418 -0.00093787
v 0.00758088 0.01221418 -0.00211805
v 0.00704765 0.01221418 -0.00320691
v 0.00628549 0.01221418 -0.00414979
v 0.00533265 0.01221418 -0.00489944
v 0.00423688 0.01221418 -0.00541830
v 0.00305313 0.01221418 -0.00568026
v 0.00645417 0.01279997 -0.00077028
v 0.00721413 0.01264774 -0.00086098
v 0.00696987 0.01264774 -0.00189972
v 0.00178939 0.01156532 -0.00610280
v 0.00180310 0.01179999 -0.00598788
v 0.00184077 0.01221418 -0.00567228
v 0.00188982 0.01253205 -0.00526100
v 0.00650054 0.01264774 -0.00285804
v 0.00582969 0.01264774 -0.00368798
v 0.00499105 0.01264774 -0.00434780
v 0.00402659 0.01264774 -0.00480443
v 0.00298470 0.01264774 -0.00503504
v 0.00191766 0.01264774 -0.00502801
v 0.00624913 0.01279997 -0.00164217
v 0.00585514 0.01279997 -0.00244659
v 0.00529212 0.01279997 -0.00314319
v 0.00458813 0.01279997 -0.00369704
v 0.00377858 0.01279997 -0.00408036
v 0.00290406 0.01279997 -0.00427395
v 0.00200832 0.01279997 -0.00426805
v 0.01208549 0.01279997 0.04641485
v 0.01284551 0.01264774 0.04632413
v 0.01307845 0.01253205 0.04629635
v 0.01348978 0.01221418 0.04624724
v 0.01380532 0.01179999 0.04620957
v 0.01392024 0.01156532 0.04619586
v 0.01407140 0.01080000 0.04617780
v -0.00047402 0.01279997 -0.00397176
v -0.00056472 0.01264774 -0.00473177
v -0.00059252 0.01253205 -0.00496471
v -0.00064161 0.01221418 -0.00537604
v -0.00067927 0.01179999 -0.00569165
v -0.00069299 0.01156532 -0.00580651
v -0.00071103 0.01080000 -0.00595766
v 0.00879300 0.01179999 0.05258053
v 0.00880670 0.01156532 0.05269539
v 0.01008141 0.01156532 0.05239564
v 0.01392889 0.01156532 0.04750531
v 0.01408028 0.01080000 0.04752135
v 0.00882471 0.01080000 0.05284661
v 0.01013261 0.01080000 0.05253899
v 0.01063096 0.01080000 0.05233526
v 0.01125741 0.01156532 0.05181968
v 0.01133924 0.01080000 0.05194807
v 0.01219081 0.01080000 0.05129081
v 0.01227581 0.01156532 0.05099654
v 0.01238417 0.01080000 0.05110347
v 0.01321494 0.01080000 0.05004751
v 0.01308548 0.01156532 0.04996740
v 0.01335150 0.01080000 0.04981547
v 0.01364588 0.01156532 0.04878389
v 0.01378995 0.01080000 0.04883319
v 0.01399952 0.01080000 0.04805368
v 0.00870621 0.01253205 0.05185365
v 0.00875533 0.01221418 0.05226492
v 0.00993550 0.01221418 0.05198734
v 0.01102435 0.01221418 0.05145412
v 0.01196724 0.01221418 0.05069202
v 0.01271688 0.01221418 0.04973918
v 0.01323574 0.01221418 0.04864341
v 0.01349771 0.01221418 0.04745960
v 0.00858772 0.01279997 0.05086070
v 0.00867844 0.01264774 0.05162066
v 0.00971717 0.01264774 0.05137634
v 0.01067554 0.01264774 0.05090701
v 0.01150542 0.01264774 0.05023622
v 0.01216524 0.01264774 0.04939758
v 0.01262193 0.01264774 0.04843312
v 0.01285248 0.01264774 0.04739123
v 0.00945961 0.01279997 0.05065560
v 0.01026409 0.01279997 0.05026167
v 0.01096069 0.01279997 0.04969859
v 0.01151454 0.01279997 0.04899466
v 0.01189786 0.01279997 0.04818511
v 0.01209139 0.01279997 0.04731053
v -0.00193328 0.01156532 -0.00551891
v -0.00198364 0.01080000 -0.00566256
v -0.00316220 0.01080000 -0.00509900
v -0.00178999 0.01221418 -0.00510973
v -0.00308198 0.01156532 -0.00496966
v -0.00302100 0.01179999 -0.00487131
v -0.00157547 0.01264774 -0.00449735
v -0.00132239 0.01279997 -0.00377506
v -0.00285351 0.01221418 -0.00460118
v -0.00263518 0.01253205 -0.00424916
v -0.00251150 0.01264774 -0.00404978
v -0.00210816 0.01279997 -0.00339931
v 0.00634235 0.01080000 0.05314284
v 0.00632429 0.01156532 0.05299168
v 0.00631058 0.01179999 0.05287677
v 0.00627291 0.01221418 0.05256116
v 0.00622386 0.01253205 0.05214989
v 0.00619602 0.01264774 0.05191689
v 0.00610530 0.01279997 0.05115693
v -0.01166063 0.01080000 0.00017139
v -0.01158040 0.01156532 0.00030076
v -0.01151937 0.01179999 0.00039910
v -0.01135188 0.01221418 0.00066921
v -0.01113355 0.01253205 0.00102121
v -0.01100993 0.01264774 0.00122058
v -0.01060652 0.01279997 0.00187105
v -0.00006032 0.01179999 0.04786437
v -0.00017521 0.01156532 0.04787808
v 0.00012458 0.01156532 0.04915279
v 0.00501484 0.01156532 0.05300027
v 0.00499880 0.01080000 0.05315166
v -0.00032638 0.01080000 0.04789614
v -0.00001879 0.01080000 0.04920405
v 0.00018493 0.01080000 0.04970240
v 0.00070049 0.01156532 0.05032885
v 0.00057212 0.01080000 0.05041068
v 0.00122934 0.01080000 0.05126219
v 0.00152361 0.01156532 0.05134725
v 0.00141668 0.01080000 0.05145561
v 0.00247264 0.01080000 0.05228638
v 0.00255281 0.01156532 0.05215692
v 0.00270468 0.01080000 0.05242294
v 0.00373632 0.01156532 0.05271732
v 0.00368696 0.01080000 0.05286133
v 0.00446647 0.01080000 0.05307096
v 0.00066657 0.01253205 0.04777765
v 0.00025527 0.01221418 0.04782670
v 0.00053284 0.01221418 0.04900693
v 0.00106603 0.01221418 0.05009579
v 0.00182819 0.01221418 0.05103868
v 0.00278103 0.01221418 0.05178833
v 0.00387681 0.01221418 0.05230718
v 0.00506055 0.01221418 0.05256915
v 0.00165951 0.01279997 0.04765915
v 0.00089955 0.01264774 0.04774981
v 0.00114381 0.01264774 0.04878860
v 0.00161314 0.01264774 0.04974699
v 0.00228393 0.01264774 0.05057686
v 0.00312263 0.01264774 0.05123668
v 0.00408709 0.01264774 0.05169332
v 0.00512898 0.01264774 0.05192393
v 0.00186455 0.01279997 0.04853105
v 0.00225848 0.01279997 0.04933547
v 0.00282156 0.01279997 0.05003213
v 0.00352555 0.01279997 0.05058598
v 0.00433510 0.01279997 0.05096930
v 0.00520962 0.01279997 0.05116283
v -0.01260322 0.01156532 0.00110549
v -0.01271003 0.01080000 0.00099706
v -0.01315945 0.01080000 0.00149220
v -0.01342272 0.01156532 0.00211644
v -0.01355087 0.01080000 0.00203437
v -0.01414149 0.01080000 0.00323194
v -0.01399832 0.01156532 0.00328368
v -0.01445257 0.01080000 0.00453055
v -0.01430147 0.01156532 0.00454932
v -0.01449793 0.01080000 0.00519770
v -0.01431727 0.01156532 0.00585067
v -0.01446872 0.01080000 0.00586575
v -0.01418924 0.01080000 0.00717151
v -0.01404482 0.01156532 0.00712323
v -0.01362782 0.01080000 0.00838303
v -0.01349765 0.01156532 0.00830406
v -0.01324957 0.01080000 0.00893450
v -0.01270288 0.01156532 0.00933462
v -0.01281237 0.01080000 0.00944042
v -0.01178324 0.01080000 0.01029133
v -0.01169991 0.01156532 0.01016390
v -0.01229888 0.01221418 0.00141424
v -0.01305758 0.01221418 0.00235027
v -0.01359057 0.01221418 0.00343096
v -0.01387125 0.01221418 0.00460279
v -0.01388585 0.01221418 0.00580764
v -0.01363360 0.01221418 0.00698590
v -0.01312702 0.01221418 0.00807917
v -0.01239120 0.01221418 0.00903332
v -0.01146250 0.01221418 0.00980109
v -0.01184344 0.01264774 0.00187635
v -0.01251125 0.01264774 0.00270027
v -0.01298028 0.01264774 0.00365144
v -0.01322734 0.01264774 0.00468278
v -0.01324021 0.01264774 0.00574327
v -0.01301819 0.01264774 0.00678027
v -0.01257234 0.01264774 0.00774252
v -0.01192468 0.01264774 0.00858235
v -0.01110732 0.01264774 0.00925815
v -0.01130616 0.01279997 0.00242150
v -0.01186674 0.01279997 0.00311303
v -0.01226043 0.01279997 0.00391144
v -0.01246786 0.01279997 0.00477713
v -0.01247864 0.01279997 0.00566733
v -0.01229226 0.01279997 0.00653780
v -0.01191800 0.01279997 0.00734550
v -0.01137435 0.01279997 0.00805044
v -0.01068830 0.01279997 0.00861764
v 0.00141251 0.01279997 0.04558950
v 0.00065255 0.01264774 0.04568022
v 0.00041957 0.01253205 0.04570800
v 0.00000827 0.01221418 0.04575711
v -0.00030732 0.01179999 0.04579472
v -0.00042221 0.01156532 0.04580849
v -0.00057339 0.01080000 0.04582649
v -0.00289553 0.01279997 0.01371598
v -0.00331455 0.01264774 0.01435643
v -0.00366980 0.01221418 0.01489943
v -0.00390714 0.01156532 0.01526218
v -0.00399053 0.01080000 0.01538962
v -0.00046031 0.01156532 0.04492455
v -0.00061246 0.01080000 0.04491955
v -0.00051427 0.01080000 0.04401707
v -0.00036460 0.01156532 0.04404497
v -0.00025085 0.01179999 0.04406613
v -0.00002699 0.01221418 0.04493868
v 0.00062151 0.01264774 0.04495990
v 0.00046883 0.01253205 0.04420018
v 0.00006161 0.01221418 0.04412436
v 0.00138646 0.01279997 0.04498487
v 0.00145191 0.01279997 0.04438322
v 0.00069950 0.01264774 0.04424309
v -0.00162399 0.01080000 0.01819604
v -0.00136769 0.01080000 0.01889485
v -0.00122195 0.01156532 0.01885080
v 0.00000294 0.01279997 0.01695710
v -0.00076876 0.01279997 0.01571279
v -0.00068018 0.01264774 0.01730227
v -0.00138152 0.01264774 0.01617127
v -0.00125927 0.01221418 0.01759487
v -0.00190103 0.01221418 0.01656001
v -0.00164622 0.01156532 0.01779037
v -0.00224817 0.01156532 0.01681977
v -0.00178212 0.01080000 0.01785904
v -0.00174481 0.01279997 0.01462131
v -0.00226867 0.01264774 0.01517933
v -0.00271279 0.01221418 0.01565235
v -0.00300956 0.01156532 0.01596844
v 0.00084641 0.01279997 0.01974982
v 0.00054684 0.01279997 0.01831656
v 0.00008644 0.01264774 0.01984053
v -0.00018584 0.01264774 0.01853787
v -0.00055784 0.01221418 0.01991742
v -0.00080697 0.01221418 0.01872545
v -0.00098833 0.01156532 0.01996874
v -0.00113946 0.01080000 0.01998680
v -0.00311375 0.01080000 0.01607942
v -0.00260168 0.01080000 0.01661950
v -0.00237006 0.01080000 0.01691097
v 0.00067365 0.01080000 0.03763759
v 0.00082332 0.01156532 0.03766548
v 0.00093708 0.01179999 0.03768664
v 0.00124949 0.01221418 0.03774482
v 0.00165671 0.01253205 0.03782069
v 0.00188738 0.01264774 0.03786361
v 0.00263983 0.01279997 0.03800374
v 0.00272256 0.01279997 0.03547054
v 0.00196260 0.01264774 0.03556126
v 0.00131833 0.01221418 0.03563815
v 0.00088787 0.01156532 0.03568953
v 0.00073671 0.01080000 0.03570759
v 0.00277728 0.01279997 0.03674030
v 0.00201231 0.01264774 0.03671532
v 0.00093055 0.01156532 0.03667998
v 0.00136381 0.01221418 0.03669410
v 0.00077839 0.01080000 0.03667497
v 0.01175493 0.00829995 0.04786425
v 0.01225143 0.00829995 0.04780495
v 0.01182746 0.00817817 0.04847222
v 0.01232397 0.00817817 0.04841297
v 0.01188904 0.00783134 0.04898762
v 0.01238548 0.00783134 0.04892838
v 0.01193010 0.00731224 0.04933202
v 0.01242661 0.00731224 0.04927277
v 0.01194453 0.00669998 0.04945296
v 0.01244103 0.00669998 0.04939371
v 0.01194453 -0.00829995 0.04945296
v 0.01244103 -0.00829995 0.04939371
v 0.01191914 -0.00909996 0.04924011
v 0.01241564 -0.00909996 0.04918086
v 0.01184976 -0.00968563 0.04865860
v 0.01234620 -0.00968563 0.04859936
v 0.01184976 -0.00968563 0.04865860
v 0.01234620 -0.00968563 0.04859936
v 0.01175493 -0.00989997 0.04786425
v 0.01225143 -0.00989997 0.04780495
v 0.00628829 0.00469994 -0.00216037
v 0.00579178 0.00469994 -0.00210112
v 0.00621569 0.00457817 -0.00276834
v 0.00571924 0.00457817 -0.00270909
v 0.00615418 0.00423133 -0.00328380
v 0.00565773 0.00423133 -0.00322455
v 0.00611311 0.00371224 -0.00362819
v 0.00561660 0.00371224 -0.00356895
v 0.00609863 0.00309998 -0.00374913
v 0.00560218 0.00309998 -0.00368988
v 0.00609863 -0.00469994 -0.00374913
v 0.00560218 -0.00469994 -0.00368988
v 0.00612408 -0.00549996 -0.00353628
v 0.00562757 -0.00549996 -0.00347704
v 0.00612408 -0.00549996 -0.00353628
v 0.00562757 -0.00549996 -0.00347704
v 0.00619346 -0.00608563 -0.00295472
v 0.00569701 -0.00608563 -0.00289547
v 0.00628829 -0.00629997 -0.00216037
v 0.00579178 -0.00629997 -0.00210112
v 0.01184976 -0.00968563 0.04865860
v 0.01175493 -0.00989997 0.04786425
v 0.01187342 -0.00989997 0.04885721
v 0.01191914 -0.00909996 0.04924011
v 0.01196825 -0.00968563 0.04965156
v 0.01194453 -0.00829995 0.04945296
v 0.01203763 -0.00909996 0.05023306
v 0.01206302 -0.00829995 0.05044591
v 0.01194453 0.00669998 0.04945296
v 0.01206302 0.00669998 0.05044591
v 0.01193010 0.00731224 0.04933202
v 0.01203763 0.00749999 0.05023306
v 0.01188904 0.00783134 0.04898762
v 0.01196825 0.00808561 0.04965156
v 0.01182746 0.00817817 0.04847222
v 0.01187342 0.00829995 0.04885721
v 0.01175493 0.00829995 0.04786425
v 0.00571924 0.00457817 -0.00270909
v 0.00579178 0.00469994 -0.00210112
v 0.00567329 0.00469994 -0.00309408
v 0.00560218 -0.00469994 -0.00368988
v 0.00550908 -0.00549996 -0.00446999
v 0.00562757 -0.00549996 -0.00347704
v 0.00557846 -0.00608563 -0.00388843
v 0.00569701 -0.00608563 -0.00289547
v 0.00567329 -0.00629997 -0.00309408
v 0.00579178 -0.00629997 -0.00210112
v 0.00565773 0.00423133 -0.00322455
v 0.00557846 0.00448561 -0.00388843
v 0.00561660 0.00371224 -0.00356895
v 0.00550908 0.00389999 -0.00446999
v 0.00560218 0.00309998 -0.00368988
v 0.00548369 0.00309998 -0.00468284
v 0.00548369 -0.00469994 -0.00468284
v 0.00508201 0.00448561 -0.00382918
v 0.00517678 0.00469994 -0.00303483
v 0.00486869 0.00469994 -0.00561649
v 0.00501257 0.00389999 -0.00441068
v 0.00486869 -0.00629997 -0.00561649
v 0.00517678 -0.00629997 -0.00303483
v 0.00508201 -0.00608563 -0.00382918
v 0.00501257 -0.00549996 -0.00441068
v 0.00498718 -0.00469994 -0.00462353
v 0.00498718 0.00309998 -0.00462353
v 0.01168507 0.00829995 0.05149811
v 0.01137697 0.00829995 0.04891645
v 0.01147174 0.00808561 0.04971081
v 0.01137697 -0.00989997 0.04891645
v 0.01168507 -0.00989997 0.05149811
v 0.01147174 -0.00968563 0.04971081
v 0.01154118 -0.00909996 0.05029231
v 0.01154118 0.00749999 0.05029231
v 0.01156657 0.00669998 0.05050516
v 0.01156657 -0.00829995 0.05050516
v 0.01138633 0.00829995 0.04055643
v 0.00890398 0.00829995 0.04085266
v 0.01129150 0.00808561 0.03976207
v 0.00880915 0.00808561 0.04005831
v 0.01129150 0.00808561 0.03976207
v 0.00880915 0.00808561 0.04005831
v 0.01122212 0.00749999 0.03918051
v 0.00873977 0.00749999 0.03947681
v 0.01119673 0.00669998 0.03896766
v 0.00871432 0.00669998 0.03926396
v 0.01119673 -0.00829995 0.03896766
v 0.00871432 -0.00829995 0.03926396
v 0.01122212 -0.00909996 0.03918051
v 0.00873977 -0.00909996 0.03947681
v 0.01129150 -0.00968563 0.03976207
v 0.00880915 -0.00968563 0.04005831
v 0.01129150 -0.00968563 0.03976207
v 0.00880915 -0.00968563 0.04005831
v 0.01138633 -0.00989997 0.04055643
v 0.00890398 -0.00989997 0.04085266
v -0.00641066 -0.00629997 -0.00308442
v -0.00641066 -0.00639999 -0.00308442
v -0.00502151 -0.00629997 0.00855535
v -0.00422412 -0.00639999 0.01523679
v -0.00422412 0.00479996 0.01523679
v -0.00494897 0.00457817 0.00916332
v -0.00488746 0.00423133 0.00967872
v -0.00422412 -0.00628930 0.01523679
v -0.00485730 -0.00549996 0.00993121
v -0.00492668 -0.00608563 0.00934970
v -0.00502151 0.00469994 0.00855535
v -0.00641066 0.00479996 -0.00308442
v -0.00641066 0.00469994 -0.00308442
v -0.00484633 0.00371224 0.01002311
v -0.00424683 0.00451273 0.01504653
v -0.00422412 0.00468928 0.01523679
v -0.00424683 -0.00611269 0.01504653
v -0.00432902 -0.00507456 0.01435774
v -0.00483191 -0.00469994 0.01014405
v -0.00435787 -0.00384998 0.01411586
v -0.00483191 0.00309998 0.01014405
v -0.00435787 0.00224996 0.01411586
v -0.00432902 0.00347453 0.01435774
v -0.00999612 -0.00639999 0.00326872
v -0.00879460 -0.00639999 0.00278801
v -0.00641066 -0.00639999 -0.00308442
v -0.00751376 -0.00639999 0.00297242
v -0.00620043 -0.00639999 0.00625503
v -0.00422412 -0.00639999 0.01523679
v -0.00601596 -0.00639999 0.00497413
v -0.00649667 -0.00639999 0.00377262
v -0.00700063 -0.00639999 0.00727206
v -0.00820208 -0.00639999 0.00775278
v -0.01178324 -0.00639999 0.01029133
v -0.00948298 -0.00639999 0.00756836
v -0.01324957 -0.00639999 0.00893450
v -0.01050007 -0.00639999 0.00676817
v -0.01418924 -0.00639999 0.00717151
v -0.01098072 -0.00639999 0.00556666
v -0.01166063 -0.00639999 0.00017139
v -0.01315945 -0.00639999 0.00149220
v -0.01079630 -0.00639999 0.00428575
v -0.01414149 -0.00639999 0.00323194
v -0.01449793 -0.00639999 0.00519770
v -0.01050007 0.00479996 0.00676817
v -0.00948298 0.00479996 0.00756836
v -0.01178324 0.00479996 0.01029133
v -0.00700063 0.00479996 0.00727206
v -0.00620043 0.00479996 0.00625503
v -0.00422412 0.00479996 0.01523679
v -0.00601596 0.00479996 0.00497413
v -0.00641066 0.00479996 -0.00308442
v -0.00649667 0.00479996 0.00377262
v -0.00820208 0.00479996 0.00775278
v -0.00751376 0.00479996 0.00297242
v -0.00879460 0.00479996 0.00278801
v -0.01166063 0.00479996 0.00017139
v -0.00999612 0.00479996 0.00326872
v -0.01315945 0.00479996 0.00149220
v -0.01079630 0.00479996 0.00428575
v -0.01324957 0.00479996 0.00893450
v -0.01418924 0.00479996 0.00717151
v -0.01098072 0.00479996 0.00556666
v -0.01449793 0.00479996 0.00519770
v -0.01414149 0.00479996 0.00323194
v -0.00162399 0.00544995 0.01819604
v -0.00224352 0.00544995 0.01708626
v 0.00892967 0.00544995 0.01575279
v 0.00947481 0.00544995 0.02032035
v -0.00095119 0.00544995 0.02156466
v -0.00113946 0.00544995 0.01998680
v -0.00095119 -0.00704998 0.02156466
v 0.00947481 -0.00704998 0.02032035
v -0.00113946 -0.00704998 0.01998680
v 0.00892967 -0.00704998 0.01575279
v -0.00162399 -0.00704998 0.01819604
v -0.00224352 -0.00704998 0.01708626
v 0.00961989 -0.00680637 0.02153629
v -0.00080607 -0.00680637 0.02278059
v 0.00974291 -0.00611269 0.02256715
v -0.00068305 -0.00611269 0.02381145
v 0.00982517 -0.00507456 0.02325594
v -0.00060084 -0.00507456 0.02450025
v 0.00985402 -0.00384998 0.02349781
v -0.00057197 -0.00384998 0.02474212
v 0.00985402 0.00224996 0.02349781
v -0.00057197 0.00224996 0.02474212
v 0.00982517 0.00347453 0.02325594
v -0.00060084 0.00347453 0.02450025
v 0.00974291 0.00451273 0.02256715
v -0.00068305 0.00451273 0.02381145
v 0.00961989 0.00520641 0.02153629
v -0.00080607 0.00520641 0.02278059
v 0.00889212 -0.00989997 0.04075336
v -0.00010651 -0.00989997 0.04182732
v -0.00051427 -0.00989997 0.04401707
v -0.00057339 -0.00989997 0.04582649
v -0.00032638 -0.00989997 0.04789614
v 0.01137697 -0.00989997 0.04891645
v 0.01187342 -0.00989997 0.04885721
v 0.00018493 -0.00989997 0.04970240
v 0.00122934 -0.00989997 0.05126219
v 0.00270468 -0.00989997 0.05242294
v 0.00446647 -0.00989997 0.05307096
v 0.00634235 -0.00989997 0.05314284
v 0.00882471 -0.00989997 0.05284661
v 0.01168507 -0.00989997 0.05149811
v 0.01063096 -0.00989997 0.05233526
v 0.01199948 -0.00989997 0.05146062
v -0.00010651 0.00829995 0.04182732
v 0.00889212 0.00829995 0.04075336
v 0.01187342 0.00829995 0.04885721
v 0.01137697 0.00829995 0.04891645
v -0.00032638 0.00829995 0.04789614
v -0.00057339 0.00829995 0.04582649
v -0.00051427 0.00829995 0.04401707
v 0.00634235 0.00829995 0.05314284
v 0.00446647 0.00829995 0.05307096
v 0.00882471 0.00829995 0.05284661
v 0.01063096 0.00829995 0.05233526
v 0.01168507 0.00829995 0.05149811
v 0.01199948 0.00829995 0.05146062
v 0.00270468 0.00829995 0.05242294
v 0.00122934 0.00829995 0.05126219
v 0.00018493 0.00829995 0.04970240
v 0.00028126 0.00839996 0.03189134
v 0.00772840 0.00839996 0.03100258
v 0.00073671 0.00839996 0.03570759
v 0.00879806 0.00839996 0.03996527
v 0.00067365 0.00839996 0.03763759
v 0.00004572 0.00839996 0.04100978
v 0.00758326 0.00815636 0.02978664
v 0.00013614 0.00815636 0.03067541
v 0.00746024 0.00746274 0.02875578
v 0.00001311 0.00746274 0.02964454
v 0.00737804 0.00642455 0.02806699
v -0.00006909 0.00642455 0.02895581
v 0.00734913 0.00519997 0.02782511
v -0.00009796 0.00519997 0.02871394
v 0.00734913 -0.00679999 0.02782511
v -0.00009796 -0.00679999 0.02871394
v 0.00737804 -0.00802457 0.02806699
v -0.00006909 -0.00802457 0.02895581
v 0.00746024 -0.00906271 0.02875578
v 0.00001311 -0.00906271 0.02964454
v 0.00758326 -0.00975639 0.02978664
v 0.00013614 -0.00975639 0.03067541
v 0.00772840 -0.00999999 0.03100258
v 0.00028126 -0.00999999 0.03189134
v 0.00067365 -0.00999999 0.03763759
v 0.00004572 -0.00999999 0.04100978
v 0.00879806 -0.00999999 0.03996527
v 0.00073671 -0.00999999 0.03570759
v -0.00003100 0.00837487 0.04142183
v -0.00003100 -0.00997490 0.04142183
v -0.00814283 -0.01439994 0.00824922
v -0.00688559 -0.01439994 0.00779998
v 0.00366449 -0.01439994 0.04917800
v 0.00299460 -0.01439994 0.04812729
v 0.00210726 -0.01439994 -0.00213522
v 0.00282502 -0.01439994 -0.00100940
v 0.00284690 -0.01439994 0.04688996
v 0.00325072 -0.01439994 0.04571110
v 0.00472397 -0.01439994 0.04983401
v 0.00596315 -0.01439994 0.04996538
v 0.00713658 -0.01439994 0.04954612
v 0.00801188 -0.01439994 0.04865914
v 0.00841570 -0.01439994 0.04748028
v 0.00298327 -0.01439994 0.00031626
v 0.00255060 -0.01439994 0.00157928
v 0.00826806 -0.01439994 0.04624295
v -0.00255060 -0.01439994 -0.00157928
v -0.00161278 -0.01439994 -0.00252956
v -0.00035551 -0.01439994 -0.00297886
v 0.00097217 -0.01439994 -0.00283807
v -0.00639105 -0.01439994 0.00313514
v -0.00282502 -0.01439994 0.00100940
v -0.00567329 -0.01439994 0.00426096
v -0.00210726 -0.01439994 0.00213522
v -0.00551510 -0.01439994 0.00558662
v -0.00097217 -0.01439994 0.00283807
v 0.00035551 -0.01439994 0.00297880
v -0.01104897 -0.01439994 0.00369108
v -0.01011115 -0.01439994 0.00274080
v -0.00885385 -0.01439994 0.00229150
v -0.00752622 -0.01439994 0.00243229
v -0.00298327 -0.01439994 -0.00031626
v -0.01148164 -0.01439994 0.00495416
v -0.01132345 -0.01439994 0.00627983
v 0.00412607 -0.01439994 0.04482418
v 0.00529951 -0.01439994 0.04440486
v 0.00161278 -0.01439994 0.00252956
v -0.00594771 -0.01439994 0.00684971
v -0.01060569 -0.01439994 0.00740564
v -0.00947052 -0.01439994 0.00810850
v 0.00653869 -0.01439994 0.04453623
v 0.00759810 -0.01439994 0.04519224
v 0.00882471 -0.00989997 0.05284661
v 0.00634235 -0.00989997 0.05314284
v 0.01199948 0.00829995 0.05146062
v 0.01199948 -0.00989997 0.05146062
v 0.01063096 -0.00989997 0.05233526
v 0.00882471 0.00829995 0.05284661
v 0.01063096 0.00829995 0.05233526
v 0.00518310 -0.00629997 -0.00565404
v 0.00364715 -0.00629997 -0.00618207
v 0.00518310 0.00469994 -0.00565404
v 0.00364715 0.00469994 -0.00618207
v 0.00177133 -0.00629997 -0.00625396
v 0.00177133 0.00469994 -0.00625396
v -0.00071103 -0.00629997 -0.00595766
v -0.00316220 -0.00629997 -0.00509900
v -0.00198364 -0.00629997 -0.00566256
v -0.00113946 0.00544995 0.01998680
v -0.00162399 0.00544995 0.01819604
v -0.00224352 0.00544995 0.01708626
v -0.00260168 0.00540972 0.01661950
v -0.00323218 0.00520641 0.01597094
v -0.00399053 0.00483096 0.01538962
v -0.00080607 0.00520641 0.02278059
v -0.00095119 0.00544995 0.02156466
v -0.00080607 -0.00680637 0.02278059
v -0.00095119 -0.00704998 0.02156466
v -0.00113946 -0.00704998 0.01998680
v -0.00009796 0.00519997 0.02871394
v -0.00006909 0.00642455 0.02895581
v -0.00068305 0.00451273 0.02381145
v 0.00001311 0.00746274 0.02964454
v 0.00013614 0.00815636 0.03067541
v 0.00028126 0.00839996 0.03189134
v 0.00073671 0.00839996 0.03570759
v -0.00060084 0.00347453 0.02450025
v -0.00057197 0.00224996 0.02474212
v -0.00009796 -0.00679999 0.02871394
v 0.00073671 -0.00999999 0.03570759
v 0.00028126 -0.00999999 0.03189134
v 0.00013614 -0.00975639 0.03067541
v 0.00001311 -0.00906271 0.02964454
v -0.00068305 -0.00611269 0.02381145
v -0.00006909 -0.00802457 0.02895581
v -0.00060084 -0.00507456 0.02450025
v -0.00057197 -0.00384998 0.02474212
v 0.00067365 0.00839996 0.03763759
v -0.00051427 0.00829995 0.04401707
v -0.00010651 0.00829995 0.04182732
v -0.00003100 0.00837487 0.04142183
v 0.00004572 0.00839996 0.04100978
v -0.00057339 -0.00989997 0.04582649
v -0.00051427 -0.00989997 0.04401707
v -0.00032638 -0.00989997 0.04789614
v 0.00446647 -0.00989997 0.05307096
v 0.00270468 -0.00989997 0.05242294
v 0.00122934 -0.00989997 0.05126219
v 0.00018493 -0.00989997 0.04970240
v 0.00284690 0.01279997 0.04688996
v 0.00298327 0.01279997 0.00031626
v 0.00255060 0.01279997 0.00157928
v 0.00299460 0.01279997 0.04812729
v 0.00325072 0.01279997 0.04571110
v -0.00639105 0.01279997 0.00313514
v 0.00035551 0.01279997 0.00297880
v -0.00097217 0.01279997 0.00283807
v 0.00472397 0.01279997 0.04983401
v 0.00366449 0.01279997 0.04917800
v 0.00412607 0.01279997 0.04482418
v -0.00752622 0.01279997 0.00243229
v -0.00210726 0.01279997 0.00213522
v -0.00885385 0.01279997 0.00229150
v -0.00594771 0.01279997 0.00684971
v -0.01148164 0.01279997 0.00495416
v -0.01104897 0.01279997 0.00369108
v -0.01011115 0.01279997 0.00274080
v 0.00282502 0.01279997 -0.00100940
v 0.00210726 0.01279997 -0.00213522
v 0.00097217 0.01279997 -0.00283807
v -0.00035551 0.01279997 -0.00297886
v -0.00282502 0.01279997 0.00100940
v -0.00298327 0.01279997 -0.00031626
v -0.00255060 0.01279997 -0.00157928
v -0.00161278 0.01279997 -0.00252956
v 0.00596315 0.01279997 0.04996538
v 0.00713658 0.01279997 0.04954612
v 0.00801188 0.01279997 0.04865914
v 0.00161278 0.01279997 0.00252956
v -0.01132345 0.01279997 0.00627983
v -0.00551510 0.01279997 0.00558662
v -0.00567329 0.01279997 0.00426096
v 0.00529951 0.01279997 0.04440486
v -0.00688559 0.01279997 0.00779998
v -0.00814283 0.01279997 0.00824922
v -0.00947052 0.01279997 0.00810850
v -0.01060569 0.01279997 0.00740564
v 0.00653869 0.01279997 0.04453623
v 0.00759810 0.01279997 0.04519224
v 0.00826806 0.01279997 0.04624295
v 0.00841570 0.01279997 0.04748028
v 0.00634235 0.00829995 0.05314284
v -0.00071103 0.00469994 -0.00595766
v -0.00316220 0.00469994 -0.00509900
v -0.00198364 0.00469994 -0.00566256
v -0.00162399 -0.00704998 0.01819604
v -0.00224352 -0.00704998 0.01708626
v -0.00399053 -0.00643092 0.01538962
v -0.00323218 -0.00680637 0.01597094
v -0.00260168 -0.00700974 0.01661950
v 0.00067365 -0.00999999 0.03763759
v -0.00010651 -0.00989997 0.04182732
v 0.00004572 -0.00999999 0.04100978
v -0.00003100 -0.00997490 0.04142183
v -0.00057339 0.00829995 0.04582649
v -0.00032638 0.00829995 0.04789614
v 0.00446647 0.00829995 0.05307096
v 0.00270468 0.00829995 0.05242294
v 0.00122934 0.00829995 0.05126219
v 0.00018493 0.00829995 0.04970240
v -0.00410896 0.00476176 0.01531213
v -0.00422412 0.00468928 0.01523679
v -0.00424683 0.00451273 0.01504653
v 0.00878453 0.00520641 0.01453679
v -0.00399053 0.00483096 0.01538962
v 0.00866151 0.00451273 0.01350599
v -0.00323218 0.00520641 0.01597094
v -0.00260168 0.00540972 0.01661950
v 0.00857931 0.00347453 0.01281720
v -0.00432902 0.00347453 0.01435774
v 0.00855047 0.00224996 0.01257532
v -0.00435787 0.00224996 0.01411586
v 0.00855047 -0.00384998 0.01257532
v -0.00435787 -0.00384998 0.01411586
v -0.00260168 -0.00700974 0.01661950
v 0.00878453 -0.00680637 0.01453679
v -0.00422412 -0.00628930 0.01523679
v -0.00410896 -0.00636172 0.01531213
v 0.00866151 -0.00611269 0.01350599
v -0.00399053 -0.00643092 0.01538962
v -0.00323218 -0.00680637 0.01597094
v 0.00857931 -0.00507456 0.01281720
v -0.00432902 -0.00507456 0.01435774
v -0.00424683 -0.00611269 0.01504653
v 0.00486869 -0.00629997 -0.00561649
v 0.00518310 -0.00629997 -0.00565404
v 0.00364715 -0.00629997 -0.00618207
v 0.00567329 -0.00629997 -0.00309408
v 0.00517678 -0.00629997 -0.00303483
v -0.00641066 -0.00629997 -0.00308442
v -0.00421816 -0.00629997 0.00684810
v 0.00526202 -0.00629997 0.00160027
v 0.00439733 -0.00629997 0.00330347
v 0.00720078 -0.00629997 0.00548530
v 0.00549203 -0.00629997 -0.00029592
v -0.00248969 -0.00629997 0.00490415
v -0.00401688 -0.00629997 0.00375688
v 0.00300229 -0.00629997 0.00460827
v 0.00124508 -0.00629997 0.00535720
v -0.00066226 -0.00629997 0.00545996
v -0.00439733 -0.00629997 -0.00330347
v -0.00316220 -0.00629997 -0.00509900
v -0.00300229 -0.00629997 -0.00460827
v -0.00198364 -0.00629997 -0.00566256
v -0.00124508 -0.00629997 -0.00535720
v 0.00505960 -0.00629997 -0.00215644
v 0.00401688 -0.00629997 -0.00375688
v 0.00248969 -0.00629997 -0.00490415
v 0.00066226 -0.00629997 -0.00545996
v 0.00177133 -0.00629997 -0.00625396
v -0.00071103 -0.00629997 -0.00595766
v -0.00505960 -0.00629997 0.00215644
v -0.00549203 -0.00629997 0.00029592
v -0.00526202 -0.00629997 -0.00160027
v 0.00734585 -0.00605637 0.00670123
v -0.00407302 -0.00605637 0.00806403
v 0.00746888 -0.00536269 0.00773209
v -0.00395000 -0.00536269 0.00909489
v 0.00755107 -0.00432455 0.00842088
v -0.00386781 -0.00432455 0.00978369
v 0.00757998 -0.00309998 0.00866276
v -0.00383896 -0.00309998 0.01002556
v 0.00757998 0.00149995 0.00866276
v -0.00383896 0.00149995 0.01002556
v 0.00755107 0.00272453 0.00842088
v -0.00386781 0.00272453 0.00978369
v 0.00746888 0.00376272 0.00773209
v -0.00395000 0.00376272 0.00909489
v 0.00734585 0.00445640 0.00670123
v -0.00407302 0.00445640 0.00806403
v 0.00720078 0.00469994 0.00548530
v -0.00421816 0.00469994 0.00684810
v 0.00364715 0.00469994 -0.00618207
v 0.00518310 0.00469994 -0.00565404
v 0.00486869 0.00469994 -0.00561649
v 0.00517678 0.00469994 -0.00303483
v 0.00567329 0.00469994 -0.00309408
v 0.00224697 0.00469994 0.00502002
v 0.00382841 0.00469994 0.00394875
v 0.00494814 0.00469994 0.00240117
v 0.00547099 0.00469994 0.00056405
v 0.00039455 0.00469994 0.00548577
v -0.00150549 0.00469994 0.00528991
v -0.00533396 0.00469994 0.00134110
v -0.00455356 0.00469994 0.00308460
v -0.00322395 0.00469994 0.00445598
v -0.00641066 0.00469994 -0.00308442
v -0.00547099 0.00469994 -0.00056405
v 0.00533396 0.00469994 -0.00134110
v 0.00455356 0.00469994 -0.00308460
v 0.00322395 0.00469994 -0.00445598
v 0.00150549 0.00469994 -0.00528991
v 0.00177133 0.00469994 -0.00625396
v -0.00071103 0.00469994 -0.00595766
v -0.00039455 0.00469994 -0.00548577
v -0.00198364 0.00469994 -0.00566256
v -0.00224697 0.00469994 -0.00502002
v -0.00316220 0.00469994 -0.00509900
v -0.00382841 0.00469994 -0.00394875
v -0.00494814 0.00469994 -0.00240117
v -0.00641066 -0.00629997 -0.00308442
v -0.00641066 -0.00639999 -0.00308442
v -0.01166063 -0.00639999 0.00017139
v -0.01178324 -0.00639999 0.01029133
v -0.01324957 -0.00639999 0.00893450
v -0.01418924 -0.00639999 0.00717151
v -0.01449793 -0.00639999 0.00519770
v -0.01414149 -0.00639999 0.00323194
v -0.01315945 -0.00639999 0.00149220
v -0.01178324 0.00479996 0.01029133
v -0.00422412 0.00479996 0.01523679
v -0.00422412 0.00468928 0.01523679
v -0.00410896 0.00476176 0.01531213
v -0.00422412 -0.00628930 0.01523679
v -0.00422412 -0.00639999 0.01523679
v -0.00410896 -0.00636172 0.01531213
v -0.01166063 0.00479996 0.00017139
v -0.00641066 0.00479996 -0.00308442
v -0.00641066 0.00469994 -0.00308442
v -0.01324957 0.00479996 0.00893450
v -0.01418924 0.00479996 0.00717151
v -0.01449793 0.00479996 0.00519770
v -0.01414149 0.00479996 0.00323194
v -0.01315945 0.00479996 0.00149220
v 0.00772840 -0.00999999 0.03100258
v 0.00879806 -0.00999999 0.03996527
v 0.00880915 -0.00968563 0.04005831
v 0.00889212 -0.00989997 0.04075336
v 0.00890398 -0.00989997 0.04085266
v 0.00758326 0.00815636 0.02978664
v 0.00871432 0.00669998 0.03926396
v 0.00772840 0.00839996 0.03100258
v 0.00873977 0.00749999 0.03947681
v 0.00879806 0.00839996 0.03996527
v 0.00880915 0.00808561 0.04005831
v 0.00889212 0.00829995 0.04075336
v 0.00890398 0.00829995 0.04085266
v 0.00873977 -0.00909996 0.03947681
v 0.00871432 -0.00829995 0.03926396
v 0.00758326 -0.00975639 0.02978664
v 0.00746024 0.00746274 0.02875578
v 0.00737804 0.00642455 0.02806699
v 0.00734913 0.00519997 0.02782511
v 0.00734913 -0.00679999 0.02782511
v 0.00737804 -0.00802457 0.02806699
v 0.00746024 -0.00906271 0.02875578
v 0.01196825 -0.00968563 0.04965156
v 0.01147174 -0.00968563 0.04971081
v 0.01203763 -0.00909996 0.05023306
v 0.01154118 -0.00909996 0.05029231
v 0.01203763 -0.00909996 0.05023306
v 0.01154118 -0.00909996 0.05029231
v 0.01206302 -0.00829995 0.05044591
v 0.01156657 -0.00829995 0.05050516
v 0.01206302 0.00669998 0.05044591
v 0.01156657 0.00669998 0.05050516
v 0.01203763 0.00749999 0.05023306
v 0.01154118 0.00749999 0.05029231
v 0.01203763 0.00749999 0.05023306
v 0.01154118 0.00749999 0.05029231
v 0.01196825 0.00808561 0.04965156
v 0.01147174 0.00808561 0.04971081
v 0.00548369 0.00309998 -0.00468284
v 0.00498718 0.00309998 -0.00462353
v 0.00548369 -0.00469994 -0.00468284
v 0.00498718 -0.00469994 -0.00462353
v 0.00628829 0.00469994 -0.00216037
v 0.00621569 0.00457817 -0.00276834
v 0.00615418 0.00423133 -0.00328380
v 0.00612408 -0.00549996 -0.00353628
v 0.00619346 -0.00608563 -0.00295472
v 0.00609863 -0.00469994 -0.00374913
v 0.00628829 -0.00629997 -0.00216037
v 0.00609863 0.00309998 -0.00374913
v 0.00611311 0.00371224 -0.00362819
v 0.00746888 -0.00536269 0.00773209
v 0.00755107 -0.00432455 0.00842088
v 0.00734585 -0.00605637 0.00670123
v 0.00757998 -0.00309998 0.00866276
v 0.00720078 -0.00629997 0.00548530
v 0.00757998 0.00149995 0.00866276
v 0.00755107 0.00272453 0.00842088
v 0.00746888 0.00376272 0.00773209
v 0.00720078 0.00469994 0.00548530
v 0.00734585 0.00445640 0.00670123
v 0.00557846 0.00448561 -0.00388843
v 0.00508201 0.00448561 -0.00382918
v 0.00557846 0.00448561 -0.00388843
v 0.00508201 0.00448561 -0.00382918
v 0.00550908 0.00389999 -0.00446999
v 0.00501257 0.00389999 -0.00441068
v 0.00550908 -0.00549996 -0.00446999
v 0.00501257 -0.00549996 -0.00441068
v 0.00557846 -0.00608563 -0.00388843
v 0.00508201 -0.00608563 -0.00382918
v 0.00557846 -0.00608563 -0.00388843
v 0.00508201 -0.00608563 -0.00382918
v 0.01138633 -0.00989997 0.04055643
v 0.01225143 -0.00989997 0.04780495
v 0.01225143 0.00829995 0.04780495
v 0.01238548 0.00783134 0.04892838
v 0.01232397 0.00817817 0.04841297
v 0.01242661 0.00731224 0.04927277
v 0.01244103 0.00669998 0.04939371
v 0.01244103 -0.00829995 0.04939371
v 0.01241564 -0.00909996 0.04918086
v 0.01234620 -0.00968563 0.04859936
v 0.01129150 0.00808561 0.03976207
v 0.01122212 0.00749999 0.03918051
v 0.01138633 0.00829995 0.04055643
v 0.01119673 0.00669998 0.03896766
v 0.01122212 -0.00909996 0.03918051
v 0.01129150 -0.00968563 0.03976207
v 0.01119673 -0.00829995 0.03896766
v -0.00752622 -0.01219999 0.00243229
v -0.00752622 -0.01439994 0.00243229
v -0.00639105 -0.01219999 0.00313514
v -0.00639105 -0.01439994 0.00313514
v -0.00567329 -0.01219999 0.00426096
v -0.00567329 -0.01439994 0.00426096
v -0.00551510 -0.01219999 0.00558662
v -0.00551510 -0.01439994 0.00558662
v -0.00594771 -0.01219999 0.00684971
v -0.00594771 -0.01439994 0.00684971
v -0.00688559 -0.01219999 0.00779998
v -0.00688559 -0.01439994 0.00779998
v -0.00820208 -0.01219999 0.00775278
v -0.00820208 -0.00639999 0.00775278
v -0.00700063 -0.01219999 0.00727206
v -0.00700063 -0.00639999 0.00727206
v -0.00620043 -0.01219999 0.00625503
v -0.00620043 -0.00639999 0.00625503
v -0.00620043 -0.01219999 0.00625503
v -0.00620043 -0.00639999 0.00625503
v -0.00601596 -0.01219999 0.00497413
v -0.00601596 -0.00639999 0.00497413
v -0.00649667 -0.01219999 0.00377262
v -0.00649667 -0.00639999 0.00377262
v -0.00649667 -0.01219999 0.00377262
v -0.00649667 -0.00639999 0.00377262
v -0.00751376 -0.01219999 0.00297242
v -0.00751376 -0.00639999 0.00297242
v -0.00688559 0.01059997 0.00779998
v -0.00688559 0.01279997 0.00779998
v -0.00594771 0.01059997 0.00684971
v -0.00594771 0.01279997 0.00684971
v -0.00551510 0.01059997 0.00558662
v -0.00551510 0.01279997 0.00558662
v -0.00567329 0.01059997 0.00426096
v -0.00567329 0.01279997 0.00426096
v -0.00639105 0.01059997 0.00313514
v -0.00639105 0.01279997 0.00313514
v -0.00752622 0.01059997 0.00243229
v -0.00752622 0.01279997 0.00243229
v -0.00820208 0.00479996 0.00775278
v -0.00820208 0.01059997 0.00775278
v -0.00700063 0.00479996 0.00727206
v -0.00700063 0.01059997 0.00727206
v -0.00620043 0.00479996 0.00625503
v -0.00620043 0.01059997 0.00625503
v -0.00620043 0.00479996 0.00625503
v -0.00620043 0.01059997 0.00625503
v -0.00601596 0.00479996 0.00497413
v -0.00601596 0.01059997 0.00497413
v -0.00649667 0.00479996 0.00377262
v -0.00649667 0.01059997 0.00377262
v -0.00649667 0.00479996 0.00377262
v -0.00649667 0.01059997 0.00377262
v -0.00751376 0.00479996 0.00297242
v -0.00751376 0.01059997 0.00297242
v 0.00644147 -0.01409995 0.04482001
v 0.00653869 -0.01439994 0.04453623
v 0.00738740 -0.01409995 0.04540574
v 0.00759810 -0.01439994 0.04519224
v 0.00798553 -0.01409995 0.04634392
v 0.00826806 -0.01439994 0.04624295
v 0.00811738 -0.01409995 0.04744869
v 0.00841570 -0.01439994 0.04748028
v 0.00775683 -0.01409995 0.04850125
v 0.00801188 -0.01439994 0.04865914
v 0.00697529 -0.01409995 0.04929316
v 0.00713658 -0.01439994 0.04954612
v 0.00097217 -0.01219999 -0.00283807
v 0.00097217 -0.01439994 -0.00283807
v 0.00210726 -0.01219999 -0.00213522
v 0.00210726 -0.01439994 -0.00213522
v 0.00282502 -0.01219999 -0.00100940
v 0.00282502 -0.01439994 -0.00100940
v 0.00298327 -0.01219999 0.00031626
v 0.00298327 -0.01439994 0.00031626
v 0.00255060 -0.01219999 0.00157928
v 0.00255060 -0.01439994 0.00157928
v 0.00161278 -0.01219999 0.00252956
v 0.00161278 -0.01439994 0.00252956
v 0.00161278 0.01059997 0.00252956
v 0.00161278 0.01279997 0.00252956
v 0.00255060 0.01059997 0.00157928
v 0.00255060 0.01279997 0.00157928
v 0.00298327 0.01059997 0.00031626
v 0.00298327 0.01279997 0.00031626
v 0.00282502 0.01059997 -0.00100940
v 0.00282502 0.01279997 -0.00100940
v 0.00210726 0.01059997 -0.00213522
v 0.00210726 0.01279997 -0.00213522
v 0.00097217 0.01059997 -0.00283807
v 0.00097217 0.01279997 -0.00283807
v 0.00697529 0.01249998 0.04929316
v 0.00713658 0.01279997 0.04954612
v 0.00775683 0.01249998 0.04850125
v 0.00801188 0.01279997 0.04865914
v 0.00811738 0.01249998 0.04744869
v 0.00841570 0.01279997 0.04748028
v 0.00798553 0.01249998 0.04634392
v 0.00826806 0.01279997 0.04624295
v 0.00738740 0.01249998 0.04540574
v 0.00759810 0.01279997 0.04519224
v 0.00644147 0.01249998 0.04482001
v 0.00653869 0.01279997 0.04453623
v 0.00005624 0.01069998 -0.00229931
v 0.00060976 0.01069998 -0.00268149
v 0.00119835 0.01069998 -0.00196314
v 0.00171280 0.01069998 -0.00215137
v 0.00201935 0.01069998 -0.00110090
v 0.00247669 0.01069998 -0.00119513
v 0.00229931 0.01069998 0.00005624
v 0.00274998 0.01069998 -0.00000223
v 0.00196314 0.01069998 0.00119835
v 0.00247860 0.01069998 0.00119114
v 0.00110090 0.01069998 0.00201935
v 0.00171632 0.01069998 0.00214863
v -0.00005624 0.01069998 0.00229931
v 0.00061411 0.01069998 0.00268054
v -0.00060976 0.01069998 0.00268149
v -0.00119835 0.01069998 0.00196314
v -0.00171280 0.01069998 0.00215137
v -0.00201935 0.01069998 0.00110090
v -0.00247669 0.01069998 0.00119513
v -0.00229931 0.01069998 -0.00005624
v -0.00274998 0.01069998 0.00000223
v -0.00196314 0.01069998 -0.00119835
v -0.00247860 0.01069998 -0.00119114
v -0.00110090 0.01069998 -0.00201935
v -0.00171632 0.01069998 -0.00214863
v -0.00061411 0.01069998 -0.00268054
v 0.00229931 0.01069998 0.00005624
v 0.00239927 0.01059997 0.00005868
v 0.00210714 0.01059997 -0.00114882
v 0.00201935 0.01069998 -0.00110090
v 0.00125045 0.01059997 -0.00204849
v 0.00119835 0.01069998 -0.00196314
v 0.00005868 0.01059997 -0.00239927
v 0.00005624 0.01069998 -0.00229931
v -0.00114882 0.01059997 -0.00210714
v -0.00110090 0.01069998 -0.00201935
v -0.00204849 0.01059997 -0.00125045
v -0.00196314 0.01069998 -0.00119835
v -0.00239927 0.01059997 -0.00005868
v -0.00229931 0.01069998 -0.00005624
v -0.00210714 0.01059997 0.00114882
v -0.00201935 0.01069998 0.00110090
v -0.00125045 0.01059997 0.00204849
v -0.00119835 0.01069998 0.00196314
v -0.00005868 0.01059997 0.00239927
v -0.00005624 0.01069998 0.00229931
v 0.00114882 0.01059997 0.00210714
v 0.00110090 0.01069998 0.00201935
v 0.00204849 0.01059997 0.00125045
v 0.00196314 0.01069998 0.00119835
vt 0.56458333 0.34821429
vt 0.56458333 0.34821429
vt 0.56458333 0.34821429
vt 0.56458333 0.34821429
vt 0.56458333 0.34821429
vt 0.56458333 0.34821429
vt 0.56458333 0.34821429
vt 0.56458333 0.34821429
vt 0.56458333 0.34821429
vt 0.56458333 0.34821429
vt 0.56458333 0.34821429
vt 0.56458333 0.34821429
vt 0.56458333 0.34821429
vt 0.56458333 0.34821429
vt 0.56458333 0.34821429
vt 0.56458333 0.34821429
vt 0.56458333 0.34821429
vt 0.56458333 0.34821429
vt 0.56458333 0.34821429
vt 0.56458333 0.34821429
vt 0.56458333 0.34821429
vt 0.56458333 0.34821429
vt 0.56458333 0.34821429
vt 0.56458333 0.34821429
vt 0.56458333 0.34821429
vt 0.56458333 0.34821429
vt 0.56458333 0.34821429
vt 0.56458333 0.34821429
vt 0.56458333 0.34821429
vt 0.56458333 0.34821429
vt 0.56458333 0.34821429
vt 0.56458333 0.34821429
vt 0.56458333 0.34821429
vt 0.56458333 0.34821429
vt 0.56458333 0.34821429
vt 0.56458333 0.34821429
vt 0.56458333 0.34821429
vt 0.56458333 0.34821429
vt 0.56458333 0.34821429
vt 0.56458333 0.34821429
vt 0.56458333 0.34821429
vt 0.56458333 0.34821429
vt 0.56458333 0.34821429
vt 0.56458333 0.34821429
vt 0.56458333 0.34821429
vt 0.56458333 0.34821429
vt 0.56458333 0.34821429
vt 0.56458333 0.34821429
vt 0.56458333 0.34821429
vt 0.56458333 0.34821429
vt 0.56458333 0.34821429
vt 0.56458333 0.34821429
vt 0.56458333 0.34821429
vt 0.56458333 0.34821429
vt 0.56458333 0.34821429
vt 0.56458333 0.34821429
vt 0.56458333 0.34821429
vt 0.56458333 0.34821429
vt 0.56458333 0.34821429
vt 0.56458333 0.34821429
vt 0.56458333 0.34821429
vt 0.56458333 0.34821429
vt 0.56458333 0.34821429
vt 0.56458333 0.34821429
vt 0.56458333 0.34821429
vt 0.56458333 0.34821429
vt 0.56458333 0.34821429
vt 0.56458333 0.34821429
vt 0.56458333 0.34821429
vt 0.56458333 0.34821429
vt 0.56458333 0.34821429
vt 0.56458333 0.34821429
vt 0.56458333 0.34821429
vt 0.56458333 0.34821429
vt 0.56458333 0.34821429
vt 0.56458333 0.34821429
vt 0.56458333 0.34821429
vt 0.56458333 0.34821429
vt 0.56458333 0.34821429
vt 0.56458333 0.34821429
vt 0.56458333 0.34821429
vt 0.56458333 0.34821429
vt 0.56458333 0.34821429
vt 0.56458333 0.34821429
vt 0.56458333 0.34821429
vt 0.56458333 0.34821429
vt 0.56458333 0.34821429
vt 0.56458333 0.34821429
vt 0.56458333 0.34821429
vt 0.56458333 0.34821429
vt 0.56458333 0.34821429
vt 0.56458333 0.34821429
vt 0.56458333 0.34821429
vt 0.56458333 0.34821429
vt 0.56458333 0.34821429
vt 0.56458333 0.34821429
vt 0.56458333 0.34821429
vt 0.56458333 0.34821429
vt 0.56458333 0.34821429
vt 0.56458333 0.34821429
vt 0.56458333 0.34821429
vt 0.56458333 0.34821429
vt 0.56458333 0.34821429
vt 0.56458333 0.34821429
vt 0.56458333 0.34821429
vt 0.56458333 0.34821429
vt 0.56458333 0.34821429
vt 0.56458333 0.34821429
vt 0.56458333 0.34821429
vt 0.56458333 0.34821429
vt 0.56458333 0.34821429
vt 0.56458333 0.34821429
vt 0.56458333 0.34821429
vt 0.56458333 0.34821429
vt 0.56458333 0.34821429
vt 0.56458333 0.34821429
vt 0.56458333 0.34821429
vt 0.56458333 0.34821429
vt 0.56458333 0.34821429
vt 0.56458333 0.34821429
vt 0.56458333 0.34821429
vt 0.56458333 0.34821429
vt 0.56458333 0.34821429
vt 0.56458333 0.34821429
vt 0.56458333 0.34821429
vt 0.56458333 0.34821429
vt 0.56458333 0.34821429
vt 0.56458333 0.34821429
vt 0.56458333 0.34821429
vt 0.56458333 0.34821429
vt 0.56458333 0.34821429
vt 0.56458333 0.34821429
vt 0.56458333 0.34821429
vt 0.56458333 0.34821429
vt 0.56458333 0.34821429
vt 0.56458333 0.34821429
vt 0.56458333 0.34821429
vt 0.56458333 0.34821429
vt 0.56458333 0.34821429
vt 0.56458333 0.34821429
vt 0.56458333 0.34821429
vt 0.56458333 0.34821429
vt 0.56458333 0.34821429
vt 0.56458333 0.34821429
vt 0.56458333 0.34821429
vt 0.56458333 0.34821429
vt 0.56458333 0.34821429
vt 0.56458333 0.34821429
vt 0.56458333 0.34821429
vt 0.56458333 0.34821429
vt 0.56458333 0.34821429
vt 0.56458333 0.34821429
vt 0.56458333 0.34821429
vt 0.56458333 0.34821429
vt 0.56458333 0.34821429
vt 0.56458333 0.34821429
vt 0.56458333 0.34821429
vt 0.56458333 0.34821429
vt 0.56458333 0.34821429
vt 0.56458333 0.34821429
vt 0.56458333 0.34821429
vt 0.56458333 0.34821429
vt 0.56458333 0.34821429
vt 0.56458333 0.34821429
vt 0.56458333 0.34821429
vt 0.56458333 0.34821429
vt 0.56458333 0.34821429
vt 0.56458333 0.34821429
vt 0.56458333 0.34821429
vt 0.56458333 0.34821429
vt 0.56458333 0.34821429
vt 0.56458333 0.34821429
vt 0.56458333 0.34821429
vt 0.56458333 0.34821429
vt 0.56458333 0.34821429
vt 0.56458333 0.34821429
vt 0.56458333 0.34821429
vt 0.56458333 0.34821429
vt 0.56458333 0.34821429
vt 0.56458333 0.34821429
vt 0.56458333 0.34821429
vt 0.56458333 0.34821429
vt 0.56458333 0.34821429
vt 0.56458333 0.34821429
vt 0.56458333 0.34821429
vt 0.56458333 0.34821429
vt 0.56458333 0.34821429
vt 0.56458333 0.34821429
vt 0.56458333 0.34821429
vt 0.56458333 0.34821429
vt 0.56458333 0.34821429
vt 0.56458333 0.34821429
vt 0.56458333 0.34821429
vt 0.56458333 0.34821429
vt 0.56458333 0.34821429
vt 0.56458333 0.34821429
vt 0.56458333 0.34821429
vt 0.56458333 0.34821429
vt 0.56458333 0.34821429
vt 0.56458333 0.34821429
vt 0.56458333 0.34821429
vt 0.56458333 0.34821429
vt 0.56458333 0.34821429
vt 0.56458333 0.34821429
vt 0.56458333 0.34821429
vt 0.56458333 0.34821429
vt 0.56458333 0.34821429
vt 0.56458333 0.34821429
vt 0.56458333 0.34821429
vt 0.56458333 0.34821429
vt 0.56458333 0.34821429
vt 0.56458333 0.34821429
vt 0.56458333 0.34821429
vt 0.56458333 0.34821429
vt 0.56458333 0.34821429
vt 0.56458333 0.34821429
vt 0.56458333 0.34821429
vt 0.56458333 0.34821429
vt 0.56458333 0.34821429
vt 0.56458333 0.34821429
vt 0.56458333 0.34821429
vt 0.56458333 0.34821429
vt 0.56458333 0.34821429
vt 0.56458333 0.34821429
vt 0.56458333 0.34821429
vt 0.56458333 0.34821429
vt 0.56458333 0.34821429
vt 0.56458333 0.34821429
vt 0.56458333 0.34821429
vt 0.56458333 0.34821429
vt 0.56458333 0.34821429
vt 0.56458333 0.34821429
vt 0.56458333 0.34821429
vt 0.56458333 0.34821429
vt 0.56458333 0.34821429
vt 0.56458333 0.34821429
vt 0.56458333 0.34821429
vt 0.56458333 0.34821429
vt 0.56458333 0.34821429
vt 0.56458333 0.34821429
vt 0.56458333 0.34821429
vt 0.56458333 0.34821429
vt 0.56458333 0.34821429
vt 0.56458333 0.34821429
vt 0.56458333 0.34821429
vt 0.56458333 0.34821429
vt 0.56458333 0.34821429
vt 0.56458333 0.34821429
vt 0.56458333 0.34821429
vt 0.56458333 0.34821429
vt 0.56458333 0.34821429
vt 0.56458333 0.34821429
vt 0.56458333 0.34821429
vt 0.56458333 0.34821429
vt 0.56458333 0.34821429
vt 0.56458333 0.34821429
vt 0.56458333 0.34821429
vt 0.56458333 0.34821429
vt 0.56458333 0.34821429
vt 0.56458333 0.34821429
vt 0.56458333 0.34821429
vt 0.56458333 0.34821429
vt 0.56458333 0.34821429
vt 0.56458333 0.34821429
vt 0.56458333 0.34821429
vt 0.56458333 0.34821429
vt 0.56458333 0.34821429
vt 0.56458333 0.34821429
vt 0.56458333 0.34821429
vt 0.56458333 0.34821429
vt 0.56458333 0.34821429
vt 0.56458333 0.34821429
vt 0.56458333 0.34821429
vt 0.56458333 0.34821429
vt 0.56458333 0.34821429
vt 0.56458333 0.34821429
vt 0.56458333 0.34821429
vt 0.56458333 0.34821429
vt 0.56458333 0.34821429
vt 0.56458333 0.34821429
vt 0.56458333 0.34821429
vt 0.56458333 0.34821429
vt 0.56458333 0.34821429
vt 0.56458333 0.34821429
vt 0.56458333 0.34821429
vt 0.56458333 0.34821429
vt 0.56458333 0.34821429
vt 0.56458333 0.34821429
vt 0.56458333 0.34821429
vt 0.56458333 0.34821429
vt 0.56458333 0.34821429
vt 0.56458333 0.34821429
vt 0.56458333 0.34821429
vt 0.56458333 0.34821429
vt 0.56458333 0.34821429
vt 0.56458333 0.34821429
vt 0.56458333 0.34821429
vt 0.56458333 0.34821429
vt 0.56458333 0.34821429
vt 0.56458333 0.34821429
vt 0.56458333 0.34821429
vt 0.56458333 0.34821429
vt 0.56458333 0.34821429
vt 0.56458333 0.34821429
vt 0.56458333 0.34821429
vt 0.56458333 0.34821429
vt 0.56458333 0.34821429
vt 0.56458333 0.34821429
vt 0.56458333 0.34821429
vt 0.56458333 0.34821429
vt 0.56458333 0.34821429
vt 0.56458333 0.34821429
vt 0.56458333 0.34821429
vt 0.56458333 0.34821429
vt 0.56458333 0.34821429
vt 0.56458333 0.34821429
vt 0.56458333 0.34821429
vt 0.56458333 0.34821429
vt 0.56458333 0.34821429
vt 0.56458333 0.34821429
vt 0.56458333 0.34821429
vt 0.56458333 0.34821429
vt 0.56458333 0.34821429
vt 0.56458333 0.34821429
vt 0.56458333 0.34821429
vt 0.56458333 0.34821429
vt 0.56458333 0.34821429
vt 0.56458333 0.34821429
vt 0.56458333 0.34821429
vt 0.56458333 0.34821429
vt 0.56458333 0.34821429
vt 0.56458333 0.34821429
vt 0.56458333 0.34821429
vt 0.56458333 0.34821429
vt 0.56458333 0.34821429
vt 0.56458333 0.34821429
vt 0.56458333 0.34821429
vt 0.56458333 0.34821429
vt 0.56458333 0.34821429
vt 0.56458333 0.34821429
vt 0.56458333 0.34821429
vt 0.56458333 0.34821429
vt 0.56458333 0.34821429
vt 0.56458333 0.34821429
vt 0.56458333 0.34821429
vt 0.56458333 0.34821429
vt 0.56458333 0.34821429
vt 0.56458333 0.34821429
vt 0.56458333 0.34821429
vt 0.56458333 0.34821429
vt 0.56458333 0.34821429
vt 0.56458333 0.34821429
vt 0.56458333 0.34821429
vt 0.56458333 0.34821429
vt 0.56458333 0.34821429
vt 0.56458333 0.34821429
vt 0.56458333 0.34821429
vt 0.56458333 0.34821429
vt 0.56458333 0.34821429
vt 0.56458333 0.34821429
vt 0.56458333 0.34821429
vt 0.56458333 0.34821429
vt 0.56458333 0.34821429
vt 0.56458333 0.34821429
vt 0.56458333 0.34821429
vt 0.56458333 0.34821429
vt 0.56458333 0.34821429
vt 0.56458333 0.34821429
vt 0.56458333 0.34821429
vt 0.56458333 0.34821429
vt 0.56458333 0.34821429
vt 0.56458333 0.34821429
vt 0.56458333 0.34821429
vt 0.56458333 0.34821429
vt 0.56458333 0.34821429
vt 0.56458333 0.34821429
vt 0.56458333 0.34821429
vt 0.56458333 0.34821429
vt 0.56458333 0.34821429
vt 0.56458333 0.34821429
vt 0.56458333 0.34821429
vt 0.56458333 0.34821429
vt 0.56458333 0.34821429
vt 0.56458333 0.34821429
vt 0.56458333 0.34821429
vt 0.56458333 0.34821429
vt 0.56458333 0.34821429
vt 0.56458333 0.34821429
vt 0.56458333 0.34821429
vt 0.56458333 0.34821429
vt 0.56458333 0.34821429
vt 0.56458333 0.34821429
vt 0.56458333 0.34821429
vt 0.56458333 0.34821429
vt 0.56458333 0.34821429
vt 0.56458333 0.34821429
vt 0.56458333 0.34821429
vt 0.56458333 0.34821429
vt 0.56458333 0.34821429
vt 0.56458333 0.34821429
vt 0.56458333 0.34821429
vt 0.56458333 0.34821429
vt 0.56458333 0.34821429
vt 0.56458333 0.34821429
vt 0.56458333 0.34821429
vt 0.56458333 0.34821429
vt 0.56458333 0.34821429
vt 0.56458333 0.34821429
vt 0.56458333 0.34821429
vt 0.56458333 0.34821429
vt 0.56458333 0.34821429
vt 0.56458333 0.34821429
vt 0.56458333 0.34821429
vt 0.56458333 0.34821429
vt 0.56458333 0.34821429
vt 0.56458333 0.34821429
vt 0.56458333 0.34821429
vt 0.56458333 0.34821429
vt 0.56458333 0.34821429
vt 0.56458333 0.34821429
vt 0.56458333 0.34821429
vt 0.56458333 0.34821429
vt 0.56458333 0.34821429
vt 0.56458333 0.34821429
vt 0.56458333 0.34821429
vt 0.16458333 0.34821429
vt 0.16458333 0.34821429
vt 0.16458333 0.34821429
vt 0.16458333 0.34821429
vt 0.16458333 0.34821429
vt 0.16458333 0.34821429
vt 0.16458333 0.34821429
vt 0.16458333 0.34821429
vt 0.16458333 0.34821429
vt 0.16458333 0.34821429
vt 0.16458333 0.34821429
vt 0.16458333 0.34821429
vt 0.16458333 0.34821429
vt 0.16458333 0.34821429
vt 0.16458333 0.34821429
vt 0.16458333 0.34821429
vt 0.16458333 0.34821429
vt 0.16458333 0.34821429
vt 0.16458333 0.34821429
vt 0.16458333 0.34821429
vt 0.16458333 0.34821429
vt 0.16458333 0.34821429
vt 0.16458333 0.34821429
vt 0.16458333 0.34821429
vt 0.16458333 0.34821429
vt 0.16458333 0.34821429
vt 0.16458333 0.34821429
vt 0.16458333 0.34821429
vt 0.16458333 0.34821429
vt 0.16458333 0.34821429
vt 0.16458333 0.34821429
vt 0.16458333 0.34821429
vt 0.16458333 0.34821429
vt 0.16458333 0.34821429
vt 0.16458333 0.34821429
vt 0.16458333 0.34821429
vt 0.16458333 0.34821429
vt 0.16458333 0.34821429
vt 0.16458333 0.34821429
vt 0.16458333 0.34821429
vt 0.16458333 0.34821429
vt 0.16458333 0.34821429
vt 0.16458333 0.34821429
vt 0.16458333 0.34821429
vt 0.16458333 0.34821429
vt 0.16458333 0.34821429
vt 0.16458333 0.34821429
vt 0.16458333 0.34821429
vt 0.16458333 0.34821429
vt 0.16458333 0.34821429
vt 0.16458333 0.34821429
vt 0.16458333 0.34821429
vt 0.16458333 0.34821429
vt 0.16458333 0.34821429
vt 0.16458333 0.34821429
vt 0.16458333 0.34821429
vt 0.16458333 0.34821429
vt 0.16458333 0.34821429
vt 0.16458333 0.34821429
vt 0.16458333 0.34821429
vt 0.16458333 0.34821429
vt 0.16458333 0.34821429
vt 0.16458333 0.34821429
vt 0.16458333 0.34821429
vt 0.16458333 0.34821429
vt 0.16458333 0.34821429
vt 0.16458333 0.34821429
vt 0.16458333 0.34821429
vt 0.16458333 0.34821429
vt 0.16458333 0.34821429
vt 0.16458333 0.34821429
vt 0.16458333 0.34821429
vt 0.16458333 0.34821429
vt 0.16458333 0.34821429
vt 0.16458333 0.34821429
vt 0.16458333 0.34821429
vt 0.16458333 0.34821429
vt 0.16458333 0.34821429
vt 0.16458333 0.34821429
vt 0.16458333 0.34821429
vt 0.16458333 0.34821429
vt 0.16458333 0.34821429
vt 0.16458333 0.34821429
vt 0.16458333 0.34821429
vt 0.16458333 0.34821429
vt 0.16458333 0.34821429
vt 0.16458333 0.34821429
vt 0.16458333 0.34821429
vt 0.16458333 0.34821429
vt 0.16458333 0.34821429
vt 0.16458333 0.34821429
vt 0.16458333 0.34821429
vt 0.16458333 0.34821429
vt 0.16458333 0.34821429
vt 0.16458333 0.34821429
vt 0.16458333 0.34821429
vt 0.16458333 0.34821429
vt 0.16458333 0.34821429
vt 0.16458333 0.34821429
vt 0.16458333 0.34821429
vt 0.16458333 0.34821429
vt 0.16458333 0.34821429
vt 0.16458333 0.34821429
vt 0.16458333 0.34821429
vt 0.16458333 0.34821429
vt 0.16458333 0.34821429
vt 0.16458333 0.34821429
vt 0.16458333 0.34821429
vt 0.16458333 0.34821429
vt 0.16458333 0.34821429
vt 0.16458333 0.34821429
vt 0.16458333 0.34821429
vt 0.16458333 0.34821429
vt 0.16458333 0.34821429
vt 0.16458333 0.34821429
vt 0.16458333 0.34821429
vt 0.16458333 0.34821429
vt 0.16458333 0.34821429
vt 0.16458333 0.34821429
vt 0.16458333 0.34821429
vt 0.16458333 0.34821429
vt 0.16458333 0.34821429
vt 0.16458333 0.34821429
vt 0.16458333 0.34821429
vt 0.16458333 0.34821429
vt 0.16458333 0.34821429
vt 0.16458333 0.34821429
vt 0.16458333 0.34821429
vt 0.16458333 0.34821429
vt 0.16458333 0.34821429
vt 0.16458333 0.34821429
vt 0.16458333 0.34821429
vt 0.16458333 0.34821429
vt 0.16458333 0.34821429
vt 0.16458333 0.34821429
vt 0.16458333 0.34821429
vt 0.16458333 0.34821429
vt 0.16458333 0.34821429
vt 0.16458333 0.34821429
vt 0.16458333 0.34821429
vt 0.16458333 0.34821429
vt 0.16458333 0.34821429
vt 0.16458333 0.34821429
vt 0.16458333 0.34821429
vt 0.16458333 0.34821429
vt 0.16458333 0.34821429
vt 0.16458333 0.34821429
vt 0.16458333 0.34821429
vt 0.16458333 0.34821429
vt 0.16458333 0.34821429
vt 0.16458333 0.34821429
vt 0.16458333 0.34821429
vt 0.16458333 0.34821429
vt 0.16458333 0.34821429
vt 0.16458333 0.34821429
vt 0.16458333 0.34821429
vt 0.16458333 0.34821429
vt 0.16458333 0.34821429
vt 0.16458333 0.34821429
vt 0.16458333 0.34821429
vt 0.16458333 0.34821429
vt 0.16458333 0.34821429
vt 0.16458333 0.34821429
vt 0.16458333 0.34821429
vt 0.16458333 0.34821429
vt 0.16458333 0.34821429
vt 0.16458333 0.34821429
vt 0.16458333 0.34821429
vt 0.16458333 0.34821429
vt 0.16458333 0.34821429
vt 0.16458333 0.34821429
vt 0.16458333 0.34821429
vt 0.16458333 0.34821429
vt 0.16458333 0.34821429
vt 0.16458333 0.34821429
vt 0.16458333 0.34821429
vt 0.16458333 0.34821429
vt 0.16458333 0.34821429
vt 0.16458333 0.34821429
vt 0.16458333 0.34821429
vt 0.16458333 0.34821429
vt 0.16458333 0.34821429
vt 0.16458333 0.34821429
vt 0.16458333 0.34821429
vt 0.16458333 0.34821429
vt 0.16458333 0.34821429
vt 0.16458333 0.34821429
vt 0.16458333 0.34821429
vt 0.16458333 0.34821429
vt 0.16458333 0.34821429
vt 0.16458333 0.34821429
vt 0.16458333 0.34821429
vt 0.16458333 0.34821429
vt 0.16458333 0.34821429
vt 0.16458333 0.34821429
vt 0.16458333 0.34821429
vt 0.16458333 0.34821429
vt 0.16458333 0.34821429
vt 0.16458333 0.34821429
vt 0.16458333 0.34821429
vt 0.16458333 0.34821429
vt 0.16458333 0.34821429
vt 0.16458333 0.34821429
vt 0.16458333 0.34821429
vt 0.16458333 0.34821429
vt 0.16458333 0.34821429
vt 0.16458333 0.34821429
vt 0.16458333 0.34821429
vt 0.16458333 0.34821429
vt 0.16458333 0.34821429
vt 0.16458333 0.34821429
vt 0.16458333 0.34821429
vt 0.16458333 0.34821429
vt 0.16458333 0.34821429
vt 0.16458333 0.34821429
vt 0.16458333 0.34821429
vt 0.16458333 0.34821429
vt 0.16458333 0.34821429
vt 0.16458333 0.34821429
vt 0.16458333 0.34821429
vt 0.16458333 0.34821429
vt 0.16458333 0.34821429
vt 0.16458333 0.34821429
vt 0.16458333 0.34821429
vt 0.16458333 0.34821429
vt 0.16458333 0.34821429
vt 0.16458333 0.34821429
vt 0.16458333 0.34821429
vt 0.16458333 0.34821429
vt 0.16458333 0.34821429
vt 0.16458333 0.34821429
vt 0.16458333 0.34821429
vt 0.16458333 0.34821429
vt 0.16458333 0.34821429
vt 0.16458333 0.34821429
vt 0.16458333 0.34821429
vt 0.16458333 0.34821429
vt 0.16458333 0.34821429
vt 0.16458333 0.34821429
vt 0.16458333 0.34821429
vt 0.16458333 0.34821429
vt 0.16458333 0.34821429
vt 0.16458333 0.34821429
vt 0.16458333 0.34821429
vt 0.16458333 0.34821429
vt 0.16458333 0.34821429
vt 0.16458333 0.34821429
vt 0.16458333 0.34821429
vt 0.16458333 0.34821429
vt 0.16458333 0.34821429
vt 0.16458333 0.34821429
vt 0.16458333 0.34821429
vt 0.16458333 0.34821429
vt 0.16458333 0.34821429
vt 0.16458333 0.34821429
vt 0.16458333 0.34821429
vt 0.16458333 0.34821429
vt 0.16458333 0.34821429
vt 0.16458333 0.34821429
vt 0.16458333 0.34821429
vt 0.16458333 0.34821429
vt 0.16458333 0.34821429
vt 0.16458333 0.34821429
vt 0.16458333 0.34821429
vt 0.16458333 0.34821429
vt 0.16458333 0.34821429
vt 0.16458333 0.34821429
vt 0.16458333 0.34821429
vt 0.16458333 0.34821429
vt 0.16458333 0.34821429
vt 0.16458333 0.34821429
vt 0.16458333 0.34821429
vt 0.16458333 0.34821429
vt 0.16458333 0.34821429
vt 0.16458333 0.34821429
vt 0.16458333 0.34821429
vt 0.16458333 0.34821429
vt 0.16458333 0.34821429
vt 0.16458333 0.34821429
vt 0.16458333 0.34821429
vt 0.16458333 0.34821429
vt 0.16458333 0.34821429
vt 0.16458333 0.34821429
vt 0.16458333 0.34821429
vt 0.16458333 0.34821429
vt 0.16458333 0.34821429
vt 0.16458333 0.34821429
vt 0.16458333 0.34821429
vt 0.16458333 0.34821429
vt 0.16458333 0.34821429
vt 0.16458333 0.34821429
vt 0.16458333 0.34821429
vt 0.16458333 0.34821429
vt 0.16458333 0.34821429
vt 0.16458333 0.34821429
vt 0.16458333 0.34821429
vt 0.16458333 0.34821429
vt 0.16458333 0.34821429
vt 0.16458333 0.34821429
vt 0.16458333 0.34821429
vt 0.16458333 0.34821429
vt 0.16458333 0.34821429
vt 0.16458333 0.34821429
vt 0.16458333 0.34821429
vt 0.16458333 0.34821429
vt 0.16458333 0.34821429
vt 0.16458333 0.34821429
vt 0.16458333 0.34821429
vt 0.16458333 0.34821429
vt 0.16458333 0.34821429
vt 0.16458333 0.34821429
vt 0.16458333 0.34821429
vt 0.16458333 0.34821429
vt 0.16458333 0.34821429
vt 0.16458333 0.34821429
vt 0.16458333 0.34821429
vt 0.16458333 0.34821429
vt 0.16458333 0.34821429
vt 0.16458333 0.34821429
vt 0.16458333 0.34821429
vt 0.16458333 0.34821429
vt 0.16458333 0.34821429
vt 0.16458333 0.34821429
vt 0.16458333 0.34821429
vt 0.16458333 0.34821429
vt 0.16458333 0.34821429
vt 0.16458333 0.34821429
vt 0.16458333 0.34821429
vt 0.16458333 0.34821429
vt 0.16458333 0.34821429
vt 0.16458333 0.34821429
vt 0.16458333 0.34821429
vt 0.16458333 0.34821429
vt 0.16458333 0.34821429
vt 0.16458333 0.34821429
vt 0.16458333 0.34821429
vt 0.16458333 0.34821429
vt 0.16458333 0.34821429
vt 0.16458333 0.34821429
vt 0.16458333 0.34821429
vt 0.16458333 0.34821429
vt 0.16458333 0.34821429
vt 0.16458333 0.34821429
vt 0.16458333 0.34821429
vt 0.16458333 0.34821429
vt 0.16458333 0.34821429
vt 0.16458333 0.34821429
vt 0.16458333 0.34821429
vt 0.16458333 0.34821429
vt 0.16458333 0.34821429
vt 0.16458333 0.34821429
vt 0.16458333 0.34821429
vt 0.16458333 0.34821429
vt 0.16458333 0.34821429
vt 0.16458333 0.34821429
vt 0.16458333 0.34821429
vt 0.16458333 0.34821429
vt 0.16458333 0.34821429
vt 0.16458333 0.34821429
vt 0.16458333 0.34821429
vt 0.16458333 0.34821429
vt 0.16458333 0.34821429
vt 0.16458333 0.34821429
vt 0.16458333 0.34821429
vt 0.16458333 0.34821429
vt 0.16458333 0.34821429
vt 0.16458333 0.34821429
vt 0.16458333 0.34821429
vt 0.16458333 0.34821429
vt 0.16458333 0.34821429
vt 0.16458333 0.34821429
vt 0.16458333 0.34821429
vt 0.16458333 0.34821429
vt 0.16458333 0.34821429
vt 0.16458333 0.34821429
vt 0.16458333 0.34821429
vt 0.16458333 0.34821429
vt 0.16458333 0.34821429
vt 0.16458333 0.34821429
vt 0.16458333 0.34821429
vt 0.16458333 0.34821429
vt 0.16458333 0.34821429
vt 0.16458333 0.34821429
vt 0.16458333 0.34821429
vt 0.16458333 0.34821429
vt 0.16458333 0.34821429
vt 0.16458333 0.34821429
vt 0.16458333 0.34821429
vt 0.16458333 0.34821429
vt 0.16458333 0.34821429
vt 0.16458333 0.34821429
vt 0.16458333 0.34821429
vt 0.16458333 0.34821429
vt 0.16458333 0.34821429
vt 0.16458333 0.34821429
vt 0.16458333 0.34821429
vt 0.16458333 0.34821429
vt 0.16458333 0.34821429
vt 0.16458333 0.34821429
vt 0.16458333 0.34821429
vt 0.16458333 0.34821429
vt 0.16458333 0.34821429
vt 0.16458333 0.34821429
vt 0.16458333 0.34821429
vt 0.16458333 0.34821429
vt 0.16458333 0.34821429
vt 0.16458333 0.34821429
vt 0.16458333 0.34821429
vt 0.16458333 0.34821429
vt 0.16458333 0.34821429
vt 0.16458333 0.34821429
vt 0.16458333 0.34821429
vt 0.16458333 0.34821429
vt 0.16458333 0.34821429
vt 0.16458333 0.34821429
vt 0.16458333 0.34821429
vt 0.16458333 0.34821429
vt 0.16458333 0.34821429
vt 0.16458333 0.34821429
vt 0.16458333 0.34821429
vt 0.16458333 0.34821429
vt 0.16458333 0.34821429
vt 0.16458333 0.34821429
vt 0.16458333 0.34821429
vt 0.16458333 0.34821429
vt 0.16458333 0.34821429
vt 0.16458333 0.34821429
vt 0.16458333 0.34821429
vt 0.16458333 0.34821429
vt 0.16458333 0.34821429
vt 0.16458333 0.34821429
vt 0.16458333 0.34821429
vt 0.16458333 0.34821429
vt 0.16458333 0.34821429
vt 0.16458333 0.34821429
vt 0.16458333 0.34821429
vt 0.16458333 0.34821429
vt 0.16458333 0.34821429
vt 0.16458333 0.34821429
vt 0.16458333 0.34821429
vt 0.16458333 0.34821429
vt 0.16458333 0.34821429
vt 0.16458333 0.34821429
vt 0.16458333 0.34821429
vt 0.16458333 0.34821429
vt 0.16458333 0.34821429
vt 0.16458333 0.34821429
vt 0.16458333 0.34821429
vt 0.16458333 0.34821429
vt 0.16458333 0.34821429
vt 0.16458333 0.34821429
vt 0.16458333 0.34821429
vt 0.16458333 0.34821429
vt 0.16458333 0.34821429
vt 0.16458333 0.34821429
vt 0.16458333 0.34821429
vt 0.16458333 0.34821429
vt 0.16458333 0.34821429
vt 0.16458333 0.34821429
vt 0.16458333 0.34821429
vt 0.16458333 0.34821429
vt 0.16458333 0.34821429
vt 0.16458333 0.34821429
vt 0.16458333 0.34821429
vt 0.16458333 0.34821429
vt 0.16458333 0.34821429
vt 0.16458333 0.34821429
vt 0.16458333 0.34821429
vt 0.16458333 0.34821429
vt 0.16458333 0.34821429
vt 0.16458333 0.34821429
vt 0.16458333 0.34821429
vt 0.16458333 0.34821429
vt 0.16458333 0.34821429
vt 0.16458333 0.34821429
vt 0.16458333 0.34821429
vt 0.16458333 0.34821429
vt 0.16458333 0.34821429
vt 0.16458333 0.34821429
vt 0.16458333 0.34821429
vt 0.16458333 0.34821429
vt 0.16458333 0.34821429
vt 0.16458333 0.34821429
vt 0.16458333 0.34821429
vt 0.16458333 0.34821429
vt 0.16458333 0.34821429
vt 0.16458333 0.34821429
vt 0.16458333 0.34821429
vt 0.16458333 0.34821429
vt 0.16458333 0.34821429
vt 0.16458333 0.34821429
vt 0.16458333 0.34821429
vt 0.16458333 0.34821429
vt 0.16458333 0.34821429
vt 0.16458333 0.34821429
vt 0.16458333 0.34821429
vt 0.16458333 0.34821429
vt 0.16458333 0.34821429
vt 0.16458333 0.34821429
vt 0.16458333 0.34821429
vt 0.16458333 0.34821429
vt 0.16458333 0.34821429
vt 0.16458333 0.34821429
vt 0.16458333 0.34821429
vt 0.16458333 0.34821429
vt 0.16458333 0.34821429
vt 0.16458333 0.34821429
vt 0.16458333 0.34821429
vt 0.16458333 0.34821429
vt 0.16458333 0.34821429
vt 0.16458333 0.34821429
vt 0.16458333 0.34821429
vt 0.16458333 0.34821429
vt 0.16458333 0.34821429
vt 0.16458333 0.34821429
vt 0.16458333 0.34821429
vt 0.16458333 0.34821429
vt 0.16458333 0.34821429
vt 0.16458333 0.34821429
vt 0.16458333 0.34821429
vt 0.16458333 0.34821429
vt 0.16458333 0.34821429
vt 0.16458333 0.34821429
vt 0.16458333 0.34821429
vt 0.16458333 0.34821429
vt 0.16458333 0.34821429
vt 0.16458333 0.34821429
vt 0.16458333 0.34821429
vt 0.16458333 0.34821429
vt 0.16458333 0.34821429
vt 0.16458333 0.34821429
vt 0.16458333 0.34821429
vt 0.16458333 0.34821429
vt 0.16458333 0.34821429
vt 0.16458333 0.34821429
vt 0.16458333 0.34821429
vt 0.16458333 0.34821429
vt 0.16458333 0.34821429
vt 0.16458333 0.34821429
vt 0.16458333 0.34821429
vt 0.16458333 0.34821429
vt 0.16458333 0.34821429
vt 0.16458333 0.34821429
vt 0.16458333 0.34821429
vt 0.16458333 0.34821429
vt 0.16458333 0.34821429
vt 0.16458333 0.34821429
vt 0.16458333 0.34821429
vt 0.16458333 0.34821429
vt 0.16458333 0.34821429
vt 0.16458333 0.34821429
vt 0.16458333 0.34821429
vt 0.16458333 0.34821429
vt 0.16458333 0.34821429
vt 0.16458333 0.34821429
vt 0.16458333 0.34821429
vt 0.16458333 0.34821429
vt 0.16458333 0.34821429
vt 0.16458333 0.34821429
vt 0.16458333 0.34821429
vt 0.16458333 0.34821429
vt 0.16458333 0.34821429
vt 0.16458333 0.34821429
vt 0.16458333 0.34821429
vt 0.16458333 0.34821429
vt 0.16458333 0.34821429
vt 0.16458333 0.34821429
vt 0.16458333 0.34821429
vt 0.16458333 0.34821429
vt 0.16458333 0.34821429
vt 0.16458333 0.34821429
vt 0.16458333 0.34821429
vt 0.16458333 0.34821429
vt 0.16458333 0.34821429
vt 0.16458333 0.34821429
vt 0.16458333 0.34821429
vt 0.16458333 0.34821429
vt 0.16458333 0.34821429
vt 0.16458333 0.34821429
vt 0.16458333 0.34821429
vt 0.16458333 0.34821429
vt 0.16458333 0.34821429
vt 0.16458333 0.34821429
vt 0.16458333 0.34821429
vt 0.16458333 0.34821429
vt 0.16458333 0.34821429
vt 0.16458333 0.34821429
vt 0.16458333 0.34821429
vt 0.16458333 0.34821429
vt 0.16458333 0.34821429
vt 0.16458333 0.34821429
vt 0.16458333 0.34821429
vt 0.16458333 0.34821429
vt 0.16458333 0.34821429
vt 0.16458333 0.34821429
vt 0.16458333 0.34821429
vt 0.16458333 0.34821429
vt 0.16458333 0.34821429
vt 0.16458333 0.34821429
vt 0.16458333 0.34821429
vt 0.16458333 0.34821429
vt 0.16458333 0.34821429
vt 0.16458333 0.34821429
vt 0.16458333 0.34821429
vt 0.16458333 0.34821429
vt 0.16458333 0.34821429
vt 0.16458333 0.34821429
vt 0.16458333 0.34821429
vt 0.16458333 0.34821429
vt 0.16458333 0.34821429
vt 0.16458333 0.34821429
vt 0.16458333 0.34821429
vt 0.16458333 0.34821429
vt 0.16458333 0.34821429
vt 0.16458333 0.34821429
vt 0.16458333 0.34821429
vt 0.16458333 0.34821429
vt 0.16458333 0.34821429
vt 0.16458333 0.34821429
vt 0.16458333 0.34821429
vt 0.16458333 0.34821429
vt 0.16458333 0.34821429
vt 0.16458333 0.34821429
vt 0.16458333 0.34821429
vt 0.16458333 0.34821429
vt 0.16458333 0.34821429
vt 0.16458333 0.34821429
vt 0.16458333 0.34821429
vt 0.16458333 0.34821429
vt 0.16458333 0.34821429
vt 0.16458333 0.34821429
vt 0.16458333 0.34821429
vt 0.16458333 0.34821429
vt 0.16458333 0.34821429
vt 0.16458333 0.34821429
vt 0.16458333 0.34821429
vt 0.16458333 0.34821429
vt 0.16458333 0.34821429
vt 0.16458333 0.34821429
vt 0.16458333 0.34821429
vt 0.16458333 0.34821429
vt 0.16458333 0.34821429
vt 0.16458333 0.34821429
vt 0.16458333 0.34821429
vt 0.16458333 0.34821429
vt 0.16458333 0.34821429
vt 0.16458333 0.34821429
vt 0.16458333 0.34821429
vt 0.16458333 0.34821429
vt 0.16458333 0.34821429
vt 0.16458333 0.34821429
vt 0.16458333 0.34821429
vt 0.16458333 0.34821429
vt 0.16458333 0.34821429
vt 0.16458333 0.34821429
vt 0.16458333 0.34821429
vt 0.16458333 0.34821429
vt 0.16458333 0.34821429
vt 0.16458333 0.34821429
vt 0.16458333 0.34821429
vt 0.16458333 0.34821429
vt 0.16458333 0.34821429
vt 0.16458333 0.34821429
vt 0.16458333 0.34821429
vt 0.16458333 0.34821429
vt 0.16458333 0.34821429
vt 0.16458333 0.34821429
vt 0.16458333 0.34821429
vt 0.16458333 0.34821429
vt 0.16458333 0.34821429
vt 0.16458333 0.34821429
vt 0.16458333 0.34821429
vt 0.16458333 0.34821429
vt 0.16458333 0.34821429
vt 0.16458333 0.34821429
vt 0.16458333 0.34821429
vt 0.16458333 0.34821429
vt 0.16458333 0.34821429
vt 0.16458333 0.34821429
vt 0.16458333 0.34821429
vt 0.16458333 0.34821429
vt 0.16458333 0.34821429
vt 0.16458333 0.34821429
vt 0.16458333 0.34821429
vt 0.16458333 0.34821429
vt 0.16458333 0.34821429
vt 0.16458333 0.34821429
vt 0.16458333 0.34821429
vt 0.16458333 0.34821429
vt 0.16458333 0.34821429
vt 0.16458333 0.34821429
vt 0.16458333 0.34821429
vt 0.16458333 0.34821429
vt 0.16458333 0.34821429
vt 0.16458333 0.34821429
vt 0.16458333 0.34821429
vt 0.16458333 0.34821429
vt 0.16458333 0.34821429
vt 0.16458333 0.34821429
vt 0.16458333 0.34821429
vt 0.16458333 0.34821429
vt 0.16458333 0.34821429
vt 0.16458333 0.34821429
vt 0.16458333 0.34821429
vt 0.16458333 0.34821429
vt 0.16458333 0.34821429
vt 0.16458333 0.34821429
vt 0.16458333 0.34821429
vt 0.16458333 0.34821429
vt 0.16458333 0.34821429
vt 0.16458333 0.34821429
vt 0.16458333 0.34821429
vt 0.16458333 0.34821429
vt 0.16458333 0.34821429
vt 0.16458333 0.34821429
vt 0.16458333 0.34821429
vt 0.16458333 0.34821429
vt 0.16458333 0.34821429
vt 0.16458333 0.34821429
vt 0.16458333 0.34821429
vt 0.16458333 0.34821429
vt 0.16458333 0.34821429
vt 0.16458333 0.34821429
vt 0.16458333 0.34821429
vt 0.16458333 0.34821429
vt 0.16458333 0.34821429
vt 0.16458333 0.34821429
vt 0.16458333 0.34821429
vt 0.16458333 0.34821429
vt 0.16458333 0.34821429
vt 0.16458333 0.34821429
vt 0.16458333 0.34821429
vt 0.16458333 0.34821429
vt 0.16458333 0.34821429
vt 0.16458333 0.34821429
vt 0.16458333 0.34821429
vt 0.16458333 0.34821429
vt 0.16458333 0.34821429
vt 0.16458333 0.34821429
vt 0.16458333 0.34821429
vt 0.16458333 0.34821429
vt 0.16458333 0.34821429
vt 0.16458333 0.34821429
vt 0.16458333 0.34821429
vt 0.16458333 0.34821429
vt 0.16458333 0.34821429
vt 0.16458333 0.34821429
vt 0.16458333 0.34821429
vt 0.16458333 0.34821429
vt 0.16458333 0.34821429
vt 0.16458333 0.34821429
vt 0.16458333 0.34821429
vt 0.16458333 0.34821429
vt 0.16458333 0.34821429
vt 0.16458333 0.34821429
vt 0.16458333 0.34821429
vt 0.16458333 0.34821429
vt 0.16458333 0.34821429
vt 0.16458333 0.34821429
vt 0.16458333 0.34821429
vt 0.16458333 0.34821429
vt 0.16458333 0.34821429
vt 0.16458333 0.34821429
vt 0.16458333 0.34821429
vt 0.16458333 0.34821429
vt 0.16458333 0.34821429
vt 0.16458333 0.34821429
vt 0.16458333 0.34821429
vt 0.16458333 0.34821429
vt 0.16458333 0.34821429
vt 0.16458333 0.34821429
vt 0.16458333 0.34821429
vt 0.16458333 0.34821429
vt 0.16458333 0.34821429
vt 0.16458333 0.34821429
vt 0.16458333 0.34821429
vt 0.16458333 0.34821429
vt 0.16458333 0.34821429
vt 0.16458333 0.34821429
vt 0.16458333 0.34821429
vt 0.16458333 0.34821429
vt 0.16458333 0.34821429
vt 0.16458333 0.34821429
vt 0.16458333 0.34821429
vt 0.16458333 0.34821429
vt 0.16458333 0.34821429
vt 0.16458333 0.34821429
vt 0.16458333 0.34821429
vt 0.16458333 0.34821429
vt 0.16458333 0.34821429
vt 0.16458333 0.34821429
vt 0.16458333 0.34821429
vt 0.16458333 0.34821429
vt 0.16458333 0.34821429
vt 0.16458333 0.34821429
vt 0.16458333 0.34821429
vt 0.16458333 0.34821429
vt 0.16458333 0.34821429
vt 0.16458333 0.34821429
vt 0.16458333 0.34821429
vt 0.16458333 0.34821429
vt 0.16458333 0.34821429
vt 0.16458333 0.34821429
vt 0.16458333 0.34821429
vt 0.16458333 0.34821429
vt 0.16458333 0.34821429
vt 0.16458333 0.34821429
vt 0.16458333 0.34821429
vt 0.16458333 0.34821429
vt 0.16458333 0.34821429
vt 0.16458333 0.34821429
vt 0.16458333 0.34821429
vt 0.16458333 0.34821429
vt 0.16458333 0.34821429
vt 0.16458333 0.34821429
vt 0.16458333 0.34821429
vt 0.16458333 0.34821429
vt 0.16458333 0.34821429
vt 0.16458333 0.34821429
vt 0.16458333 0.34821429
vt 0.16458333 0.34821429
vt 0.16458333 0.34821429
vt 0.16458333 0.34821429
vt 0.16458333 0.34821429
vt 0.16458333 0.34821429
vt 0.16458333 0.34821429
vt 0.16458333 0.34821429
vt 0.16458333 0.34821429
vt 0.16458333 0.34821429
vt 0.16458333 0.34821429
vt 0.16458333 0.34821429
vt 0.16458333 0.34821429
vt 0.16458333 0.34821429
vt 0.16458333 0.34821429
vt 0.16458333 0.34821429
vt 0.16458333 0.34821429
vt 0.16458333 0.34821429
vt 0.16458333 0.34821429
vt 0.16458333 0.34821429
vt 0.16458333 0.34821429
vt 0.16458333 0.34821429
vt 0.16458333 0.34821429
vt 0.16458333 0.34821429
vt 0.16458333 0.34821429
vt 0.16458333 0.34821429
vt 0.16458333 0.34821429
vt 0.16458333 0.34821429
vt 0.16458333 0.34821429
vt 0.16458333 0.34821429
vt 0.16458333 0.34821429
vt 0.16458333 0.34821429
vt 0.16458333 0.34821429
vt 0.16458333 0.34821429
vt 0.16458333 0.34821429
vt 0.16458333 0.34821429
vt 0.16458333 0.34821429
vt 0.16458333 0.34821429
vt 0.16458333 0.34821429
vt 0.16458333 0.34821429
vt 0.16458333 0.34821429
vt 0.16458333 0.34821429
vt 0.16458333 0.34821429
vt 0.16458333 0.34821429
vt 0.16458333 0.34821429
vt 0.16458333 0.34821429
vt 0.16458333 0.34821429
vt 0.16458333 0.34821429
vt 0.16458333 0.34821429
vt 0.16458333 0.34821429
vt 0.16458333 0.34821429
vt 0.16458333 0.34821429
vt 0.16458333 0.34821429
vt 0.16458333 0.34821429
vt 0.16458333 0.34821429
vt 0.16458333 0.34821429
vt 0.16458333 0.34821429
vt 0.16458333 0.34821429
vt 0.16458333 0.34821429
vt 0.16458333 0.34821429
vt 0.16458333 0.34821429
vt 0.16458333 0.34821429
vt 0.16458333 0.34821429
vt 0.16458333 0.34821429
vt 0.16458333 0.34821429
vt 0.16458333 0.34821429
vt 0.16458333 0.34821429
vt 0.16458333 0.34821429
vt 0.16458333 0.34821429
vt 0.16458333 0.34821429
vt 0.16458333 0.34821429
vt 0.16458333 0.34821429
vt 0.16458333 0.34821429
vt 0.16458333 0.34821429
vt 0.16458333 0.34821429
vt 0.16458333 0.34821429
vt 0.16458333 0.34821429
vt 0.16458333 0.34821429
vt 0.16458333 0.34821429
vt 0.16458333 0.34821429
vt 0.16458333 0.34821429
vt 0.16458333 0.34821429
vt 0.16458333 0.34821429
vt 0.16458333 0.34821429
vt 0.16458333 0.34821429
vt 0.16458333 0.34821429
vt 0.16458333 0.34821429
vt 0.16458333 0.34821429
vt 0.16458333 0.34821429
vt 0.16458333 0.34821429
vt 0.16458333 0.34821429
vt 0.16458333 0.34821429
vt 0.16458333 0.34821429
vt 0.16458333 0.34821429
vt 0.16458333 0.34821429
vt 0.16458333 0.34821429
vt 0.16458333 0.34821429
vt 0.16458333 0.34821429
vt 0.16458333 0.34821429
vt 0.16458333 0.34821429
vt 0.16458333 0.34821429
vt 0.16458333 0.34821429
vt 0.16458333 0.34821429
vt 0.16458333 0.34821429
vt 0.16458333 0.34821429
vt 0.16458333 0.34821429
vt 0.16458333 0.34821429
vt 0.16458333 0.34821429
vt 0.16458333 0.34821429
vt 0.16458333 0.34821429
vt 0.16458333 0.34821429
vt 0.16458333 0.34821429
vt 0.16458333 0.34821429
vt 0.16458333 0.34821429
vt 0.16458333 0.34821429
vt 0.16458333 0.34821429
vt 0.16458333 0.34821429
vt 0.16458333 0.34821429
vt 0.16458333 0.34821429
vt 0.16458333 0.34821429
vt 0.16458333 0.34821429
vt 0.16458333 0.34821429
vt 0.16458333 0.34821429
vt 0.16458333 0.34821429
vt 0.16458333 0.34821429
vt 0.16458333 0.34821429
vt 0.16458333 0.34821429
vt 0.16458333 0.34821429
vt 0.16458333 0.34821429
vt 0.16458333 0.34821429
vt 0.16458333 0.34821429
vt 0.16458333 0.34821429
vt 0.16458333 0.34821429
vt 0.16458333 0.34821429
vt 0.16458333 0.34821429
vt 0.16458333 0.34821429
vt 0.16458333 0.34821429
vt 0.16458333 0.34821429
vt 0.16458333 0.34821429
vt 0.16458333 0.34821429
vt 0.16458333 0.34821429
vt 0.16458333 0.34821429
vt 0.16458333 0.34821429
vt 0.16458333 0.34821429
vt 0.16458333 0.34821429
vt 0.16458333 0.34821429
vt 0.16458333 0.34821429
vt 0.16458333 0.34821429
vt 0.16458333 0.34821429
vt 0.16458333 0.34821429
vt 0.16458333 0.34821429
vt 0.16458333 0.34821429
vt 0.16458333 0.34821429
vt 0.16458333 0.34821429
vt 0.16458333 0.34821429
vt 0.16458333 0.34821429
vt 0.16458333 0.34821429
vt 0.16458333 0.34821429
vt 0.16458333 0.34821429
vt 0.16458333 0.34821429
vt 0.16458333 0.34821429
vt 0.16458333 0.34821429
vt 0.16458333 0.34821429
vt 0.16458333 0.34821429
vt 0.16458333 0.34821429
vt 0.16458333 0.34821429
vt 0.16458333 0.34821429
vt 0.16458333 0.34821429
vt 0.16458333 0.34821429
vt 0.16458333 0.34821429
vt 0.16458333 0.34821429
vt 0.16458333 0.34821429
vt 0.16458333 0.34821429
vt 0.16458333 0.34821429
vt 0.16458333 0.34821429
vt 0.16458333 0.34821429
vt 0.16458333 0.34821429
vt 0.16458333 0.34821429
vt 0.16458333 0.34821429
vt 0.16458333 0.34821429
vt 0.16458333 0.34821429
vt 0.16458333 0.34821429
vt 0.16458333 0.34821429
vt 0.16458333 0.34821429
vt 0.16458333 0.34821429
vt 0.16458333 0.34821429
vt 0.16458333 0.34821429
vt 0.16458333 0.34821429
vt 0.16458333 0.34821429
vt 0.16458333 0.34821429
vt 0.16458333 0.34821429
vt 0.16458333 0.34821429
vt 0.16458333 0.34821429
vt 0.16458333 0.34821429
vt 0.16458333 0.34821429
vt 0.16458333 0.34821429
vt 0.16458333 0.34821429
vt 0.16458333 0.34821429
vt 0.16458333 0.34821429
vt 0.16458333 0.34821429
vt 0.16458333 0.34821429
vt 0.16458333 0.34821429
vt 0.16458333 0.34821429
vt 0.16458333 0.34821429
vt 0.16458333 0.34821429
vt 0.16458333 0.34821429
vt 0.16458333 0.34821429
vt 0.16458333 0.34821429
vt 0.16458333 0.34821429
vt 0.16458333 0.34821429
vt 0.16458333 0.34821429
vt 0.16458333 0.34821429
vt 0.16458333 0.34821429
vt 0.16458333 0.34821429
vt 0.16458333 0.34821429
vt 0.16458333 0.34821429
vt 0.16458333 0.34821429
vt 0.16458333 0.34821429
vt 0.16458333 0.34821429
vt 0.16458333 0.34821429
vt 0.16458333 0.34821429
vt 0.16458333 0.34821429
vt 0.16458333 0.34821429
vt 0.16458333 0.34821429
vt 0.16458333 0.34821429
vt 0.16458333 0.34821429
vt 0.16458333 0.34821429
vt 0.16458333 0.34821429
vt 0.16458333 0.34821429
vt 0.16458333 0.34821429
vt 0.16458333 0.34821429
vt 0.16458333 0.34821429
vt 0.16458333 0.34821429
vt 0.16458333 0.34821429
vt 0.16458333 0.34821429
vt 0.16458333 0.34821429
vt 0.16458333 0.34821429
vt 0.16458333 0.34821429
vt 0.16458333 0.34821429
vt 0.16458333 0.34821429
vt 0.16458333 0.34821429
vt 0.16458333 0.34821429
vt 0.16458333 0.34821429
vt 0.16458333 0.34821429
vt 0.16458333 0.34821429
vt 0.16458333 0.34821429
vt 0.16458333 0.34821429
vt 0.16458333 0.34821429
vt 0.16458333 0.34821429
vt 0.16458333 0.34821429
vt 0.16458333 0.34821429
vt 0.16458333 0.34821429
vt 0.16458333 0.34821429
vt 0.16458333 0.34821429
vt 0.16458333 0.34821429
vt 0.16458333 0.34821429
vt 0.16458333 0.34821429
vt 0.16458333 0.34821429
vt 0.16458333 0.34821429
vt 0.16458333 0.34821429
vt 0.16458333 0.34821429
vt 0.16458333 0.34821429
vt 0.16458333 0.34821429
vt 0.16458333 0.34821429
vt 0.16458333 0.34821429
vt 0.16458333 0.34821429
vt 0.16458333 0.34821429
vt 0.16458333 0.34821429
vt 0.16458333 0.34821429
vt 0.16458333 0.34821429
vt 0.16458333 0.34821429
vt 0.16458333 0.34821429
vt 0.16458333 0.34821429
vt 0.16458333 0.34821429
vt 0.16458333 0.34821429
vt 0.16458333 0.34821429
vt 0.16458333 0.34821429
vt 0.16458333 0.34821429
vt 0.16458333 0.34821429
vt 0.16458333 0.34821429
vt 0.16458333 0.34821429
vt 0.16458333 0.34821429
vt 0.16458333 0.34821429
vt 0.16458333 0.34821429
vt 0.16458333 0.34821429
vt 0.16458333 0.34821429
vt 0.16458333 0.34821429
vt 0.16458333 0.34821429
vt 0.16458333 0.34821429
vt 0.16458333 0.34821429
vt 0.16458333 0.34821429
vt 0.16458333 0.34821429
vt 0.16458333 0.34821429
vt 0.16458333 0.34821429
vt 0.16458333 0.34821429
vt 0.16458333 0.34821429
vt 0.16458333 0.34821429
vt 0.16458333 0.34821429
vt 0.16458333 0.34821429
vt 0.16458333 0.34821429
vt 0.16458333 0.34821429
vt 0.16458333 0.34821429
vt 0.16458333 0.34821429
vt 0.16458333 0.34821429
vt 0.16458333 0.34821429
vt 0.16458333 0.34821429
vt 0.16458333 0.34821429
vt 0.16458333 0.34821429
vt 0.16458333 0.34821429
vt 0.16458333 0.34821429
vt 0.16458333 0.34821429
vt 0.16458333 0.34821429
vt 0.16458333 0.34821429
vt 0.16458333 0.34821429
vt 0.16458333 0.34821429
vt 0.16458333 0.34821429
vt 0.16458333 0.34821429
vt 0.16458333 0.34821429
vt 0.16458333 0.34821429
vt 0.16458333 0.34821429
vt 0.16458333 0.34821429
vt 0.16458333 0.34821429
vt 0.16458333 0.34821429
vt 0.16458333 0.34821429
vt 0.16458333 0.34821429
vt 0.16458333 0.34821429
vt 0.16458333 0.34821429
vt 0.16458333 0.34821429
vt 0.16458333 0.34821429
vt 0.16458333 0.34821429
vt 0.16458333 0.34821429
vt 0.16458333 0.34821429
vt 0.16458333 0.34821429
vt 0.16458333 0.34821429
vt 0.16458333 0.34821429
vt 0.16458333 0.34821429
vt 0.16458333 0.34821429
vt 0.16458333 0.34821429
vt 0.16458333 0.34821429
vt 0.16458333 0.34821429
vt 0.16458333 0.34821429
vt 0.16458333 0.34821429
vt 0.16458333 0.34821429
vt 0.16458333 0.34821429
vt 0.16458333 0.34821429
vt 0.16458333 0.34821429
vt 0.16458333 0.34821429
vt 0.16458333 0.34821429
vt 0.16458333 0.34821429
vt 0.16458333 0.34821429
vt 0.16458333 0.34821429
vt 0.16458333 0.34821429
vt 0.16458333 0.34821429
vt 0.16458333 0.34821429
vt 0.16458333 0.34821429
vt 0.16458333 0.34821429
vt 0.16458333 0.34821429
vt 0.16458333 0.34821429
vt 0.16458333 0.34821429
vt 0.16458333 0.34821429
vt 0.16458333 0.34821429
vt 0.16458333 0.34821429
vt 0.16458333 0.34821429
vt 0.16458333 0.34821429
vt 0.16458333 0.34821429
vt 0.16458333 0.34821429
vt 0.16458333 0.34821429
vt 0.16458333 0.34821429
vt 0.16458333 0.34821429
vt 0.16458333 0.34821429
vt 0.16458333 0.34821429
vt 0.16458333 0.34821429
vt 0.16458333 0.34821429
vt 0.16458333 0.34821429
vt 0.16458333 0.34821429
vt 0.16458333 0.34821429
vt 0.16458333 0.34821429
vt 0.16458333 0.34821429
vt 0.16458333 0.34821429
vt 0.16458333 0.34821429
vt 0.16458333 0.34821429
vt 0.16458333 0.34821429
vt 0.16458333 0.34821429
vt 0.16458333 0.34821429
vt 0.16458333 0.34821429
vt 0.16458333 0.34821429
vt 0.16458333 0.34821429
vt 0.16458333 0.34821429
vt 0.16458333 0.34821429
vt 0.16458333 0.34821429
vt 0.16458333 0.34821429
vt 0.16458333 0.34821429
vt 0.16458333 0.34821429
vt 0.16458333 0.34821429
vt 0.16458333 0.34821429
vt 0.16458333 0.34821429
vt 0.16458333 0.34821429
vt 0.16458333 0.34821429
vt 0.16458333 0.34821429
vt 0.16458333 0.34821429
vt 0.16458333 0.34821429
vt 0.16458333 0.34821429
vt 0.16458333 0.34821429
vt 0.16458333 0.34821429
vt 0.16458333 0.34821429
vt 0.16458333 0.34821429
vt 0.16458333 0.34821429
vt 0.16458333 0.34821429
vt 0.16458333 0.34821429
vt 0.16458333 0.34821429
vt 0.16458333 0.34821429
vt 0.16458333 0.34821429
vt 0.16458333 0.34821429
vt 0.16458333 0.34821429
vt 0.16458333 0.34821429
vt 0.16458333 0.34821429
vt 0.16458333 0.34821429
vt 0.16458333 0.34821429
vt 0.16458333 0.34821429
vt 0.16458333 0.34821429
vt 0.16458333 0.34821429
vt 0.16458333 0.34821429
vt 0.16458333 0.34821429
vt 0.16458333 0.34821429
vt 0.16458333 0.34821429
vt 0.16458333 0.34821429
vt 0.16458333 0.34821429
vt 0.16458333 0.34821429
vt 0.16458333 0.34821429
vt 0.16458333 0.34821429
vt 0.16458333 0.34821429
vt 0.16458333 0.34821429
vt 0.16458333 0.34821429
vt 0.16458333 0.34821429
vt 0.16458333 0.34821429
vt 0.16458333 0.34821429
vt 0.16458333 0.34821429
vt 0.16458333 0.34821429
vt 0.16458333 0.34821429
vt 0.16458333 0.34821429
vt 0.16458333 0.34821429
vt 0.16458333 0.34821429
vt 0.16458333 0.34821429
vt 0.16458333 0.34821429
vt 0.16458333 0.34821429
vt 0.16458333 0.34821429
vt 0.16458333 0.34821429
vt 0.16458333 0.34821429
vt 0.16458333 0.34821429
vt 0.16458333 0.34821429
vt 0.16458333 0.34821429
vt 0.16458333 0.34821429
vt 0.16458333 0.34821429
vt 0.16458333 0.34821429
vt 0.16458333 0.34821429
vt 0.16458333 0.34821429
vt 0.16458333 0.34821429
vt 0.16458333 0.34821429
vt 0.16458333 0.34821429
vt 0.16458333 0.34821429
vt 0.16458333 0.34821429
vt 0.16458333 0.34821429
vt 0.16458333 0.34821429
vt 0.16458333 0.34821429
vt 0.16458333 0.34821429
vt 0.16458333 0.34821429
vt 0.16458333 0.34821429
vt 0.16458333 0.34821429
vt 0.16458333 0.34821429
vt 0.16458333 0.34821429
vt 0.16458333 0.34821429
vt 0.16458333 0.34821429
vt 0.16458333 0.34821429
vt 0.16458333 0.34821429
vt 0.16458333 0.34821429
vt 0.16458333 0.34821429
vt 0.16458333 0.34821429
vt 0.16458333 0.34821429
vt 0.16458333 0.34821429
vt 0.16458333 0.34821429
vt 0.16458333 0.34821429
vt 0.16458333 0.34821429
vt 0.16458333 0.34821429
vt 0.16458333 0.34821429
vt 0.16458333 0.34821429
vt 0.16458333 0.34821429
vt 0.16458333 0.34821429
vt 0.16458333 0.34821429
vt 0.16458333 0.34821429
vt 0.16458333 0.34821429
vt 0.16458333 0.34821429
vt 0.16458333 0.34821429
vt 0.16458333 0.34821429
vt 0.16458333 0.34821429
vt 0.16458333 0.34821429
vt 0.16458333 0.34821429
vt 0.16458333 0.34821429
vt 0.16458333 0.34821429
vt 0.16458333 0.34821429
vt 0.16458333 0.34821429
vt 0.16458333 0.34821429
vt 0.16458333 0.34821429
vt 0.16458333 0.34821429
vt 0.16458333 0.34821429
vt 0.16458333 0.34821429
vt 0.16458333 0.34821429
vt 0.16458333 0.34821429
vt 0.16458333 0.34821429
vt 0.16458333 0.34821429
vt 0.16458333 0.34821429
vt 0.16458333 0.34821429
vt 0.16458333 0.34821429
vt 0.16458333 0.34821429
vt 0.16458333 0.34821429
vt 0.16458333 0.34821429
vt 0.16458333 0.34821429
vt 0.16458333 0.34821429
vt 0.16458333 0.34821429
vt 0.16458333 0.34821429
vt 0.16458333 0.34821429
vt 0.16458333 0.34821429
vt 0.16458333 0.34821429
vt 0.16458333 0.34821429
vt 0.16458333 0.34821429
vt 0.16458333 0.34821429
vt 0.16458333 0.34821429
vt 0.16458333 0.34821429
vt 0.16458333 0.34821429
vt 0.16458333 0.34821429
vt 0.16458333 0.34821429
vt 0.16458333 0.34821429
vt 0.16458333 0.34821429
vt 0.16458333 0.34821429
vt 0.16458333 0.34821429
vt 0.16458333 0.34821429
vt 0.16458333 0.34821429
vt 0.16458333 0.34821429
vt 0.16458333 0.34821429
vt 0.16458333 0.34821429
vt 0.16458333 0.34821429
vt 0.16458333 0.34821429
vt 0.16458333 0.34821429
vt 0.16458333 0.34821429
vt 0.16458333 0.34821429
vt 0.16458333 0.34821429
vt 0.16458333 0.34821429
vt 0.16458333 0.34821429
vt 0.16458333 0.34821429
vt 0.16458333 0.34821429
vt 0.16458333 0.34821429
vt 0.16458333 0.34821429
vt 0.16458333 0.34821429
vt 0.16458333 0.34821429
vt 0.16458333 0.34821429
vt 0.16458333 0.34821429
vt 0.16458333 0.34821429
vt 0.16458333 0.34821429
vt 0.16458333 0.34821429
vt 0.16458333 0.34821429
vt 0.16458333 0.34821429
vt 0.16458333 0.34821429
vt 0.16458333 0.34821429
vt 0.16458333 0.34821429
vt 0.16458333 0.34821429
vt 0.16458333 0.34821429
vt 0.16458333 0.34821429
vt 0.16458333 0.34821429
vt 0.16458333 0.34821429
vt 0.16458333 0.34821429
vt 0.16458333 0.34821429
vt 0.16458333 0.34821429
vt 0.16458333 0.34821429
vt 0.16458333 0.34821429
vt 0.16458333 0.34821429
vt 0.16458333 0.34821429
vt 0.16458333 0.34821429
vt 0.16458333 0.34821429
vt 0.16458333 0.34821429
vt 0.16458333 0.34821429
vt 0.16458333 0.34821429
vt 0.16458333 0.34821429
vt 0.16458333 0.34821429
vt 0.16458333 0.34821429
vt 0.16458333 0.34821429
vt 0.16458333 0.34821429
vt 0.16458333 0.34821429
vt 0.16458333 0.34821429
vt 0.16458333 0.34821429
vt 0.16458333 0.34821429
vt 0.16458333 0.34821429
vt 0.16458333 0.34821429
vt 0.16458333 0.34821429
vt 0.16458333 0.34821429
vt 0.16458333 0.34821429
vt 0.16458333 0.34821429
vt 0.16458333 0.34821429
vt 0.16458333 0.34821429
vt 0.16458333 0.34821429
vt 0.16458333 0.34821429
vt 0.16458333 0.34821429
vt 0.16458333 0.34821429
vt 0.16458333 0.34821429
vt 0.16458333 0.34821429
vt 0.16458333 0.34821429
vt 0.16458333 0.34821429
vt 0.16458333 0.34821429
vt 0.16458333 0.34821429
vt 0.16458333 0.34821429
vt 0.16458333 0.34821429
vt 0.16458333 0.34821429
vt 0.16458333 0.34821429
vt 0.16458333 0.34821429
vt 0.16458333 0.34821429
vt 0.16458333 0.34821429
vt 0.16458333 0.34821429
vt 0.16458333 0.34821429
vt 0.16458333 0.34821429
vt 0.16458333 0.34821429
vt 0.16458333 0.34821429
vt 0.16458333 0.34821429
vt 0.16458333 0.34821429
vt 0.16458333 0.34821429
vt 0.16458333 0.34821429
vt 0.16458333 0.34821429
vt 0.16458333 0.34821429
vt 0.16458333 0.34821429
vt 0.16458333 0.34821429
vt 0.16458333 0.34821429
vt 0.16458333 0.34821429
vt 0.16458333 0.34821429
vt 0.16458333 0.34821429
vt 0.16458333 0.34821429
vt 0.16458333 0.34821429
vt 0.16458333 0.34821429
vt 0.16458333 0.34821429
vt 0.16458333 0.34821429
vt 0.16458333 0.34821429
vt 0.16458333 0.34821429
vt 0.16458333 0.34821429
vt 0.16458333 0.34821429
vt 0.16458333 0.34821429
vt 0.16458333 0.34821429
vt 0.16458333 0.34821429
vt 0.16458333 0.34821429
vt 0.16458333 0.34821429
vt 0.16458333 0.34821429
vt 0.16458333 0.34821429
vt 0.16458333 0.34821429
vt 0.16458333 0.34821429
vt 0.16458333 0.34821429
vt 0.16458333 0.34821429
vt 0.16458333 0.34821429
vt 0.16458333 0.34821429
vt 0.16458333 0.34821429
vt 0.16458333 0.34821429
vt 0.16458333 0.34821429
vt 0.16458333 0.34821429
vt 0.16458333 0.34821429
vt 0.16458333 0.34821429
vt 0.16458333 0.34821429
vt 0.16458333 0.34821429
vt 0.16458333 0.34821429
vt 0.16458333 0.34821429
vt 0.16458333 0.34821429
vt 0.16458333 0.34821429
vt 0.16458333 0.34821429
vt 0.16458333 0.34821429
vt 0.16458333 0.34821429
vt 0.16458333 0.34821429
vt 0.16458333 0.34821429
vt 0.16458333 0.34821429
vt 0.16458333 0.34821429
vt 0.16458333 0.34821429
vt 0.16458333 0.34821429
vt 0.16458333 0.34821429
vt 0.16458333 0.34821429
vt 0.16458333 0.34821429
vt 0.16458333 0.34821429
vt 0.16458333 0.34821429
vt 0.16458333 0.34821429
vt 0.16458333 0.34821429
vt 0.16458333 0.34821429
vt 0.16458333 0.34821429
vt 0.16458333 0.34821429
vt 0.16458333 0.34821429
vt 0.16458333 0.34821429
vt 0.16458333 0.34821429
vt 0.16458333 0.34821429
vt 0.16458333 0.34821429
vt 0.16458333 0.34821429
vt 0.16458333 0.34821429
vt 0.16458333 0.34821429
vt 0.16458333 0.34821429
vt 0.16458333 0.34821429
vt 0.16458333 0.34821429
vt 0.16458333 0.34821429
vt 0.16458333 0.34821429
vt 0.16458333 0.34821429
vt 0.16458333 0.34821429
vt 0.16458333 0.34821429
vt 0.16458333 0.34821429
vt 0.16458333 0.34821429
vt 0.16458333 0.34821429
vt 0.16458333 0.34821429
vt 0.16458333 0.34821429
vt 0.16458333 0.34821429
vt 0.16458333 0.34821429
vt 0.16458333 0.34821429
vt 0.16458333 0.34821429
vt 0.16458333 0.34821429
vt 0.16458333 0.34821429
vt 0.16458333 0.34821429
vt 0.16458333 0.34821429
vt 0.16458333 0.34821429
vt 0.16458333 0.34821429
vt 0.16458333 0.34821429
vt 0.16458333 0.34821429
vt 0.16458333 0.34821429
vt 0.16458333 0.34821429
vt 0.16458333 0.34821429
vt 0.16458333 0.34821429
vt 0.16458333 0.34821429
vt 0.16458333 0.34821429
vt 0.16458333 0.34821429
vt 0.16458333 0.34821429
vt 0.16458333 0.34821429
vt 0.16458333 0.34821429
vt 0.16458333 0.34821429
vt 0.16458333 0.34821429
vt 0.16458333 0.34821429
vt 0.16458333 0.34821429
vt 0.16458333 0.34821429
vt 0.16458333 0.34821429
vt 0.16458333 0.34821429
vt 0.16458333 0.34821429
vt 0.16458333 0.34821429
vt 0.16458333 0.34821429
vt 0.16458333 0.34821429
vt 0.16458333 0.34821429
vt 0.16458333 0.34821429
vt 0.16458333 0.34821429
vt 0.16458333 0.34821429
vt 0.16458333 0.34821429
vt 0.16458333 0.34821429
vt 0.16458333 0.34821429
vt 0.16458333 0.34821429
vt 0.16458333 0.34821429
vt 0.16458333 0.34821429
vt 0.16458333 0.34821429
vt 0.16458333 0.34821429
vt 0.16458333 0.34821429
vt 0.16458333 0.34821429
vt 0.16458333 0.34821429
vt 0.16458333 0.34821429
vt 0.16458333 0.34821429
vt 0.16458333 0.34821429
vt 0.16458333 0.34821429
vt 0.16458333 0.34821429
vt 0.16458333 0.34821429
vt 0.16458333 0.34821429
vt 0.16458333 0.34821429
vt 0.16458333 0.34821429
vt 0.16458333 0.34821429
vt 0.16458333 0.34821429
vt 0.16458333 0.34821429
vt 0.16458333 0.34821429
vt 0.16458333 0.34821429
vt 0.16458333 0.34821429
vt 0.16458333 0.34821429
vt 0.16458333 0.34821429
vt 0.16458333 0.34821429
vt 0.16458333 0.34821429
vt 0.16458333 0.34821429
vt 0.16458333 0.34821429
vt 0.16458333 0.34821429
vt 0.16458333 0.34821429
vt 0.16458333 0.34821429
vt 0.16458333 0.34821429
vt 0.16458333 0.34821429
vt 0.16458333 0.34821429
vt 0.16458333 0.34821429
vt 0.16458333 0.34821429
vt 0.16458333 0.34821429
vt 0.16458333 0.34821429
vt 0.16458333 0.34821429
vt 0.16458333 0.34821429
vt 0.16458333 0.34821429
vt 0.16458333 0.34821429
vt 0.16458333 0.34821429
vt 0.16458333 0.34821429
vt 0.16458333 0.34821429
vt 0.16458333 0.34821429
vt 0.16458333 0.34821429
vt 0.16458333 0.34821429
vt 0.16458333 0.34821429
vt 0.16458333 0.34821429
vt 0.16458333 0.34821429
vt 0.16458333 0.34821429
vt 0.16458333 0.34821429
vt 0.16458333 0.34821429
vt 0.16458333 0.34821429
vt 0.16458333 0.34821429
vt 0.16458333 0.34821429
vt 0.16458333 0.34821429
vt 0.16458333 0.34821429
vt 0.16458333 0.34821429
vt 0.16458333 0.34821429
vt 0.16458333 0.34821429
vt 0.16458333 0.34821429
vt 0.16458333 0.34821429
vt 0.16458333 0.34821429
vt 0.16458333 0.34821429
vt 0.16458333 0.34821429
vt 0.16458333 0.34821429
vt 0.16458333 0.34821429
vt 0.16458333 0.34821429
vt 0.16458333 0.34821429
vt 0.16458333 0.34821429
vt 0.16458333 0.34821429
vt 0.16458333 0.34821429
vt 0.16458333 0.34821429
vt 0.16458333 0.34821429
vt 0.16458333 0.34821429
vt 0.16458333 0.34821429
vt 0.16458333 0.34821429
vt 0.16458333 0.34821429
vt 0.16458333 0.34821429
vt 0.16458333 0.34821429
vt 0.16458333 0.34821429
vt 0.16458333 0.34821429
vt 0.16458333 0.34821429
vt 0.16458333 0.34821429
vt 0.16458333 0.34821429
vt 0.16458333 0.34821429
vt 0.16458333 0.34821429
vt 0.16458333 0.34821429
vt 0.16458333 0.34821429
vt 0.16458333 0.34821429
vt 0.16458333 0.34821429
vt 0.16458333 0.34821429
vt 0.16458333 0.34821429
vt 0.16458333 0.34821429
vt 0.16458333 0.34821429
vt 0.16458333 0.34821429
vt 0.16458333 0.34821429
vt 0.16458333 0.34821429
vt 0.16458333 0.34821429
vt 0.16458333 0.34821429
vt 0.16458333 0.34821429
vt 0.16458333 0.34821429
vt 0.16458333 0.34821429
vt 0.16458333 0.34821429
vt 0.16458333 0.34821429
vt 0.16458333 0.34821429
vt 0.16458333 0.34821429
vt 0.16458333 0.34821429
vt 0.16458333 0.34821429
vt 0.16458333 0.34821429
vt 0.16458333 0.34821429
vt 0.16458333 0.34821429
vt 0.16458333 0.34821429
vt 0.16458333 0.34821429
vt 0.16458333 0.34821429
vt 0.16458333 0.34821429
vt 0.16458333 0.34821429
vt 0.16458333 0.34821429
vt 0.16458333 0.34821429
vt 0.16458333 0.34821429
vt 0.16458333 0.34821429
vt 0.16458333 0.34821429
vt 0.16458333 0.34821429
vt 0.16458333 0.34821429
vt 0.16458333 0.34821429
vt 0.16458333 0.34821429
vt 0.16458333 0.34821429
vt 0.16458333 0.34821429
vt 0.16458333 0.34821429
vt 0.16458333 0.34821429
vt 0.16458333 0.34821429
vt 0.16458333 0.34821429
vt 0.16458333 0.34821429
vt 0.16458333 0.34821429
vt 0.16458333 0.34821429
vt 0.16458333 0.34821429
vt 0.16458333 0.34821429
vt 0.16458333 0.34821429
vt 0.16458333 0.34821429
vt 0.16458333 0.34821429
vt 0.16458333 0.34821429
vt 0.16458333 0.34821429
vt 0.16458333 0.34821429
vt 0.16458333 0.34821429
vt 0.16458333 0.34821429
vt 0.16458333 0.34821429
vt 0.16458333 0.34821429
vt 0.16458333 0.34821429
vt 0.16458333 0.34821429
vt 0.16458333 0.34821429
vt 0.16458333 0.34821429
vt 0.16458333 0.34821429
vt 0.16458333 0.34821429
vt 0.16458333 0.34821429
vt 0.16458333 0.34821429
vt 0.16458333 0.34821429
vt 0.16458333 0.34821429
vt 0.16458333 0.34821429
vt 0.16458333 0.34821429
vt 0.16458333 0.34821429
vt 0.16458333 0.34821429
vt 0.16458333 0.34821429
vt 0.16458333 0.34821429
vt 0.16458333 0.34821429
vt 0.16458333 0.34821429
vt 0.16458333 0.34821429
vt 0.16458333 0.34821429
vt 0.16458333 0.34821429
vt 0.16458333 0.34821429
vt 0.16458333 0.34821429
vt 0.16458333 0.34821429
vt 0.16458333 0.34821429
vt 0.16458333 0.34821429
vt 0.16458333 0.34821429
vt 0.16458333 0.34821429
vt 0.16458333 0.34821429
vt 0.16458333 0.34821429
vt 0.16458333 0.34821429
vt 0.16458333 0.34821429
vt 0.16458333 0.34821429
vt 0.16458333 0.34821429
vt 0.16458333 0.34821429
vt 0.16458333 0.34821429
vt 0.16458333 0.34821429
vt 0.16458333 0.34821429
vt 0.16458333 0.34821429
vt 0.16458333 0.34821429
vt 0.16458333 0.34821429
vt 0.16458333 0.34821429
vt 0.16458333 0.34821429
vt 0.16458333 0.34821429
vt 0.16458333 0.34821429
vt 0.16458333 0.34821429
vt 0.16458333 0.34821429
vt 0.16458333 0.34821429
vt 0.16458333 0.34821429
vt 0.16458333 0.34821429
vt 0.16458333 0.34821429
vt 0.16458333 0.34821429
vt 0.16458333 0.34821429
vt 0.16458333 0.34821429
vt 0.16458333 0.34821429
vt 0.16458333 0.34821429
vt 0.16458333 0.34821429
vt 0.16458333 0.34821429
vt 0.16458333 0.34821429
vt 0.16458333 0.34821429
vt 0.16458333 0.34821429
vt 0.16458333 0.34821429
vt 0.16458333 0.34821429
vt 0.16458333 0.34821429
vt 0.16458333 0.34821429
vt 0.16458333 0.34821429
vt 0.16458333 0.34821429
vt 0.16458333 0.34821429
vt 0.16458333 0.34821429
vt 0.16458333 0.34821429
vt 0.16458333 0.34821429
vt 0.16458333 0.34821429
vt 0.16458333 0.34821429
vt 0.16458333 0.34821429
vt 0.16458333 0.34821429
vt 0.16458333 0.34821429
vt 0.16458333 0.34821429
vt 0.16458333 0.34821429
vt 0.16458333 0.34821429
vt 0.16458333 0.34821429
vt 0.16458333 0.34821429
vt 0.16458333 0.34821429
vt 0.16458333 0.34821429
vt 0.16458333 0.34821429
vt 0.16458333 0.34821429
vt 0.16458333 0.34821429
vt 0.16458333 0.34821429
vt 0.16458333 0.34821429
vt 0.16458333 0.34821429
vt 0.16458333 0.34821429
vt 0.16458333 0.34821429
vt 0.16458333 0.34821429
vt 0.16458333 0.34821429
vt 0.16458333 0.34821429
vt 0.16458333 0.34821429
vt 0.16458333 0.34821429
vt 0.16458333 0.34821429
vt 0.16458333 0.34821429
vt 0.16458333 0.34821429
vt 0.16458333 0.34821429
vt 0.16458333 0.34821429
vt 0.16458333 0.34821429
vt 0.16458333 0.34821429
vt 0.16458333 0.34821429
vt 0.16458333 0.34821429
vt 0.16458333 0.34821429
vt 0.16458333 0.34821429
vt 0.16458333 0.34821429
vt 0.16458333 0.34821429
vt 0.16458333 0.34821429
vt 0.16458333 0.34821429
vt 0.16458333 0.34821429
vt 0.16458333 0.34821429
vt 0.16458333 0.34821429
vt 0.16458333 0.34821429
vt 0.16458333 0.34821429
f 1/1 2/2 3/3
f 3/3 2/2 4/4
f 3/3 4/4 5/5
f 5/5 4/4 6/6
f 7/7 8/8 9/9
f 9/9 8/8 10/10
f 11/11 12/12 13/13
f 13/13 12/12 14/14
f 15/15 16/16 17/17
f 17/17 16/16 18/18
f 19/19 20/20 21/21
f 21/21 20/20 22/22
f 23/23 24/24 25/25
f 25/25 24/24 26/26
f 27/27 28/28 29/29
f 29/29 28/28 30/30
f 31/31 32/32 33/33
f 34/34 35/35 36/36
f 37/37 38/38 39/39
f 39/39 38/38 34/34
f 39/39 34/34 40/40
f 40/40 34/34 36/36
f 41/41 42/42 43/43
f 44/44 45/45 46/46
f 47/47 48/48 49/49
f 46/46 50/50 44/44
f 44/44 50/50 51/51
f 44/44 51/51 34/34
f 34/34 51/51 52/52
f 34/34 52/52 35/35
f 49/49 53/53 47/47
f 47/47 53/53 54/54
f 47/47 54/54 44/44
f 44/44 54/54 55/55
f 44/44 55/55 45/45
f 42/42 56/56 43/43
f 43/43 56/56 57/57
f 43/43 57/57 47/47
f 47/47 57/57 58/58
f 47/47 58/58 48/48
f 37/37 59/59 38/38
f 38/38 59/59 60/60
f 38/38 60/60 33/33
f 33/33 60/60 61/61
f 33/33 61/61 31/31
f 32/32 62/62 33/33
f 33/33 62/62 63/63
f 33/33 63/63 43/43
f 43/43 63/63 64/64
f 43/43 64/64 41/41
f 65/65 66/66 67/67
f 66/66 68/68 69/69
f 70/70 40/40 36/36
f 70/70 36/36 71/71
f 71/71 36/36 35/35
f 71/71 35/35 72/72
f 72/72 35/35 52/52
f 72/72 52/52 73/73
f 73/73 52/52 51/51
f 73/73 51/51 74/74
f 74/74 51/51 50/50
f 74/74 50/50 75/75
f 75/75 50/50 46/46
f 75/75 46/46 76/76
f 76/76 46/46 45/45
f 76/76 45/45 77/77
f 77/77 45/45 55/55
f 77/77 55/55 78/78
f 78/78 55/55 54/54
f 78/78 54/54 79/79
f 79/79 54/54 53/53
f 79/79 53/53 80/80
f 80/80 53/53 49/49
f 80/80 49/49 81/81
f 81/81 49/49 48/48
f 81/81 48/48 82/82
f 82/82 48/48 58/58
f 82/82 58/58 83/83
f 83/83 58/58 57/57
f 83/83 57/57 84/84
f 66/66 69/69 67/67
f 67/67 69/69 85/85
f 67/67 85/85 86/86
f 86/86 85/85 87/87
f 86/86 87/87 88/88
f 88/88 87/87 89/89
f 88/88 89/89 90/90
f 90/90 89/89 91/91
f 90/90 91/91 92/92
f 92/92 91/91 93/93
f 92/92 93/93 94/94
f 94/94 93/93 95/95
f 94/94 95/95 96/96
f 96/96 95/95 97/97
f 96/96 97/97 98/98
f 98/98 97/97 99/99
f 98/98 99/99 100/100
f 100/100 99/99 101/101
f 100/100 101/101 102/102
f 102/102 101/101 103/103
f 102/102 103/103 104/104
f 104/104 103/103 105/105
f 104/104 105/105 106/106
f 106/106 105/105 107/107
f 106/106 107/107 108/108
f 108/108 107/107 109/109
f 108/108 109/109 110/110
f 65/65 67/67 111/111
f 111/111 67/67 86/86
f 111/111 86/86 112/112
f 112/112 86/86 88/88
f 112/112 88/88 113/113
f 113/113 88/88 90/90
f 113/113 90/90 114/114
f 114/114 90/90 92/92
f 114/114 92/92 115/115
f 115/115 92/92 94/94
f 115/115 94/94 116/116
f 116/116 94/94 96/96
f 116/116 96/96 117/117
f 117/117 96/96 98/98
f 117/117 98/98 118/118
f 118/118 98/98 100/100
f 118/118 100/100 119/119
f 119/119 100/100 102/102
f 119/119 102/102 120/120
f 120/120 102/102 104/104
f 120/120 104/104 121/121
f 121/121 104/104 106/106
f 121/121 106/106 122/122
f 122/122 106/106 108/108
f 122/122 108/108 123/123
f 123/123 108/108 110/110
f 123/123 110/110 124/124
f 124/124 110/110 125/125
f 110/110 109/109 126/126
f 84/84 57/57 56/56
f 84/84 56/56 127/127
f 127/127 56/56 42/42
f 127/127 42/42 128/128
f 128/128 42/42 41/41
f 128/128 41/41 129/129
f 129/129 41/41 64/64
f 129/129 64/64 130/130
f 130/130 64/64 63/63
f 130/130 63/63 131/131
f 131/131 63/63 62/62
f 131/131 62/62 132/132
f 132/132 62/62 32/32
f 132/132 32/32 133/133
f 133/133 32/32 31/31
f 133/133 31/31 134/134
f 134/134 31/31 61/61
f 134/134 61/61 135/135
f 135/135 61/61 60/60
f 135/135 60/60 136/136
f 136/136 60/60 59/59
f 136/136 59/59 137/137
f 137/137 59/59 37/37
f 137/137 37/37 138/138
f 138/138 37/37 39/39
f 138/138 39/39 139/139
f 139/139 39/39 40/40
f 139/139 40/40 70/70
f 110/110 126/126 125/125
f 125/125 126/126 140/140
f 125/125 140/140 141/141
f 141/141 140/140 142/142
f 141/141 142/142 143/143
f 143/143 142/142 144/144
f 143/143 144/144 145/145
f 145/145 144/144 146/146
f 145/145 146/146 147/147
f 147/147 146/146 148/148
f 147/147 148/148 149/149
f 149/149 148/148 150/150
f 149/149 150/150 151/151
f 151/151 150/150 152/152
f 151/151 152/152 153/153
f 153/153 152/152 154/154
f 153/153 154/154 155/155
f 155/155 154/154 156/156
f 155/155 156/156 157/157
f 157/157 156/156 158/158
f 157/157 158/158 159/159
f 159/159 158/158 160/160
f 159/159 160/160 161/161
f 161/161 160/160 162/162
f 161/161 162/162 163/163
f 163/163 162/162 68/68
f 163/163 68/68 66/66
f 124/124 125/125 164/164
f 164/164 125/125 141/141
f 164/164 141/141 165/165
f 165/165 141/141 143/143
f 165/165 143/143 166/166
f 166/166 143/143 145/145
f 166/166 145/145 167/167
f 167/167 145/145 147/147
f 167/167 147/147 168/168
f 168/168 147/147 149/149
f 168/168 149/149 169/169
f 169/169 149/149 151/151
f 169/169 151/151 170/170
f 170/170 151/151 153/153
f 170/170 153/153 171/171
f 171/171 153/153 155/155
f 171/171 155/155 172/172
f 172/172 155/155 157/157
f 172/172 157/157 173/173
f 173/173 157/157 159/159
f 173/173 159/159 174/174
f 174/174 159/159 161/161
f 174/174 161/161 175/175
f 175/175 161/161 163/163
f 175/175 163/163 176/176
f 176/176 163/163 66/66
f 176/176 66/66 65/65
f 65/65 111/111 177/177
f 177/177 111/111 178/178
f 111/111 112/112 178/178
f 178/178 112/112 113/113
f 178/178 113/113 179/179
f 113/113 114/114 179/179
f 179/179 114/114 115/115
f 179/179 115/115 180/180
f 115/115 116/116 180/180
f 180/180 116/116 117/117
f 180/180 117/117 181/181
f 117/117 118/118 181/181
f 181/181 118/118 119/119
f 181/181 119/119 182/182
f 119/119 120/120 182/182
f 182/182 120/120 121/121
f 182/182 121/121 183/183
f 124/124 184/184 123/123
f 123/123 184/184 183/183
f 123/123 183/183 122/122
f 122/122 183/183 121/121
f 124/124 164/164 184/184
f 184/184 164/164 185/185
f 164/164 165/165 185/185
f 185/185 165/165 166/166
f 185/185 166/166 186/186
f 166/166 167/167 186/186
f 186/186 167/167 168/168
f 186/186 168/168 187/187
f 168/168 169/169 187/187
f 187/187 169/169 170/170
f 187/187 170/170 188/188
f 170/170 171/171 188/188
f 188/188 171/171 172/172
f 188/188 172/172 189/189
f 172/172 173/173 189/189
f 189/189 173/173 174/174
f 189/189 174/174 190/190
f 65/65 177/177 176/176
f 176/176 177/177 190/190
f 176/176 190/190 175/175
f 175/175 190/190 174/174
f 191/191 192/192 193/193
f 194/194 195/195 196/196
f 196/196 195/195 197/197
f 196/196 197/197 198/198
f 199/199 198/198 200/200
f 200/200 198/198 197/197
f 200/200 197/197 193/193
f 193/193 197/197 201/201
f 193/193 201/201 191/191
f 192/192 202/202 193/193
f 193/193 202/202 203/203
f 193/193 203/203 204/204
f 205/205 206/206 207/207
f 207/207 206/206 208/208
f 206/206 209/209 210/210
f 211/211 207/207 212/212
f 212/212 207/207 208/208
f 212/212 208/208 213/213
f 213/213 208/208 214/214
f 215/215 208/208 216/216
f 216/216 208/208 206/206
f 216/216 206/206 217/217
f 217/217 206/206 210/210
f 217/217 210/210 218/218
f 219/219 220/220 221/221
f 221/221 220/220 222/222
f 220/220 223/223 222/222
f 222/222 223/223 224/224
f 222/222 224/224 225/225
f 224/224 226/226 225/225
f 225/225 226/226 227/227
f 225/225 227/227 228/228
f 227/227 229/229 228/228
f 228/228 229/229 230/230
f 228/228 230/230 231/231
f 231/231 230/230 232/232
f 231/231 232/232 233/233
f 232/232 234/234 233/233
f 233/233 234/234 235/235
f 233/233 235/235 236/236
f 237/237 238/238 239/239
f 239/239 238/238 236/236
f 239/239 236/236 240/240
f 240/240 236/236 235/235
f 237/237 241/241 238/238
f 238/238 241/241 242/242
f 241/241 243/243 242/242
f 242/242 243/243 244/244
f 242/242 244/244 245/245
f 244/244 246/246 245/245
f 245/245 246/246 247/247
f 245/245 247/247 248/248
f 247/247 249/249 248/248
f 248/248 249/249 250/250
f 248/248 250/250 251/251
f 250/250 252/252 251/251
f 251/251 252/252 253/253
f 251/251 253/253 254/254
f 253/253 255/255 254/254
f 254/254 255/255 256/256
f 254/254 256/256 257/257
f 219/219 221/221 258/258
f 258/258 221/221 257/257
f 258/258 257/257 259/259
f 259/259 257/257 256/256
f 260/260 261/261 262/262
f 263/263 264/264 265/265
f 265/265 264/264 266/266
f 265/265 266/266 267/267
f 267/267 266/266 268/268
f 267/267 268/268 269/269
f 269/269 268/268 270/270
f 269/269 270/270 271/271
f 271/271 270/270 272/272
f 271/271 272/272 273/273
f 273/273 272/272 274/274
f 273/273 274/274 275/275
f 275/275 274/274 276/276
f 275/275 276/276 277/277
f 277/277 276/276 260/260
f 277/277 260/260 278/278
f 278/278 260/260 262/262
f 279/279 280/280 281/281
f 281/281 280/280 261/261
f 261/261 260/260 281/281
f 281/281 260/260 276/276
f 281/281 276/276 282/282
f 282/282 276/276 274/274
f 282/282 274/274 283/283
f 283/283 274/274 272/272
f 283/283 272/272 284/284
f 284/284 272/272 270/270
f 284/284 270/270 285/285
f 285/285 270/270 268/268
f 285/285 268/268 286/286
f 286/286 268/268 266/266
f 286/286 266/266 287/287
f 287/287 266/266 264/264
f 287/287 264/264 288/288
f 263/263 289/289 264/264
f 264/264 289/289 290/290
f 264/264 290/290 288/288
f 288/288 290/290 291/291
f 288/288 291/291 292/292
f 279/279 281/281 293/293
f 293/293 281/281 282/282
f 293/293 282/282 294/294
f 294/294 282/282 283/283
f 294/294 283/283 295/295
f 295/295 283/283 284/284
f 295/295 284/284 296/296
f 296/296 284/284 285/285
f 296/296 285/285 297/297
f 297/297 285/285 286/286
f 297/297 286/286 298/298
f 298/298 286/286 287/287
f 298/298 287/287 299/299
f 299/299 287/287 288/288
f 299/299 288/288 300/300
f 300/300 288/288 292/292
f 300/300 292/292 301/301
f 220/220 219/219 293/293
f 293/293 219/219 302/302
f 293/293 302/302 279/279
f 234/234 232/232 298/298
f 298/298 232/232 230/230
f 298/298 230/230 297/297
f 297/297 230/230 229/229
f 297/297 229/229 296/296
f 296/296 229/229 227/227
f 296/296 227/227 295/295
f 295/295 227/227 226/226
f 295/295 226/226 294/294
f 294/294 226/226 224/224
f 294/294 224/224 293/293
f 293/293 224/224 223/223
f 293/293 223/223 220/220
f 234/234 298/298 235/235
f 235/235 298/298 299/299
f 235/235 299/299 240/240
f 240/240 299/299 300/300
f 240/240 300/300 239/239
f 239/239 300/300 301/301
f 239/239 301/301 237/237
f 291/291 290/290 303/303
f 303/303 290/290 289/289
f 301/301 292/292 304/304
f 304/304 292/292 291/291
f 241/241 237/237 301/301
f 262/262 305/305 306/306
f 306/306 305/305 307/307
f 306/306 307/307 308/308
f 308/308 307/307 309/309
f 308/308 309/309 310/310
f 310/310 309/309 311/311
f 310/310 311/311 312/312
f 312/312 311/311 313/313
f 312/312 313/313 314/314
f 314/314 313/313 315/315
f 314/314 315/315 316/316
f 316/316 315/315 317/317
f 316/316 317/317 318/318
f 318/318 317/317 319/319
f 318/318 319/319 320/320
f 320/320 319/319 321/321
f 320/320 321/321 322/322
f 322/322 321/321 323/323
f 322/322 323/323 324/324
f 324/324 323/323 325/325
f 324/324 325/325 326/326
f 326/326 325/325 327/327
f 326/326 327/327 328/328
f 328/328 327/327 303/303
f 328/328 303/303 329/329
f 329/329 303/303 289/289
f 329/329 289/289 263/263
f 291/291 303/303 304/304
f 304/304 303/303 330/330
f 304/304 330/330 331/331
f 331/331 330/330 332/332
f 331/331 332/332 333/333
f 333/333 332/332 334/334
f 333/333 334/334 335/335
f 335/335 334/334 336/336
f 335/335 336/336 337/337
f 337/337 336/336 338/338
f 337/337 338/338 339/339
f 339/339 338/338 340/340
f 339/339 340/340 341/341
f 341/341 340/340 342/342
f 341/341 342/342 343/343
f 343/343 342/342 344/344
f 343/343 344/344 345/345
f 345/345 344/344 346/346
f 345/345 346/346 347/347
f 347/347 346/346 348/348
f 347/347 348/348 349/349
f 349/349 348/348 350/350
f 349/349 350/350 351/351
f 351/351 350/350 305/305
f 351/351 305/305 352/352
f 262/262 261/261 305/305
f 305/305 261/261 280/280
f 305/305 280/280 352/352
f 352/352 280/280 279/279
f 352/352 279/279 302/302
f 301/301 304/304 241/241
f 241/241 304/304 331/331
f 241/241 331/331 243/243
f 243/243 331/331 333/333
f 243/243 333/333 244/244
f 244/244 333/333 335/335
f 244/244 335/335 246/246
f 246/246 335/335 337/337
f 246/246 337/337 247/247
f 247/247 337/337 339/339
f 247/247 339/339 249/249
f 249/249 339/339 341/341
f 249/249 341/341 250/250
f 250/250 341/341 343/343
f 250/250 343/343 252/252
f 252/252 343/343 345/345
f 252/252 345/345 253/253
f 253/253 345/345 347/347
f 253/253 347/347 255/255
f 255/255 347/347 349/349
f 255/255 349/349 256/256
f 256/256 349/349 351/351
f 256/256 351/351 259/259
f 259/259 351/351 352/352
f 259/259 352/352 258/258
f 258/258 352/352 302/302
f 258/258 302/302 219/219
f 326/326 328/328 353/353
f 353/353 328/328 329/329
f 267/267 354/354 265/265
f 265/265 354/354 353/353
f 265/265 353/353 263/263
f 263/263 353/353 329/329
f 318/318 320/320 355/355
f 355/355 320/320 322/322
f 355/355 322/322 353/353
f 353/353 322/322 324/324
f 353/353 324/324 326/326
f 306/306 308/308 356/356
f 356/356 308/308 310/310
f 306/306 356/356 262/262
f 262/262 356/356 357/357
f 262/262 357/357 278/278
f 267/267 269/269 354/354
f 354/354 269/269 271/271
f 354/354 271/271 358/358
f 310/310 312/312 356/356
f 356/356 312/312 314/314
f 356/356 314/314 355/355
f 355/355 314/314 316/316
f 355/355 316/316 318/318
f 271/271 273/273 358/358
f 358/358 273/273 275/275
f 358/358 275/275 357/357
f 357/357 275/275 277/277
f 357/357 277/277 278/278
f 359/359 360/360 361/361
f 361/361 360/360 362/362
f 361/361 362/362 363/363
f 364/364 365/365 366/366
f 366/366 365/365 367/367
f 366/366 367/367 368/368
f 369/369 370/370 371/371
f 371/371 370/370 372/372
f 371/371 372/372 373/373
f 374/374 375/375 376/376
f 376/376 375/375 377/377
f 376/376 377/377 378/378
f 379/379 380/380 381/381
f 381/381 380/380 382/382
f 381/381 382/382 383/383
f 384/384 385/385 386/386
f 386/386 385/385 387/387
f 386/386 387/387 388/388
f 389/389 390/390 391/391
f 391/391 390/390 392/392
f 391/391 392/392 393/393
f 394/394 395/395 396/396
f 396/396 395/395 393/393
f 397/397 398/398 399/399
f 399/399 398/398 394/394
f 400/400 401/401 402/402
f 402/402 401/401 397/397
f 400/400 403/403 404/404
f 404/404 403/403 405/405
f 404/404 405/405 406/406
f 406/406 407/407 408/408
f 408/408 407/407 409/409
f 408/408 409/409 389/389
f 410/410 411/411 412/412
f 413/413 411/411 410/410
f 410/410 414/414 415/415
f 416/416 414/414 410/410
f 410/410 417/417 418/418
f 419/419 417/417 410/410
f 420/420 419/419 410/410
f 415/415 420/420 410/410
f 412/412 416/416 410/410
f 410/410 421/421 422/422
f 423/423 421/421 410/410
f 418/418 423/423 410/410
f 410/410 424/424 413/413
f 425/425 424/424 410/410
f 422/422 425/425 410/410
f 426/426 427/427 428/428
f 426/426 428/428 429/429
f 429/429 428/428 430/430
f 429/429 430/430 431/431
f 431/431 430/430 432/432
f 431/431 432/432 433/433
f 433/433 432/432 434/434
f 433/433 434/434 435/435
f 435/435 434/434 436/436
f 435/435 436/436 437/437
f 437/437 436/436 438/438
f 437/437 438/438 439/439
f 439/439 438/438 440/440
f 439/439 440/440 441/441
f 441/441 440/440 442/442
f 441/441 442/442 443/443
f 443/443 442/442 444/444
f 443/443 444/444 445/445
f 445/445 444/444 446/446
f 445/445 446/446 447/447
f 447/447 446/446 448/448
f 447/447 448/448 449/449
f 449/449 448/448 450/450
f 449/449 450/450 451/451
f 451/451 450/450 452/452
f 451/451 452/452 453/453
f 453/453 452/452 454/454
f 453/453 454/454 455/455
f 455/455 454/454 456/456
f 455/455 456/456 457/457
f 457/457 456/456 458/458
f 457/457 458/458 459/459
f 459/459 458/458 460/460
f 459/459 460/460 461/461
f 461/461 460/460 427/427
f 461/461 427/427 426/426
f 462/462 463/463 464/464
f 463/463 462/462 465/465
f 465/465 462/462 466/466
f 465/465 466/466 467/467
f 464/464 468/468 462/462
f 462/462 468/468 469/469
f 462/462 469/469 470/470
f 462/462 471/471 472/472
f 473/473 474/474 475/475
f 475/475 474/474 462/462
f 475/475 462/462 476/476
f 476/476 462/462 470/470
f 477/477 466/466 478/478
f 478/478 466/466 462/462
f 478/478 462/462 479/479
f 479/479 462/462 472/472
f 480/480 481/481 482/482
f 481/481 483/483 484/484
f 485/485 486/486 487/487
f 481/481 488/488 483/483
f 483/483 488/488 489/489
f 483/483 489/489 485/485
f 487/487 490/490 491/491
f 485/485 487/487 483/483
f 483/483 487/487 491/491
f 483/483 491/491 492/492
f 484/484 493/493 481/481
f 481/481 493/493 494/494
f 481/481 494/494 482/482
f 495/495 496/496 482/482
f 482/482 496/496 497/497
f 482/482 497/497 480/480
f 498/498 499/499 500/500
f 498/498 500/500 501/501
f 501/501 500/500 502/502
f 501/501 502/502 503/503
f 503/503 502/502 504/504
f 503/503 504/504 505/505
f 505/505 504/504 506/506
f 505/505 506/506 507/507
f 507/507 506/506 508/508
f 507/507 508/508 509/509
f 509/509 508/508 510/510
f 509/509 510/510 511/511
f 511/511 510/510 512/512
f 511/511 512/512 513/513
f 513/513 512/512 514/514
f 513/513 514/514 515/515
f 515/515 514/514 516/516
f 515/515 516/516 517/517
f 517/517 516/516 518/518
f 517/517 518/518 519/519
f 519/519 518/518 520/520
f 519/519 520/520 521/521
f 521/521 520/520 522/522
f 521/521 522/522 523/523
f 523/523 522/522 524/524
f 523/523 524/524 525/525
f 525/525 524/524 526/526
f 525/525 526/526 527/527
f 527/527 526/526 528/528
f 527/527 528/528 529/529
f 529/529 528/528 530/530
f 529/529 530/530 531/531
f 531/531 530/530 532/532
f 531/531 532/532 533/533
f 533/533 532/532 499/499
f 533/533 499/499 498/498
f 534/534 535/535 536/536
f 534/534 536/536 537/537
f 537/537 536/536 538/538
f 537/537 538/538 539/539
f 539/539 538/538 540/540
f 539/539 540/540 541/541
f 541/541 540/540 542/542
f 541/541 542/542 543/543
f 543/543 542/542 544/544
f 543/543 544/544 545/545
f 545/545 544/544 546/546
f 545/545 546/546 547/547
f 547/547 546/546 548/548
f 547/547 548/548 549/549
f 549/549 548/548 550/550
f 549/549 550/550 551/551
f 551/551 550/550 552/552
f 551/551 552/552 553/553
f 553/553 552/552 554/554
f 553/553 554/554 555/555
f 555/555 554/554 556/556
f 555/555 556/556 557/557
f 557/557 556/556 535/535
f 557/557 535/535 534/534
f 558/558 559/559 560/560
f 560/560 559/559 561/561
f 560/560 561/561 562/562
f 562/562 561/561 563/563
f 562/562 563/563 564/564
f 564/564 563/563 565/565
f 564/564 565/565 566/566
f 566/566 565/565 567/567
f 566/566 567/567 568/568
f 568/568 567/567 569/569
f 568/568 569/569 570/570
f 569/569 571/571 570/570
f 570/570 571/571 572/572
f 570/570 572/572 573/573
f 573/573 572/572 574/574
f 573/573 574/574 575/575
f 575/575 574/574 576/576
f 575/575 576/576 577/577
f 577/577 576/576 578/578
f 577/577 578/578 579/579
f 579/579 578/578 580/580
f 579/579 580/580 581/581
f 581/581 580/580 582/582
f 581/581 582/582 558/558
f 558/558 582/582 583/583
f 558/558 583/583 559/559
f 584/584 585/585 586/586
f 586/586 585/585 587/587
f 586/586 587/587 588/588
f 588/588 587/587 589/589
f 588/588 589/589 590/590
f 590/590 589/589 591/591
f 590/590 591/591 592/592
f 592/592 591/591 593/593
f 592/592 593/593 594/594
f 594/594 593/593 595/595
f 594/594 595/595 596/596
f 596/596 595/595 597/597
f 596/596 597/597 598/598
f 598/598 597/597 599/599
f 600/600 601/601 602/602
f 602/602 601/601 603/603
f 602/602 603/603 604/604
f 604/604 603/603 605/605
f 604/604 605/605 606/606
f 606/606 605/605 607/607
f 606/606 607/607 608/608
f 608/608 607/607 609/609
f 608/608 609/609 610/610
f 610/610 609/609 611/611
f 610/610 611/611 612/612
f 611/611 613/613 612/612
f 612/612 613/613 614/614
f 612/612 614/614 615/615
f 615/615 614/614 616/616
f 615/615 616/616 617/617
f 617/617 616/616 618/618
f 617/617 618/618 619/619
f 619/619 618/618 620/620
f 619/619 620/620 621/621
f 621/621 620/620 622/622
f 621/621 622/622 623/623
f 623/623 622/622 624/624
f 623/623 624/624 600/600
f 600/600 624/624 625/625
f 600/600 625/625 601/601
f 626/626 627/627 628/628
f 628/628 627/627 629/629
f 628/628 629/629 630/630
f 630/630 629/629 631/631
f 630/630 631/631 632/632
f 632/632 631/631 633/633
f 632/632 633/633 634/634
f 634/634 633/633 635/635
f 634/634 635/635 636/636
f 636/636 635/635 637/637
f 636/636 637/637 638/638
f 638/638 637/637 639/639
f 638/638 639/639 640/640
f 640/640 639/639 641/641
f 642/642 643/643 644/644
f 644/644 643/643 645/645
f 644/644 645/645 646/646
f 646/646 645/645 647/647
f 646/646 647/647 648/648
f 648/648 647/647 649/649
f 648/648 649/649 650/650
f 650/650 649/649 651/651
f 650/650 651/651 652/652
f 652/652 651/651 653/653
f 652/652 653/653 654/654
f 653/653 655/655 654/654
f 654/654 655/655 656/656
f 654/654 656/656 657/657
f 657/657 656/656 658/658
f 657/657 658/658 659/659
f 659/659 658/658 660/660
f 659/659 660/660 661/661
f 661/661 660/660 662/662
f 661/661 662/662 663/663
f 663/663 662/662 664/664
f 663/663 664/664 665/665
f 665/665 664/664 666/666
f 665/665 666/666 642/642
f 642/642 666/666 667/667
f 642/642 667/667 643/643
f 668/668 669/669 670/670
f 670/670 669/669 671/671
f 670/670 671/671 672/672
f 672/672 671/671 673/673
f 672/672 673/673 674/674
f 674/674 673/673 675/675
f 674/674 675/675 676/676
f 676/676 675/675 677/677
f 676/676 677/677 678/678
f 678/678 677/677 679/679
f 678/678 679/679 680/680
f 680/680 679/679 681/681
f 680/680 681/681 682/682
f 682/682 681/681 683/683
f 684/684 685/685 686/686
f 686/686 685/685 687/687
f 686/686 687/687 688/688
f 688/688 687/687 689/689
f 688/688 689/689 690/690
f 690/690 689/689 691/691
f 690/690 691/691 692/692
f 692/692 691/691 693/693
f 692/692 693/693 694/694
f 694/694 693/693 695/695
f 694/694 695/695 696/696
f 696/696 695/695 697/697
f 696/696 697/697 698/698
f 698/698 697/697 699/699
f 700/700 701/701 702/702
f 702/702 701/701 703/703
f 704/704 705/705 706/706
f 706/706 705/705 707/707
f 706/706 707/707 708/708
f 708/708 707/707 709/709
f 708/708 709/709 710/710
f 710/710 709/709 711/711
f 710/710 711/711 712/712
f 712/712 711/711 713/713
f 714/714 715/715 716/716
f 716/716 715/715 717/717
f 718/718 719/719 720/720
f 720/720 719/719 721/721
f 720/720 721/721 722/722
f 722/722 721/721 723/723
f 722/722 723/723 724/724
f 724/724 723/723 725/725
f 724/724 725/725 726/726
f 726/726 725/725 727/727
f 726/726 727/727 728/728
f 728/728 727/727 729/729
f 728/728 729/729 730/730
f 729/729 731/731 730/730
f 730/730 731/731 732/732
f 730/730 732/732 733/733
f 733/733 732/732 734/734
f 733/733 734/734 735/735
f 735/735 734/734 736/736
f 735/735 736/736 737/737
f 737/737 736/736 738/738
f 737/737 738/738 739/739
f 739/739 738/738 740/740
f 739/739 740/740 741/741
f 741/741 740/740 742/742
f 741/741 742/742 718/718
f 718/718 742/742 743/743
f 718/718 743/743 719/719
f 744/744 745/745 746/746
f 746/746 745/745 747/747
f 746/746 747/747 748/748
f 748/748 747/747 749/749
f 748/748 749/749 750/750
f 750/750 749/749 751/751
f 750/750 751/751 752/752
f 752/752 751/751 753/753
f 752/752 753/753 754/754
f 754/754 753/753 755/755
f 754/754 755/755 756/756
f 756/756 755/755 757/757
f 756/756 757/757 758/758
f 758/758 757/757 759/759
f 760/760 761/761 762/762
f 762/762 761/761 763/763
f 764/764 765/765 766/766
f 766/766 765/765 767/767
f 766/766 767/767 768/768
f 768/768 767/767 769/769
f 768/768 769/769 770/770
f 770/770 769/769 771/771
f 770/770 771/771 772/772
f 772/772 771/771 773/773
f 774/774 775/775 776/776
f 776/776 775/775 777/777
f 778/778 779/779 780/780
f 780/780 779/779 781/781
f 780/780 781/781 782/782
f 782/782 781/781 783/783
f 782/782 783/783 784/784
f 784/784 783/783 785/785
f 784/784 785/785 786/786
f 786/786 785/785 787/787
f 786/786 787/787 788/788
f 788/788 787/787 789/789
f 788/788 789/789 790/790
f 789/789 791/791 790/790
f 790/790 791/791 792/792
f 790/790 792/792 793/793
f 793/793 792/792 794/794
f 793/793 794/794 795/795
f 795/795 794/794 796/796
f 795/795 796/796 797/797
f 797/797 796/796 798/798
f 797/797 798/798 799/799
f 799/799 798/798 800/800
f 799/799 800/800 801/801
f 801/801 800/800 802/802
f 801/801 802/802 778/778
f 778/778 802/802 803/803
f 778/778 803/803 779/779
f 804/804 805/805 806/806
f 806/806 805/805 807/807
f 806/806 807/807 808/808
f 808/808 807/807 809/809
f 808/808 809/809 810/810
f 810/810 809/809 811/811
f 810/810 811/811 812/812
f 812/812 811/811 813/813
f 812/812 813/813 814/814
f 814/814 813/813 815/815
f 814/814 815/815 816/816
f 816/816 815/815 817/817
f 816/816 817/817 818/818
f 818/818 817/817 819/819
f 820/820 821/821 822/822
f 822/822 821/821 823/823
f 822/822 823/823 824/824
f 824/824 823/823 825/825
f 824/824 825/825 826/826
f 826/826 825/825 827/827
f 826/826 827/827 828/828
f 828/828 827/827 829/829
f 830/830 831/831 832/832
f 832/832 831/831 833/833
f 832/832 833/833 834/834
f 834/834 833/833 835/835
f 836/836 837/837 838/838
f 838/838 837/837 839/839
f 840/840 841/841 842/842
f 840/840 842/842 843/843
f 842/842 844/844 843/843
f 843/843 844/844 845/845
f 843/843 845/845 846/846
f 846/846 845/845 847/847
f 846/846 847/847 848/848
f 849/849 850/850 851/851
f 852/852 853/853 854/854
f 852/852 854/854 855/855
f 855/855 854/854 856/856
f 855/855 856/856 857/857
f 849/849 851/851 856/856
f 856/856 851/851 858/858
f 856/856 858/858 857/857
f 859/859 860/860 861/861
f 861/861 860/860 862/862
f 863/863 864/864 865/865
f 865/865 864/864 866/866
f 867/867 868/868 869/869
f 870/870 871/871 872/872
f 872/872 871/871 873/873
f 872/872 873/873 874/874
f 874/874 873/873 875/875
f 868/868 876/876 877/877
f 878/878 879/879 880/880
f 869/869 868/868 881/881
f 881/881 868/868 877/877
f 881/881 877/877 882/882
f 883/883 884/884 885/885
f 885/885 884/884 875/875
f 885/885 875/875 869/869
f 869/869 875/875 873/873
f 869/869 873/873 867/867
f 867/867 873/873 878/878
f 867/867 878/878 886/886
f 886/886 878/878 880/880
f 887/887 888/888 889/889
f 890/890 891/891 892/892
f 893/893 894/894 895/895
f 891/891 896/896 897/897
f 891/891 897/897 892/892
f 892/892 897/897 898/898
f 892/892 898/898 899/899
f 899/899 898/898 900/900
f 899/899 900/900 901/901
f 901/901 900/900 902/902
f 901/901 902/902 903/903
f 904/904 905/905 906/906
f 906/906 905/905 890/890
f 890/890 892/892 906/906
f 906/906 892/892 899/899
f 906/906 899/899 907/907
f 907/907 899/899 901/901
f 907/907 901/901 908/908
f 908/908 901/901 903/903
f 908/908 903/903 909/909
f 895/895 910/910 893/893
f 893/893 910/910 911/911
f 893/893 911/911 912/912
f 904/904 906/906 913/913
f 913/913 906/906 907/907
f 913/913 907/907 914/914
f 914/914 907/907 908/908
f 914/914 908/908 915/915
f 915/915 908/908 909/909
f 915/915 909/909 916/916
f 917/917 918/918 913/913
f 913/913 918/918 919/919
f 913/913 919/919 904/904
f 920/920 921/921 916/916
f 916/916 921/921 922/922
f 916/916 922/922 915/915
f 915/915 922/922 923/923
f 915/915 923/923 914/914
f 914/914 923/923 924/924
f 914/914 924/924 913/913
f 913/913 924/924 925/925
f 913/913 925/925 917/917
f 888/888 920/920 889/889
f 889/889 920/920 916/916
f 889/889 916/916 926/926
f 926/926 916/916 909/909
f 926/926 909/909 927/927
f 927/927 909/909 903/903
f 927/927 903/903 928/928
f 928/928 903/903 902/902
f 929/929 887/887 930/930
f 930/930 887/887 889/889
f 930/930 889/889 912/912
f 912/912 889/889 926/926
f 912/912 926/926 893/893
f 893/893 926/926 927/927
f 893/893 927/927 894/894
f 894/894 927/927 928/928
f 911/911 931/931 912/912
f 912/912 931/931 932/932
f 912/912 932/932 930/930
f 930/930 932/932 933/933
f 930/930 933/933 929/929
f 929/929 933/933 934/934
f 918/918 935/935 919/919
f 919/919 935/935 936/936
f 919/919 936/936 904/904
f 904/904 936/936 937/937
f 904/904 937/937 905/905
f 905/905 937/937 938/938
f 905/905 938/938 890/890
f 890/890 938/938 939/939
f 890/890 939/939 891/891
f 891/891 939/939 940/940
f 891/891 940/940 896/896
f 896/896 940/940 941/941
f 942/942 934/934 943/943
f 943/943 934/934 933/933
f 943/943 933/933 944/944
f 944/944 933/933 932/932
f 944/944 932/932 945/945
f 945/945 932/932 931/931
f 945/945 931/931 946/946
f 946/946 931/931 911/911
f 946/946 911/911 947/947
f 947/947 911/911 910/910
f 947/947 910/910 948/948
f 948/948 910/910 895/895
f 949/949 950/950 951/951
f 952/952 953/953 954/954
f 955/955 956/956 941/941
f 953/953 957/957 958/958
f 953/953 958/958 954/954
f 954/954 958/958 959/959
f 954/954 959/959 960/960
f 960/960 959/959 961/961
f 960/960 961/961 962/962
f 962/962 961/961 963/963
f 962/962 963/963 964/964
f 965/965 966/966 967/967
f 967/967 966/966 952/952
f 952/952 954/954 967/967
f 967/967 954/954 960/960
f 967/967 960/960 968/968
f 968/968 960/960 962/962
f 968/968 962/962 969/969
f 969/969 962/962 964/964
f 969/969 964/964 970/970
f 941/941 940/940 955/955
f 955/955 940/940 939/939
f 955/955 939/939 971/971
f 965/965 967/967 972/972
f 972/972 967/967 968/968
f 972/972 968/968 973/973
f 973/973 968/968 969/969
f 973/973 969/969 974/974
f 974/974 969/969 970/970
f 974/974 970/970 975/975
f 976/976 977/977 972/972
f 972/972 977/977 978/978
f 972/972 978/978 965/965
f 979/979 980/980 975/975
f 975/975 980/980 981/981
f 975/975 981/981 974/974
f 974/974 981/981 982/982
f 974/974 982/982 973/973
f 973/973 982/982 983/983
f 973/973 983/983 972/972
f 972/972 983/983 984/984
f 972/972 984/984 976/976
f 950/950 979/979 951/951
f 951/951 979/979 975/975
f 951/951 975/975 985/985
f 985/985 975/975 970/970
f 985/985 970/970 986/986
f 986/986 970/970 964/964
f 986/986 964/964 987/987
f 987/987 964/964 963/963
f 988/988 949/949 989/989
f 989/989 949/949 951/951
f 989/989 951/951 971/971
f 971/971 951/951 985/985
f 971/971 985/985 955/955
f 955/955 985/985 986/986
f 955/955 986/986 956/956
f 956/956 986/986 987/987
f 939/939 938/938 971/971
f 971/971 938/938 937/937
f 971/971 937/937 989/989
f 989/989 937/937 936/936
f 989/989 936/936 988/988
f 988/988 936/936 935/935
f 990/990 991/991 992/992
f 948/948 991/991 947/947
f 947/947 991/991 990/990
f 947/947 990/990 946/946
f 946/946 990/990 993/993
f 992/992 994/994 990/990
f 990/990 994/994 995/995
f 990/990 995/995 993/993
f 996/996 944/944 993/993
f 993/993 944/944 945/945
f 993/993 945/945 946/946
f 997/997 942/942 996/996
f 996/996 942/942 943/943
f 996/996 943/943 944/944
f 995/995 998/998 993/993
f 993/993 998/998 999/999
f 993/993 999/999 996/996
f 996/996 999/999 1000/1000
f 996/996 1000/1000 997/997
f 997/997 1000/1000 1001/1001
f 1002/1002 957/957 1003/1003
f 1003/1003 957/957 953/953
f 1003/1003 953/953 1004/1004
f 1004/1004 953/953 952/952
f 1004/1004 952/952 1005/1005
f 1005/1005 952/952 966/966
f 1005/1005 966/966 1006/1006
f 1006/1006 966/966 965/965
f 1006/1006 965/965 1007/1007
f 1007/1007 965/965 978/978
f 1007/1007 978/978 1008/1008
f 1008/1008 978/978 977/977
f 992/992 1009/1009 994/994
f 994/994 1009/1009 1010/1010
f 994/994 1010/1010 995/995
f 995/995 1010/1010 1011/1011
f 995/995 1011/1011 998/998
f 998/998 1011/1011 1012/1012
f 998/998 1012/1012 999/999
f 999/999 1012/1012 1013/1013
f 999/999 1013/1013 1000/1000
f 1000/1000 1013/1013 1014/1014
f 1000/1000 1014/1014 1001/1001
f 1001/1001 1014/1014 1015/1015
f 1016/1016 1017/1017 1018/1018
f 1019/1019 1020/1020 1021/1021
f 1022/1022 1023/1023 1002/1002
f 1020/1020 1024/1024 1025/1025
f 1020/1020 1025/1025 1021/1021
f 1021/1021 1025/1025 1026/1026
f 1021/1021 1026/1026 1027/1027
f 1027/1027 1026/1026 1028/1028
f 1027/1027 1028/1028 1029/1029
f 1029/1029 1028/1028 1030/1030
f 1029/1029 1030/1030 1031/1031
f 1032/1032 1033/1033 1034/1034
f 1034/1034 1033/1033 1019/1019
f 1019/1019 1021/1021 1034/1034
f 1034/1034 1021/1021 1027/1027
f 1034/1034 1027/1027 1035/1035
f 1035/1035 1027/1027 1029/1029
f 1035/1035 1029/1029 1036/1036
f 1036/1036 1029/1029 1031/1031
f 1036/1036 1031/1031 1037/1037
f 1002/1002 1003/1003 1022/1022
f 1022/1022 1003/1003 1004/1004
f 1022/1022 1004/1004 1038/1038
f 1032/1032 1034/1034 1039/1039
f 1039/1039 1034/1034 1035/1035
f 1039/1039 1035/1035 1040/1040
f 1040/1040 1035/1035 1036/1036
f 1040/1040 1036/1036 1041/1041
f 1041/1041 1036/1036 1037/1037
f 1041/1041 1037/1037 1042/1042
f 1043/1043 1044/1044 1039/1039
f 1039/1039 1044/1044 1045/1045
f 1039/1039 1045/1045 1032/1032
f 1046/1046 1047/1047 1042/1042
f 1042/1042 1047/1047 1048/1048
f 1042/1042 1048/1048 1041/1041
f 1041/1041 1048/1048 1049/1049
f 1041/1041 1049/1049 1040/1040
f 1040/1040 1049/1049 1050/1050
f 1040/1040 1050/1050 1039/1039
f 1039/1039 1050/1050 1051/1051
f 1039/1039 1051/1051 1043/1043
f 1017/1017 1046/1046 1018/1018
f 1018/1018 1046/1046 1042/1042
f 1018/1018 1042/1042 1052/1052
f 1052/1052 1042/1042 1037/1037
f 1052/1052 1037/1037 1053/1053
f 1053/1053 1037/1037 1031/1031
f 1053/1053 1031/1031 1054/1054
f 1054/1054 1031/1031 1030/1030
f 1055/1055 1016/1016 1056/1056
f 1056/1056 1016/1016 1018/1018
f 1056/1056 1018/1018 1038/1038
f 1038/1038 1018/1018 1052/1052
f 1038/1038 1052/1052 1022/1022
f 1022/1022 1052/1052 1053/1053
f 1022/1022 1053/1053 1023/1023
f 1023/1023 1053/1053 1054/1054
f 1004/1004 1005/1005 1038/1038
f 1038/1038 1005/1005 1006/1006
f 1038/1038 1006/1006 1056/1056
f 1056/1056 1006/1006 1007/1007
f 1056/1056 1007/1007 1055/1055
f 1055/1055 1007/1007 1008/1008
f 1057/1057 1058/1058 1059/1059
f 1009/1009 1060/1060 1010/1010
f 1010/1010 1060/1060 1061/1061
f 1010/1010 1061/1061 1011/1011
f 1011/1011 1061/1061 1062/1062
f 1059/1059 1013/1013 1062/1062
f 1062/1062 1013/1013 1012/1012
f 1062/1062 1012/1012 1011/1011
f 1063/1063 1064/1064 1065/1065
f 1065/1065 1064/1064 1066/1066
f 1065/1065 1066/1066 1067/1067
f 1067/1067 1066/1066 1068/1068
f 1067/1067 1068/1068 1069/1069
f 1069/1069 1068/1068 1070/1070
f 1069/1069 1070/1070 1071/1071
f 1072/1072 1073/1073 1074/1074
f 1074/1074 1073/1073 1075/1075
f 1074/1074 1075/1075 1076/1076
f 1076/1076 1075/1075 1077/1077
f 1076/1076 1077/1077 1078/1078
f 1078/1078 1077/1077 1079/1079
f 1073/1073 1080/1080 1075/1075
f 1075/1075 1080/1080 1081/1081
f 1075/1075 1081/1081 1077/1077
f 1077/1077 1081/1081 1082/1082
f 1077/1077 1082/1082 1079/1079
f 1079/1079 1082/1082 1083/1083
f 1084/1084 1085/1085 1086/1086
f 1086/1086 1085/1085 1087/1087
f 1086/1086 1087/1087 1088/1088
f 1088/1088 1087/1087 1089/1089
f 1088/1088 1089/1089 1090/1090
f 1090/1090 1089/1089 1091/1091
f 1058/1058 1015/1015 1059/1059
f 1059/1059 1015/1015 1014/1014
f 1059/1059 1014/1014 1013/1013
f 1092/1092 1057/1057 1093/1093
f 1093/1093 1057/1057 1059/1059
f 1093/1093 1059/1059 1094/1094
f 1094/1094 1059/1059 1062/1062
f 1094/1094 1062/1062 1095/1095
f 1095/1095 1062/1062 1061/1061
f 1095/1095 1061/1061 1096/1096
f 1096/1096 1061/1061 1060/1060
f 1096/1096 1063/1063 1095/1095
f 1095/1095 1063/1063 1065/1065
f 1095/1095 1065/1065 1094/1094
f 1094/1094 1065/1065 1067/1067
f 1094/1094 1067/1067 1093/1093
f 1093/1093 1067/1067 1069/1069
f 1093/1093 1069/1069 1092/1092
f 1092/1092 1069/1069 1071/1071
f 1097/1097 1098/1098 1070/1070
f 1070/1070 1098/1098 1099/1099
f 1070/1070 1099/1099 1071/1071
f 1083/1083 1100/1100 1079/1079
f 1079/1079 1100/1100 1097/1097
f 1079/1079 1097/1097 1078/1078
f 1078/1078 1097/1097 1070/1070
f 1078/1078 1070/1070 1076/1076
f 1076/1076 1070/1070 1068/1068
f 1076/1076 1068/1068 1074/1074
f 1074/1074 1068/1068 1066/1066
f 1074/1074 1066/1066 1072/1072
f 1072/1072 1066/1066 1064/1064
f 1101/1101 1102/1102 1083/1083
f 1083/1083 1102/1102 1103/1103
f 1083/1083 1103/1103 1100/1100
f 1080/1080 1084/1084 1081/1081
f 1081/1081 1084/1084 1086/1086
f 1081/1081 1086/1086 1082/1082
f 1082/1082 1086/1086 1088/1088
f 1082/1082 1088/1088 1083/1083
f 1083/1083 1088/1088 1090/1090
f 1083/1083 1090/1090 1101/1101
f 1101/1101 1090/1090 1091/1091
f 1101/1101 1091/1091 1104/1104
f 1044/1044 1105/1105 1045/1045
f 1045/1045 1105/1105 1106/1106
f 1045/1045 1106/1106 1032/1032
f 1032/1032 1106/1106 1107/1107
f 1032/1032 1107/1107 1033/1033
f 1033/1033 1107/1107 1108/1108
f 1033/1033 1108/1108 1019/1019
f 1019/1019 1108/1108 1109/1109
f 1019/1019 1109/1109 1020/1020
f 1020/1020 1109/1109 1110/1110
f 1020/1020 1110/1110 1024/1024
f 1024/1024 1110/1110 1111/1111
f 1085/1085 1112/1112 1113/1113
f 1085/1085 1113/1113 1087/1087
f 1087/1087 1113/1113 1114/1114
f 1087/1087 1114/1114 1089/1089
f 1089/1089 1114/1114 1115/1115
f 1089/1089 1115/1115 1091/1091
f 1091/1091 1115/1115 1116/1116
f 1091/1091 1116/1116 1104/1104
f 1117/1117 1118/1118 1111/1111
f 1111/1111 1110/1110 1117/1117
f 1117/1117 1110/1110 1109/1109
f 1117/1117 1109/1109 1119/1119
f 1120/1120 1118/1118 1121/1121
f 1121/1121 1118/1118 1117/1117
f 1121/1121 1117/1117 1122/1122
f 1122/1122 1117/1117 1119/1119
f 1122/1122 1119/1119 1123/1123
f 1123/1123 1119/1119 1124/1124
f 1123/1123 1124/1124 1125/1125
f 1125/1125 1124/1124 1126/1126
f 1109/1109 1108/1108 1119/1119
f 1119/1119 1108/1108 1107/1107
f 1119/1119 1107/1107 1124/1124
f 1124/1124 1107/1107 1106/1106
f 1124/1124 1106/1106 1126/1126
f 1126/1126 1106/1106 1105/1105
f 1127/1127 1128/1128 1129/1129
f 1130/1130 1131/1131 1132/1132
f 1132/1132 1131/1131 1133/1133
f 1133/1133 1134/1134 1132/1132
f 1132/1132 1134/1134 1135/1135
f 1132/1132 1135/1135 1136/1136
f 1136/1136 1135/1135 1137/1137
f 1136/1136 1137/1137 1138/1138
f 1137/1137 1139/1139 1138/1138
f 1138/1138 1139/1139 1116/1116
f 1138/1138 1116/1116 1115/1115
f 1140/1140 1131/1131 1141/1141
f 1141/1141 1131/1131 1130/1130
f 1141/1141 1130/1130 1142/1142
f 1142/1142 1130/1130 1128/1128
f 1128/1128 1130/1130 1129/1129
f 1129/1129 1130/1130 1132/1132
f 1129/1129 1132/1132 1143/1143
f 1143/1143 1132/1132 1136/1136
f 1143/1143 1136/1136 1144/1144
f 1144/1144 1136/1136 1138/1138
f 1144/1144 1138/1138 1145/1145
f 1145/1145 1138/1138 1115/1115
f 1145/1145 1115/1115 1114/1114
f 1146/1146 1147/1147 1148/1148
f 1148/1148 1147/1147 1127/1127
f 1127/1127 1129/1129 1148/1148
f 1148/1148 1129/1129 1143/1143
f 1148/1148 1143/1143 1149/1149
f 1149/1149 1143/1143 1144/1144
f 1149/1149 1144/1144 1150/1150
f 1150/1150 1144/1144 1145/1145
f 1150/1150 1145/1145 1151/1151
f 1151/1151 1145/1145 1114/1114
f 1151/1151 1114/1114 1113/1113
f 1146/1146 1148/1148 1152/1152
f 1152/1152 1148/1148 1149/1149
f 1152/1152 1149/1149 1153/1153
f 1153/1153 1149/1149 1150/1150
f 1153/1153 1150/1150 1154/1154
f 1154/1154 1150/1150 1151/1151
f 1154/1154 1151/1151 1155/1155
f 1155/1155 1151/1151 1113/1113
f 1155/1155 1113/1113 1112/1112
f 1156/1156 1120/1120 1121/1121
f 1156/1156 1121/1121 1157/1157
f 1157/1157 1121/1121 1122/1122
f 1157/1157 1122/1122 1158/1158
f 1158/1158 1122/1122 1123/1123
f 1158/1158 1123/1123 1159/1159
f 1159/1159 1123/1123 1125/1125
f 1159/1159 1125/1125 1160/1160
f 1161/1161 1140/1140 1162/1162
f 1162/1162 1140/1140 1141/1141
f 1162/1162 1141/1141 1163/1163
f 1163/1163 1141/1141 1142/1142
f 1163/1163 1142/1142 1164/1164
f 1164/1164 1142/1142 1128/1128
f 1164/1164 1128/1128 1165/1165
f 1165/1165 1128/1128 1127/1127
f 1165/1165 1127/1127 1166/1166
f 1166/1166 1127/1127 1147/1147
f 1166/1166 1147/1147 1167/1167
f 1167/1167 1147/1147 1146/1146
f 1168/1168 1169/1169 1161/1161
f 1161/1161 1162/1162 1168/1168
f 1168/1168 1162/1162 1163/1163
f 1168/1168 1163/1163 1170/1170
f 1170/1170 1163/1163 1164/1164
f 1170/1170 1164/1164 1171/1171
f 1160/1160 1169/1169 1159/1159
f 1159/1159 1169/1169 1168/1168
f 1159/1159 1168/1168 1158/1158
f 1158/1158 1168/1168 1170/1170
f 1158/1158 1170/1170 1157/1157
f 1157/1157 1170/1170 1171/1171
f 1157/1157 1171/1171 1156/1156
f 1156/1156 1171/1171 1172/1172
f 1164/1164 1165/1165 1171/1171
f 1171/1171 1165/1165 1166/1166
f 1171/1171 1166/1166 1172/1172
f 1172/1172 1166/1166 1167/1167
f 1173/1173 1174/1174 1175/1175
f 1176/1176 1177/1177 1178/1178
f 1174/1174 1179/1179 1180/1180
f 1174/1174 1180/1180 1175/1175
f 1175/1175 1180/1180 1181/1181
f 1175/1175 1181/1181 1182/1182
f 1181/1181 1183/1183 1182/1182
f 1182/1182 1183/1183 1184/1184
f 1182/1182 1184/1184 1185/1185
f 1184/1184 1186/1186 1185/1185
f 1185/1185 1186/1186 1187/1187
f 1185/1185 1187/1187 1188/1188
f 1188/1188 1187/1187 1189/1189
f 1188/1188 1189/1189 1190/1190
f 1190/1190 1189/1189 1191/1191
f 1190/1190 1191/1191 1176/1176
f 1176/1176 1191/1191 1192/1192
f 1176/1176 1192/1192 1177/1177
f 1193/1193 1194/1194 1195/1195
f 1195/1195 1194/1194 1173/1173
f 1173/1173 1175/1175 1195/1195
f 1195/1195 1175/1175 1182/1182
f 1195/1195 1182/1182 1196/1196
f 1196/1196 1182/1182 1185/1185
f 1196/1196 1185/1185 1197/1197
f 1197/1197 1185/1185 1188/1188
f 1197/1197 1188/1188 1198/1198
f 1198/1198 1188/1188 1190/1190
f 1198/1198 1190/1190 1199/1199
f 1199/1199 1190/1190 1176/1176
f 1199/1199 1176/1176 1200/1200
f 1201/1201 1202/1202 1203/1203
f 1203/1203 1202/1202 1193/1193
f 1178/1178 1204/1204 1176/1176
f 1176/1176 1204/1204 1205/1205
f 1176/1176 1205/1205 1200/1200
f 1200/1200 1205/1205 1206/1206
f 1200/1200 1206/1206 1207/1207
f 1193/1193 1195/1195 1203/1203
f 1203/1203 1195/1195 1196/1196
f 1203/1203 1196/1196 1208/1208
f 1208/1208 1196/1196 1197/1197
f 1208/1208 1197/1197 1209/1209
f 1209/1209 1197/1197 1198/1198
f 1209/1209 1198/1198 1210/1210
f 1210/1210 1198/1198 1199/1199
f 1210/1210 1199/1199 1211/1211
f 1211/1211 1199/1199 1200/1200
f 1211/1211 1200/1200 1212/1212
f 1212/1212 1200/1200 1207/1207
f 1212/1212 1207/1207 1213/1213
f 1201/1201 1203/1203 1214/1214
f 1214/1214 1203/1203 1208/1208
f 1214/1214 1208/1208 1215/1215
f 1215/1215 1208/1208 1209/1209
f 1215/1215 1209/1209 1216/1216
f 1216/1216 1209/1209 1210/1210
f 1216/1216 1210/1210 1217/1217
f 1217/1217 1210/1210 1211/1211
f 1217/1217 1211/1211 1218/1218
f 1218/1218 1211/1211 1212/1212
f 1218/1218 1212/1212 1219/1219
f 1219/1219 1212/1212 1213/1213
f 1219/1219 1213/1213 1220/1220
f 1201/1201 1221/1221 1202/1202
f 1202/1202 1221/1221 1222/1222
f 1202/1202 1222/1222 1193/1193
f 1193/1193 1222/1222 1223/1223
f 1193/1193 1223/1223 1194/1194
f 1194/1194 1223/1223 1224/1224
f 1194/1194 1224/1224 1173/1173
f 1173/1173 1224/1224 1225/1225
f 1173/1173 1225/1225 1174/1174
f 1174/1174 1225/1225 1226/1226
f 1174/1174 1226/1226 1179/1179
f 1179/1179 1226/1226 1227/1227
f 1228/1228 1220/1220 1229/1229
f 1229/1229 1220/1220 1213/1213
f 1229/1229 1213/1213 1230/1230
f 1230/1230 1213/1213 1207/1207
f 1230/1230 1207/1207 1231/1231
f 1231/1231 1207/1207 1206/1206
f 1231/1231 1206/1206 1232/1232
f 1232/1232 1206/1206 1205/1205
f 1232/1232 1205/1205 1233/1233
f 1233/1233 1205/1205 1204/1204
f 1233/1233 1204/1204 1234/1234
f 1234/1234 1204/1204 1178/1178
f 1235/1235 1236/1236 1237/1237
f 1238/1238 1239/1239 1227/1227
f 1236/1236 1240/1240 1241/1241
f 1236/1236 1241/1241 1237/1237
f 1237/1237 1241/1241 1242/1242
f 1237/1237 1242/1242 1243/1243
f 1242/1242 1244/1244 1243/1243
f 1243/1243 1244/1244 1245/1245
f 1243/1243 1245/1245 1246/1246
f 1245/1245 1247/1247 1246/1246
f 1246/1246 1247/1247 1248/1248
f 1246/1246 1248/1248 1249/1249
f 1249/1249 1248/1248 1250/1250
f 1249/1249 1250/1250 1251/1251
f 1251/1251 1250/1250 1252/1252
f 1251/1251 1252/1252 1238/1238
f 1238/1238 1252/1252 1253/1253
f 1238/1238 1253/1253 1239/1239
f 1254/1254 1255/1255 1256/1256
f 1256/1256 1255/1255 1235/1235
f 1235/1235 1237/1237 1256/1256
f 1256/1256 1237/1237 1243/1243
f 1256/1256 1243/1243 1257/1257
f 1257/1257 1243/1243 1246/1246
f 1257/1257 1246/1246 1258/1258
f 1258/1258 1246/1246 1249/1249
f 1258/1258 1249/1249 1259/1259
f 1259/1259 1249/1249 1251/1251
f 1259/1259 1251/1251 1260/1260
f 1260/1260 1251/1251 1238/1238
f 1260/1260 1238/1238 1261/1261
f 1262/1262 1263/1263 1264/1264
f 1264/1264 1263/1263 1254/1254
f 1227/1227 1226/1226 1238/1238
f 1238/1238 1226/1226 1225/1225
f 1238/1238 1225/1225 1261/1261
f 1261/1261 1225/1225 1224/1224
f 1261/1261 1224/1224 1223/1223
f 1254/1254 1256/1256 1264/1264
f 1264/1264 1256/1256 1257/1257
f 1264/1264 1257/1257 1265/1265
f 1265/1265 1257/1257 1258/1258
f 1265/1265 1258/1258 1266/1266
f 1266/1266 1258/1258 1259/1259
f 1266/1266 1259/1259 1267/1267
f 1267/1267 1259/1259 1260/1260
f 1267/1267 1260/1260 1268/1268
f 1268/1268 1260/1260 1261/1261
f 1268/1268 1261/1261 1269/1269
f 1269/1269 1261/1261 1223/1223
f 1269/1269 1223/1223 1222/1222
f 1262/1262 1264/1264 1270/1270
f 1270/1270 1264/1264 1265/1265
f 1270/1270 1265/1265 1271/1271
f 1271/1271 1265/1265 1266/1266
f 1271/1271 1266/1266 1272/1272
f 1272/1272 1266/1266 1267/1267
f 1272/1272 1267/1267 1273/1273
f 1273/1273 1267/1267 1268/1268
f 1273/1273 1268/1268 1274/1274
f 1274/1274 1268/1268 1269/1269
f 1274/1274 1269/1269 1275/1275
f 1275/1275 1269/1269 1222/1222
f 1275/1275 1222/1222 1221/1221
f 1276/1276 1277/1277 1278/1278
f 1234/1234 1277/1277 1233/1233
f 1233/1233 1277/1277 1276/1276
f 1233/1233 1276/1276 1232/1232
f 1232/1232 1276/1276 1279/1279
f 1278/1278 1280/1280 1276/1276
f 1276/1276 1280/1280 1281/1281
f 1276/1276 1281/1281 1279/1279
f 1282/1282 1230/1230 1279/1279
f 1279/1279 1230/1230 1231/1231
f 1279/1279 1231/1231 1232/1232
f 1283/1283 1228/1228 1282/1282
f 1282/1282 1228/1228 1229/1229
f 1282/1282 1229/1229 1230/1230
f 1281/1281 1284/1284 1279/1279
f 1279/1279 1284/1284 1285/1285
f 1279/1279 1285/1285 1282/1282
f 1282/1282 1285/1285 1286/1286
f 1282/1282 1286/1286 1283/1283
f 1283/1283 1286/1286 1287/1287
f 1288/1288 1240/1240 1289/1289
f 1289/1289 1240/1240 1236/1236
f 1289/1289 1236/1236 1290/1290
f 1290/1290 1236/1236 1235/1235
f 1290/1290 1235/1235 1291/1291
f 1291/1291 1235/1235 1255/1255
f 1291/1291 1255/1255 1292/1292
f 1292/1292 1255/1255 1254/1254
f 1292/1292 1254/1254 1293/1293
f 1293/1293 1254/1254 1263/1263
f 1293/1293 1263/1263 1294/1294
f 1294/1294 1263/1263 1262/1262
f 1278/1278 1295/1295 1280/1280
f 1280/1280 1295/1295 1296/1296
f 1280/1280 1296/1296 1281/1281
f 1281/1281 1296/1296 1297/1297
f 1281/1281 1297/1297 1284/1284
f 1284/1284 1297/1297 1298/1298
f 1284/1284 1298/1298 1285/1285
f 1285/1285 1298/1298 1299/1299
f 1285/1285 1299/1299 1286/1286
f 1286/1286 1299/1299 1300/1300
f 1286/1286 1300/1300 1287/1287
f 1287/1287 1300/1300 1301/1301
f 1302/1302 1303/1303 1304/1304
f 1305/1305 1306/1306 1288/1288
f 1303/1303 1307/1307 1308/1308
f 1303/1303 1308/1308 1304/1304
f 1304/1304 1308/1308 1309/1309
f 1304/1304 1309/1309 1310/1310
f 1309/1309 1311/1311 1310/1310
f 1310/1310 1311/1311 1312/1312
f 1310/1310 1312/1312 1313/1313
f 1312/1312 1314/1314 1313/1313
f 1313/1313 1314/1314 1315/1315
f 1313/1313 1315/1315 1316/1316
f 1316/1316 1315/1315 1317/1317
f 1316/1316 1317/1317 1318/1318
f 1318/1318 1317/1317 1319/1319
f 1318/1318 1319/1319 1305/1305
f 1305/1305 1319/1319 1320/1320
f 1305/1305 1320/1320 1306/1306
f 1321/1321 1322/1322 1323/1323
f 1323/1323 1322/1322 1302/1302
f 1302/1302 1304/1304 1323/1323
f 1323/1323 1304/1304 1310/1310
f 1323/1323 1310/1310 1324/1324
f 1324/1324 1310/1310 1313/1313
f 1324/1324 1313/1313 1325/1325
f 1325/1325 1313/1313 1316/1316
f 1325/1325 1316/1316 1326/1326
f 1326/1326 1316/1316 1318/1318
f 1326/1326 1318/1318 1327/1327
f 1327/1327 1318/1318 1305/1305
f 1327/1327 1305/1305 1328/1328
f 1329/1329 1330/1330 1331/1331
f 1331/1331 1330/1330 1321/1321
f 1288/1288 1289/1289 1305/1305
f 1305/1305 1289/1289 1290/1290
f 1305/1305 1290/1290 1328/1328
f 1328/1328 1290/1290 1291/1291
f 1328/1328 1291/1291 1292/1292
f 1321/1321 1323/1323 1331/1331
f 1331/1331 1323/1323 1324/1324
f 1331/1331 1324/1324 1332/1332
f 1332/1332 1324/1324 1325/1325
f 1332/1332 1325/1325 1333/1333
f 1333/1333 1325/1325 1326/1326
f 1333/1333 1326/1326 1334/1334
f 1334/1334 1326/1326 1327/1327
f 1334/1334 1327/1327 1335/1335
f 1335/1335 1327/1327 1328/1328
f 1335/1335 1328/1328 1336/1336
f 1336/1336 1328/1328 1292/1292
f 1336/1336 1292/1292 1293/1293
f 1329/1329 1331/1331 1337/1337
f 1337/1337 1331/1331 1332/1332
f 1337/1337 1332/1332 1338/1338
f 1338/1338 1332/1332 1333/1333
f 1338/1338 1333/1333 1339/1339
f 1339/1339 1333/1333 1334/1334
f 1339/1339 1334/1334 1340/1340
f 1340/1340 1334/1334 1335/1335
f 1340/1340 1335/1335 1341/1341
f 1341/1341 1335/1335 1336/1336
f 1341/1341 1336/1336 1342/1342
f 1342/1342 1336/1336 1293/1293
f 1342/1342 1293/1293 1294/1294
f 1297/1297 1296/1296 1343/1343
f 1296/1296 1295/1295 1344/1344
f 1296/1296 1344/1344 1343/1343
f 1343/1343 1344/1344 1345/1345
f 1343/1343 1345/1345 1346/1346
f 1345/1345 1347/1347 1346/1346
f 1346/1346 1347/1347 1348/1348
f 1346/1346 1348/1348 1349/1349
f 1349/1349 1348/1348 1350/1350
f 1349/1349 1350/1350 1351/1351
f 1351/1351 1350/1350 1352/1352
f 1351/1351 1352/1352 1353/1353
f 1352/1352 1354/1354 1353/1353
f 1353/1353 1354/1354 1355/1355
f 1353/1353 1355/1355 1356/1356
f 1356/1356 1355/1355 1357/1357
f 1356/1356 1357/1357 1358/1358
f 1358/1358 1357/1357 1359/1359
f 1358/1358 1359/1359 1360/1360
f 1359/1359 1361/1361 1360/1360
f 1360/1360 1361/1361 1362/1362
f 1360/1360 1362/1362 1363/1363
f 1299/1299 1298/1298 1364/1364
f 1364/1364 1298/1298 1297/1297
f 1297/1297 1343/1343 1364/1364
f 1364/1364 1343/1343 1346/1346
f 1364/1364 1346/1346 1365/1365
f 1365/1365 1346/1346 1349/1349
f 1365/1365 1349/1349 1366/1366
f 1366/1366 1349/1349 1351/1351
f 1366/1366 1351/1351 1367/1367
f 1367/1367 1351/1351 1353/1353
f 1367/1367 1353/1353 1368/1368
f 1368/1368 1353/1353 1356/1356
f 1368/1368 1356/1356 1369/1369
f 1369/1369 1356/1356 1358/1358
f 1369/1369 1358/1358 1370/1370
f 1370/1370 1358/1358 1360/1360
f 1370/1370 1360/1360 1371/1371
f 1371/1371 1360/1360 1363/1363
f 1371/1371 1363/1363 1372/1372
f 1301/1301 1300/1300 1373/1373
f 1373/1373 1300/1300 1299/1299
f 1299/1299 1364/1364 1373/1373
f 1373/1373 1364/1364 1365/1365
f 1373/1373 1365/1365 1374/1374
f 1374/1374 1365/1365 1366/1366
f 1374/1374 1366/1366 1375/1375
f 1375/1375 1366/1366 1367/1367
f 1375/1375 1367/1367 1376/1376
f 1376/1376 1367/1367 1368/1368
f 1376/1376 1368/1368 1377/1377
f 1377/1377 1368/1368 1369/1369
f 1377/1377 1369/1369 1378/1378
f 1378/1378 1369/1369 1370/1370
f 1378/1378 1370/1370 1379/1379
f 1379/1379 1370/1370 1371/1371
f 1379/1379 1371/1371 1380/1380
f 1380/1380 1371/1371 1372/1372
f 1380/1380 1372/1372 1381/1381
f 1301/1301 1373/1373 1382/1382
f 1382/1382 1373/1373 1374/1374
f 1382/1382 1374/1374 1383/1383
f 1383/1383 1374/1374 1375/1375
f 1383/1383 1375/1375 1384/1384
f 1384/1384 1375/1375 1376/1376
f 1384/1384 1376/1376 1385/1385
f 1385/1385 1376/1376 1377/1377
f 1385/1385 1377/1377 1386/1386
f 1386/1386 1377/1377 1378/1378
f 1386/1386 1378/1378 1387/1387
f 1387/1387 1378/1378 1379/1379
f 1387/1387 1379/1379 1388/1388
f 1388/1388 1379/1379 1380/1380
f 1388/1388 1380/1380 1389/1389
f 1389/1389 1380/1380 1381/1381
f 1389/1389 1381/1381 1390/1390
f 1329/1329 1391/1391 1330/1330
f 1330/1330 1391/1391 1392/1392
f 1330/1330 1392/1392 1321/1321
f 1321/1321 1392/1392 1393/1393
f 1321/1321 1393/1393 1322/1322
f 1322/1322 1393/1393 1394/1394
f 1322/1322 1394/1394 1302/1302
f 1302/1302 1394/1394 1395/1395
f 1302/1302 1395/1395 1303/1303
f 1303/1303 1395/1395 1396/1396
f 1303/1303 1396/1396 1307/1307
f 1307/1307 1396/1396 1397/1397
f 1398/1398 1390/1390 1381/1381
f 1398/1398 1381/1381 1399/1399
f 1399/1399 1381/1381 1372/1372
f 1399/1399 1372/1372 1400/1400
f 1400/1400 1372/1372 1363/1363
f 1400/1400 1363/1363 1401/1401
f 1401/1401 1363/1363 1362/1362
f 1401/1401 1362/1362 1402/1402
f 1403/1403 1404/1404 1397/1397
f 1405/1405 1404/1404 1406/1406
f 1406/1406 1404/1404 1403/1403
f 1406/1406 1403/1403 1407/1407
f 1407/1407 1403/1403 1408/1408
f 1397/1397 1396/1396 1403/1403
f 1403/1403 1396/1396 1395/1395
f 1403/1403 1395/1395 1408/1408
f 1409/1409 1410/1410 1408/1408
f 1408/1408 1410/1410 1411/1411
f 1408/1408 1411/1411 1407/1407
f 1412/1412 1413/1413 1409/1409
f 1409/1409 1413/1413 1414/1414
f 1409/1409 1414/1414 1410/1410
f 1395/1395 1394/1394 1408/1408
f 1408/1408 1394/1394 1393/1393
f 1408/1408 1393/1393 1409/1409
f 1409/1409 1393/1393 1392/1392
f 1409/1409 1392/1392 1412/1412
f 1412/1412 1392/1392 1391/1391
f 1415/1415 1416/1416 1417/1417
f 1418/1418 1419/1419 1420/1420
f 1420/1420 1419/1419 1421/1421
f 1420/1420 1421/1421 1422/1422
f 1422/1422 1421/1421 1423/1423
f 1422/1422 1423/1423 1424/1424
f 1424/1424 1423/1423 1425/1425
f 1424/1424 1425/1425 1426/1426
f 1427/1427 1398/1398 1428/1428
f 1428/1428 1398/1398 1399/1399
f 1428/1428 1399/1399 1429/1429
f 1429/1429 1399/1399 1400/1400
f 1429/1429 1400/1400 1430/1430
f 1430/1430 1400/1400 1401/1401
f 1431/1431 1432/1432 1433/1433
f 1433/1433 1432/1432 1434/1434
f 1433/1433 1434/1434 1435/1435
f 1435/1435 1434/1434 1436/1436
f 1435/1435 1436/1436 1437/1437
f 1437/1437 1436/1436 1417/1417
f 1437/1437 1417/1417 1438/1438
f 1438/1438 1417/1417 1416/1416
f 1426/1426 1415/1415 1424/1424
f 1424/1424 1415/1415 1417/1417
f 1424/1424 1417/1417 1422/1422
f 1422/1422 1417/1417 1436/1436
f 1422/1422 1436/1436 1420/1420
f 1420/1420 1436/1436 1434/1434
f 1420/1420 1434/1434 1418/1418
f 1418/1418 1434/1434 1432/1432
f 1439/1439 1440/1440 1425/1425
f 1425/1425 1440/1440 1441/1441
f 1425/1425 1441/1441 1426/1426
f 1419/1419 1427/1427 1421/1421
f 1421/1421 1427/1427 1428/1428
f 1421/1421 1428/1428 1423/1423
f 1423/1423 1428/1428 1429/1429
f 1423/1423 1429/1429 1425/1425
f 1425/1425 1429/1429 1430/1430
f 1425/1425 1430/1430 1439/1439
f 1439/1439 1430/1430 1401/1401
f 1439/1439 1401/1401 1402/1402
f 1442/1442 1405/1405 1443/1443
f 1443/1443 1405/1405 1406/1406
f 1443/1443 1406/1406 1444/1444
f 1444/1444 1406/1406 1407/1407
f 1444/1444 1407/1407 1445/1445
f 1445/1445 1407/1407 1411/1411
f 1445/1445 1411/1411 1446/1446
f 1446/1446 1411/1411 1410/1410
f 1446/1446 1410/1410 1447/1447
f 1447/1447 1410/1410 1414/1414
f 1447/1447 1414/1414 1448/1448
f 1448/1448 1414/1414 1413/1413
f 1449/1449 1431/1431 1433/1433
f 1449/1449 1433/1433 1450/1450
f 1450/1450 1433/1433 1435/1435
f 1450/1450 1435/1435 1451/1451
f 1451/1451 1435/1435 1437/1437
f 1451/1451 1437/1437 1452/1452
f 1452/1452 1437/1437 1438/1438
f 1452/1452 1438/1438 1453/1453
f 1448/1448 1454/1454 1447/1447
f 1447/1447 1454/1454 1455/1455
f 1456/1456 1444/1444 1457/1457
f 1457/1457 1444/1444 1445/1445
f 1457/1457 1445/1445 1455/1455
f 1455/1455 1445/1445 1446/1446
f 1455/1455 1446/1446 1447/1447
f 1458/1458 1442/1442 1456/1456
f 1456/1456 1442/1442 1443/1443
f 1456/1456 1443/1443 1444/1444
f 1454/1454 1449/1449 1455/1455
f 1455/1455 1449/1449 1450/1450
f 1455/1455 1450/1450 1457/1457
f 1457/1457 1450/1450 1451/1451
f 1457/1457 1451/1451 1456/1456
f 1456/1456 1451/1451 1452/1452
f 1456/1456 1452/1452 1458/1458
f 1458/1458 1452/1452 1453/1453
f 1459/1459 1460/1460 1461/1461
f 1461/1461 1460/1460 1462/1462
f 1461/1461 1462/1462 1463/1463
f 1463/1463 1462/1462 1464/1464
f 1463/1463 1464/1464 1465/1465
f 1465/1465 1464/1464 1466/1466
f 1465/1465 1466/1466 1467/1467
f 1467/1467 1466/1466 1468/1468
f 1469/1469 1470/1470 1471/1471
f 1471/1471 1470/1470 1472/1472
f 1471/1471 1472/1472 1473/1473
f 1473/1473 1472/1472 1474/1474
f 1475/1475 1476/1476 1477/1477
f 1477/1477 1476/1476 1478/1478
f 1479/1479 1480/1480 1481/1481
f 1481/1481 1480/1480 1482/1482
f 1481/1481 1482/1482 1483/1483
f 1483/1483 1482/1482 1484/1484
f 1483/1483 1484/1484 1485/1485
f 1485/1485 1484/1484 1486/1486
f 1485/1485 1486/1486 1487/1487
f 1487/1487 1486/1486 1488/1488
f 1489/1489 1490/1490 1491/1491
f 1491/1491 1490/1490 1492/1492
f 1493/1493 1494/1494 1495/1495
f 1495/1495 1494/1494 1496/1496
f 1495/1495 1496/1496 1497/1497
f 1497/1497 1496/1496 1498/1498
f 1499/1499 1500/1500 1501/1501
f 1499/1499 1501/1501 1502/1502
f 1502/1502 1501/1501 1503/1503
f 1502/1502 1503/1503 1504/1504
f 1503/1503 1505/1505 1504/1504
f 1504/1504 1505/1505 1506/1506
f 1504/1504 1506/1506 1507/1507
f 1507/1507 1506/1506 1508/1508
f 1507/1507 1508/1508 1509/1509
f 1509/1509 1508/1508 1510/1510
f 1509/1509 1510/1510 1511/1511
f 1511/1511 1510/1510 1512/1512
f 1511/1511 1512/1512 1513/1513
f 1513/1513 1512/1512 1514/1514
f 1513/1513 1514/1514 1515/1515
f 1469/1469 1467/1467 1470/1470
f 1470/1470 1467/1467 1468/1468
f 1516/1516 1517/1517 1518/1518
f 1519/1519 1520/1520 1521/1521
f 1521/1521 1520/1520 1522/1522
f 1521/1521 1522/1522 1523/1523
f 1523/1523 1522/1522 1524/1524
f 1523/1523 1524/1524 1525/1525
f 1516/1516 1518/1518 1526/1526
f 1526/1526 1518/1518 1527/1527
f 1526/1526 1527/1527 1528/1528
f 1528/1528 1527/1527 1529/1529
f 1528/1528 1529/1529 1530/1530
f 1530/1530 1529/1529 1531/1531
f 1530/1530 1531/1531 1519/1519
f 1519/1519 1531/1531 1532/1532
f 1519/1519 1532/1532 1520/1520
f 1489/1489 1487/1487 1490/1490
f 1490/1490 1487/1487 1488/1488
f 1533/1533 1534/1534 1535/1535
f 1533/1533 1535/1535 1536/1536
f 1537/1537 1538/1538 1539/1539
f 1539/1539 1540/1540 1537/1537
f 1537/1537 1540/1540 1541/1541
f 1537/1537 1541/1541 1535/1535
f 1535/1535 1541/1541 1542/1542
f 1535/1535 1542/1542 1536/1536
f 1543/1543 1544/1544 1545/1545
f 1546/1546 1547/1547 1548/1548
f 1548/1548 1547/1547 1549/1549
f 1545/1545 1550/1550 1543/1543
f 1543/1543 1550/1550 1551/1551
f 1543/1543 1551/1551 1547/1547
f 1547/1547 1551/1551 1552/1552
f 1547/1547 1552/1552 1549/1549
f 1553/1553 1554/1554 1555/1555
f 1555/1555 1554/1554 1556/1556
f 1557/1557 1558/1558 1559/1559
f 1559/1559 1558/1558 1560/1560
f 1559/1559 1560/1560 1561/1561
f 1561/1561 1560/1560 1562/1562
f 1563/1563 1561/1561 1564/1564
f 1564/1564 1561/1561 1562/1562
f 1563/1563 1564/1564 1565/1565
f 1565/1565 1564/1564 1566/1566
f 1565/1565 1566/1566 1567/1567
f 1567/1567 1566/1566 1568/1568
f 1569/1569 1570/1570 1571/1571
f 1571/1571 1570/1570 1572/1572
f 1573/1573 1574/1574 1575/1575
f 1575/1575 1574/1574 1576/1576
f 1577/1577 1578/1578 1579/1579
f 1580/1580 1581/1581 1576/1576
f 1576/1576 1581/1581 1582/1582
f 1576/1576 1582/1582 1575/1575
f 1578/1578 1577/1577 1583/1583
f 1583/1583 1577/1577 1584/1584
f 1583/1583 1584/1584 1585/1585
f 1579/1579 1586/1586 1577/1577
f 1577/1577 1586/1586 1587/1587
f 1577/1577 1587/1587 1588/1588
f 1580/1580 1589/1589 1581/1581
f 1581/1581 1589/1589 1590/1590
f 1581/1581 1590/1590 1591/1591
f 1591/1591 1590/1590 1592/1592
f 1591/1591 1592/1592 1593/1593
f 1593/1593 1592/1592 1594/1594
f 1593/1593 1594/1594 1586/1586
f 1586/1586 1594/1594 1595/1595
f 1586/1586 1595/1595 1587/1587
f 1596/1596 1597/1597 1598/1598
f 1598/1598 1597/1597 1599/1599
f 1600/1600 1601/1601 1602/1602
f 1602/1602 1601/1601 1598/1598
f 1602/1602 1598/1598 1603/1603
f 1603/1603 1598/1598 1599/1599
f 1600/1600 1604/1604 1601/1601
f 1601/1601 1604/1604 1605/1605
f 1601/1601 1605/1605 1606/1606
f 1606/1606 1605/1605 1607/1607
f 1606/1606 1607/1607 1608/1608
f 1608/1608 1607/1607 1609/1609
f 1608/1608 1609/1609 1610/1610
f 1610/1610 1609/1609 1611/1611
f 1598/1598 1612/1612 1596/1596
f 1596/1596 1612/1612 1613/1613
f 1596/1596 1613/1613 1614/1614
f 1614/1614 1613/1613 1615/1615
f 1614/1614 1615/1615 1611/1611
f 1611/1611 1615/1615 1616/1616
f 1611/1611 1616/1616 1610/1610
f 1617/1617 1618/1618 1619/1619
f 1620/1620 1621/1621 1622/1622
f 1622/1622 1621/1621 1623/1623
f 1622/1622 1623/1623 1624/1624
f 1624/1624 1623/1623 1625/1625
f 1619/1619 1618/1618 1622/1622
f 1622/1622 1618/1618 1626/1626
f 1622/1622 1626/1626 1620/1620
f 1625/1625 1627/1627 1624/1624
f 1624/1624 1627/1627 1628/1628
f 1624/1624 1628/1628 1629/1629
f 1629/1629 1628/1628 1630/1630
f 1629/1629 1630/1630 1631/1631
f 1631/1631 1630/1630 1632/1632
f 1619/1619 1633/1633 1617/1617
f 1617/1617 1633/1633 1634/1634
f 1617/1617 1634/1634 1635/1635
f 1635/1635 1634/1634 1636/1636
f 1635/1635 1636/1636 1632/1632
f 1632/1632 1636/1636 1637/1637
f 1632/1632 1637/1637 1631/1631
f 1638/1638 1639/1639 1640/1640
f 1641/1641 1642/1642 1640/1640
f 1640/1640 1642/1642 1643/1643
f 1640/1640 1643/1643 1638/1638
f 1644/1644 1645/1645 1646/1646
f 1646/1646 1645/1645 1647/1647
f 1646/1646 1647/1647 1648/1648
f 1648/1648 1647/1647 1649/1649
f 1645/1645 1644/1644 1650/1650
f 1650/1650 1644/1644 1651/1651
f 1650/1650 1651/1651 1652/1652
f 1652/1652 1651/1651 1653/1653
f 1652/1652 1653/1653 1654/1654
f 1654/1654 1653/1653 1655/1655
f 1654/1654 1655/1655 1656/1656
f 1656/1656 1655/1655 1657/1657
f 1656/1656 1657/1657 1658/1658
f 1658/1658 1657/1657 1659/1659
f 1658/1658 1659/1659 1660/1660
f 1660/1660 1659/1659 1661/1661
f 1660/1660 1661/1661 1662/1662
f 1662/1662 1661/1661 1663/1663
f 1662/1662 1663/1663 1664/1664
f 1664/1664 1663/1663 1665/1665
f 1664/1664 1665/1665 1641/1641
f 1641/1641 1665/1665 1642/1642
f 1666/1666 1667/1667 1668/1668
f 1666/1666 1668/1668 1572/1572
f 1572/1572 1668/1668 1669/1669
f 1572/1572 1669/1669 1670/1670
f 1671/1671 1672/1672 1477/1477
f 1670/1670 1673/1673 1572/1572
f 1572/1572 1673/1673 1674/1674
f 1572/1572 1674/1674 1675/1675
f 1675/1675 1676/1676 1572/1572
f 1572/1572 1676/1676 1677/1677
f 1572/1572 1677/1677 1678/1678
f 1478/1478 1571/1571 1477/1477
f 1477/1477 1571/1571 1572/1572
f 1477/1477 1572/1572 1671/1671
f 1671/1671 1572/1572 1678/1678
f 1671/1671 1678/1678 1679/1679
f 1679/1679 1678/1678 1680/1680
f 1679/1679 1680/1680 1681/1681
f 1682/1682 1683/1683 1554/1554
f 1553/1553 1460/1460 1554/1554
f 1554/1554 1460/1460 1459/1459
f 1554/1554 1459/1459 1682/1682
f 1682/1682 1459/1459 1684/1684
f 1682/1682 1684/1684 1685/1685
f 1686/1686 1687/1687 1685/1685
f 1685/1685 1687/1687 1688/1688
f 1685/1685 1688/1688 1682/1682
f 1686/1686 1689/1689 1690/1690
f 1689/1689 1686/1686 1691/1691
f 1691/1691 1686/1686 1685/1685
f 1691/1691 1685/1685 1692/1692
f 1692/1692 1685/1685 1693/1693
f 1692/1692 1693/1693 1694/1694
f 1690/1690 1695/1695 1686/1686
f 1686/1686 1695/1695 1696/1696
f 1686/1686 1696/1696 1697/1697
f 1698/1698 1699/1699 1700/1700
f 1700/1700 1699/1699 1701/1701
f 1700/1700 1701/1701 1702/1702
f 1702/1702 1701/1701 1703/1703
f 1699/1699 1698/1698 1704/1704
f 1704/1704 1698/1698 1705/1705
f 1704/1704 1705/1705 1706/1706
f 1706/1706 1705/1705 1707/1707
f 1706/1706 1707/1707 1708/1708
f 1708/1708 1707/1707 1709/1709
f 1708/1708 1709/1709 1710/1710
f 1710/1710 1709/1709 1711/1711
f 1710/1710 1711/1711 1712/1712
f 1712/1712 1711/1711 1713/1713
f 1712/1712 1713/1713 1714/1714
f 1714/1714 1713/1713 1715/1715
f 1714/1714 1715/1715 1716/1716
f 1716/1716 1715/1715 1717/1717
f 1716/1716 1717/1717 1718/1718
f 1718/1718 1717/1717 1719/1719
f 1718/1718 1719/1719 1720/1720
f 1720/1720 1719/1719 1721/1721
f 1722/1722 1723/1723 1724/1724
f 1720/1720 1721/1721 1724/1724
f 1724/1724 1721/1721 1725/1725
f 1724/1724 1725/1725 1722/1722
f 1703/1703 1701/1701 1726/1726
f 1726/1726 1701/1701 1683/1683
f 1726/1726 1683/1683 1682/1682
f 1667/1667 1666/1666 1727/1727
f 1727/1727 1666/1666 1724/1724
f 1727/1727 1724/1724 1723/1723
f 1112/1112 1728/1728 1729/1729
f 1028/1028 1026/1026 1730/1730
f 1730/1730 1026/1026 1731/1731
f 1732/1732 928/928 1733/1733
f 1733/1733 928/928 902/902
f 1733/1733 902/902 900/900
f 1026/1026 1025/1025 1731/1731
f 1731/1731 1025/1025 1024/1024
f 1731/1731 1024/1024 1734/1734
f 1734/1734 1024/1024 1111/1111
f 1734/1734 1111/1111 1735/1735
f 1028/1028 1730/1730 1030/1030
f 1030/1030 1730/1730 1736/1736
f 1030/1030 1736/1736 1054/1054
f 1054/1054 1736/1736 1023/1023
f 1023/1023 1736/1736 1737/1737
f 1023/1023 1737/1737 1002/1002
f 1002/1002 1737/1737 957/957
f 957/957 1737/1737 1738/1738
f 957/957 1738/1738 958/958
f 958/958 1738/1738 1739/1739
f 958/958 1739/1739 959/959
f 959/959 1739/1739 961/961
f 961/961 1739/1739 1740/1740
f 961/961 1740/1740 963/963
f 900/900 898/898 1733/1733
f 1733/1733 898/898 897/897
f 1733/1733 897/897 1741/1741
f 1741/1741 897/897 896/896
f 1741/1741 896/896 1742/1742
f 1742/1742 896/896 941/941
f 1742/1742 941/941 1743/1743
f 1743/1743 941/941 956/956
f 1743/1743 956/956 1740/1740
f 1740/1740 956/956 987/987
f 1740/1740 987/987 963/963
f 1744/1744 992/992 1745/1745
f 1745/1745 992/992 991/991
f 1745/1745 991/991 1746/1746
f 1746/1746 991/991 948/948
f 1746/1746 948/948 1747/1747
f 1747/1747 948/948 895/895
f 1747/1747 895/895 1732/1732
f 1732/1732 895/895 894/894
f 1732/1732 894/894 928/928
f 1748/1748 1749/1749 1750/1750
f 1750/1750 1749/1749 1751/1751
f 1750/1750 1751/1751 1752/1752
f 1752/1752 1751/1751 1753/1753
f 1752/1752 1753/1753 1754/1754
f 1755/1755 1060/1060 1756/1756
f 1756/1756 1060/1060 1009/1009
f 1756/1756 1009/1009 1757/1757
f 1757/1757 1009/1009 992/992
f 1757/1757 992/992 1758/1758
f 1758/1758 992/992 1744/1744
f 1758/1758 1744/1744 1748/1748
f 1748/1748 1744/1744 1759/1759
f 1748/1748 1759/1759 1749/1749
f 1760/1760 1063/1063 1755/1755
f 1755/1755 1063/1063 1096/1096
f 1755/1755 1096/1096 1060/1060
f 1761/1761 1072/1072 1760/1760
f 1760/1760 1072/1072 1064/1064
f 1760/1760 1064/1064 1063/1063
f 1111/1111 1118/1118 1735/1735
f 1735/1735 1118/1118 1120/1120
f 1735/1735 1120/1120 1762/1762
f 1762/1762 1120/1120 1156/1156
f 1762/1762 1156/1156 1763/1763
f 1763/1763 1156/1156 1172/1172
f 1167/1167 1146/1146 1764/1764
f 1764/1764 1146/1146 1152/1152
f 1764/1764 1152/1152 1153/1153
f 1754/1754 1764/1764 1752/1752
f 1752/1752 1764/1764 1153/1153
f 1752/1752 1153/1153 1765/1765
f 1765/1765 1153/1153 1154/1154
f 1765/1765 1154/1154 1729/1729
f 1729/1729 1154/1154 1155/1155
f 1729/1729 1155/1155 1112/1112
f 1766/1766 1080/1080 1761/1761
f 1761/1761 1080/1080 1073/1073
f 1761/1761 1073/1073 1072/1072
f 1728/1728 1112/1112 1767/1767
f 1767/1767 1112/1112 1085/1085
f 1767/1767 1085/1085 1766/1766
f 1766/1766 1085/1085 1084/1084
f 1766/1766 1084/1084 1080/1080
f 1172/1172 1167/1167 1763/1763
f 1763/1763 1167/1167 1764/1764
f 1763/1763 1764/1764 1768/1768
f 1768/1768 1764/1764 1742/1742
f 1768/1768 1742/1742 1769/1769
f 1769/1769 1742/1742 1743/1743
f 977/977 1770/1770 1008/1008
f 1008/1008 1770/1770 1771/1771
f 1772/1772 1773/1773 982/982
f 982/982 1773/1773 983/983
f 983/983 1773/1773 1774/1774
f 983/983 1774/1774 984/984
f 1240/1240 1775/1775 1241/1241
f 1241/1241 1775/1775 1776/1776
f 984/984 1774/1774 976/976
f 976/976 1774/1774 1770/1770
f 976/976 1770/1770 977/977
f 935/935 1227/1227 988/988
f 988/988 1227/1227 1239/1239
f 988/988 1239/1239 949/949
f 949/949 1239/1239 1253/1253
f 949/949 1253/1253 950/950
f 950/950 1253/1253 1252/1252
f 950/950 1252/1252 979/979
f 979/979 1252/1252 1250/1250
f 979/979 1250/1250 980/980
f 980/980 1250/1250 1248/1248
f 980/980 1248/1248 981/981
f 981/981 1248/1248 1247/1247
f 981/981 1247/1247 982/982
f 982/982 1247/1247 1245/1245
f 982/982 1245/1245 1772/1772
f 1772/1772 1245/1245 1244/1244
f 1772/1772 1244/1244 1776/1776
f 1776/1776 1244/1244 1242/1242
f 1776/1776 1242/1242 1241/1241
f 1227/1227 935/935 1179/1179
f 1179/1179 935/935 918/918
f 920/920 888/888 1777/1777
f 1777/1777 888/888 1778/1778
f 1189/1189 1779/1779 1191/1191
f 1191/1191 1779/1779 1780/1780
f 1191/1191 1780/1780 1192/1192
f 934/934 1781/1781 929/929
f 929/929 1781/1781 1778/1778
f 929/929 1778/1778 887/887
f 887/887 1778/1778 888/888
f 1192/1192 1780/1780 1177/1177
f 1177/1177 1780/1780 1782/1782
f 1177/1177 1782/1782 1178/1178
f 1777/1777 1779/1779 920/920
f 920/920 1779/1779 1189/1189
f 920/920 1189/1189 921/921
f 921/921 1189/1189 1187/1187
f 921/921 1187/1187 922/922
f 922/922 1187/1187 1186/1186
f 922/922 1186/1186 923/923
f 923/923 1186/1186 1184/1184
f 923/923 1184/1184 924/924
f 924/924 1184/1184 1183/1183
f 924/924 1183/1183 925/925
f 925/925 1183/1183 1181/1181
f 925/925 1181/1181 917/917
f 917/917 1181/1181 1180/1180
f 917/917 1180/1180 918/918
f 918/918 1180/1180 1179/1179
f 942/942 1783/1783 934/934
f 934/934 1783/1783 1781/1781
f 1001/1001 1784/1784 1785/1785
f 1001/1001 1785/1785 997/997
f 997/997 1785/1785 1783/1783
f 997/997 1783/1783 942/942
f 1438/1438 1416/1416 1786/1786
f 1786/1786 1416/1416 1787/1787
f 1416/1416 1415/1415 1787/1787
f 1787/1787 1415/1415 1426/1426
f 1787/1787 1426/1426 1788/1788
f 1788/1788 1426/1426 1441/1441
f 1788/1788 1441/1441 1789/1789
f 1441/1441 1440/1440 1789/1789
f 1789/1789 1440/1440 1439/1439
f 1789/1789 1439/1439 1790/1790
f 1790/1790 1439/1439 1402/1402
f 1790/1790 1402/1402 1791/1791
f 1792/1792 1453/1453 1793/1793
f 1793/1793 1453/1453 1438/1438
f 1793/1793 1438/1438 1786/1786
f 1161/1161 1794/1794 1140/1140
f 1140/1140 1794/1794 1795/1795
f 1140/1140 1795/1795 1796/1796
f 1797/1797 1798/1798 1799/1799
f 1799/1799 1798/1798 1800/1800
f 1799/1799 1800/1800 1792/1792
f 1792/1792 1800/1800 1801/1801
f 1792/1792 1801/1801 1453/1453
f 1453/1453 1801/1801 1802/1802
f 1453/1453 1802/1802 1803/1803
f 1799/1799 1804/1804 1797/1797
f 1797/1797 1804/1804 1805/1805
f 1797/1797 1805/1805 1806/1806
f 1807/1807 1808/1808 1161/1161
f 1161/1161 1808/1808 1809/1809
f 1161/1161 1809/1809 1794/1794
f 1794/1794 1809/1809 1810/1810
f 1794/1794 1810/1810 1811/1811
f 1811/1811 1810/1810 1812/1812
f 1811/1811 1812/1812 1813/1813
f 1813/1813 1812/1812 1806/1806
f 1813/1813 1806/1806 1814/1814
f 1814/1814 1806/1806 1805/1805
f 1453/1453 1803/1803 1458/1458
f 1458/1458 1803/1803 1815/1815
f 1458/1458 1815/1815 1442/1442
f 1816/1816 1405/1405 1817/1817
f 1817/1817 1405/1405 1818/1818
f 1442/1442 1815/1815 1405/1405
f 1405/1405 1815/1815 1819/1819
f 1405/1405 1819/1819 1818/1818
f 1105/1105 1820/1820 1126/1126
f 1126/1126 1820/1820 1821/1821
f 1126/1126 1821/1821 1125/1125
f 1044/1044 1822/1822 1105/1105
f 1105/1105 1822/1822 1820/1820
f 1008/1008 1771/1771 1055/1055
f 1055/1055 1771/1771 1823/1823
f 1824/1824 1017/1017 1823/1823
f 1823/1823 1017/1017 1016/1016
f 1823/1823 1016/1016 1055/1055
f 1049/1049 1048/1048 1825/1825
f 1825/1825 1048/1048 1047/1047
f 1825/1825 1047/1047 1824/1824
f 1824/1824 1047/1047 1046/1046
f 1824/1824 1046/1046 1017/1017
f 1049/1049 1825/1825 1050/1050
f 1050/1050 1825/1825 1826/1826
f 1050/1050 1826/1826 1051/1051
f 1051/1051 1826/1826 1043/1043
f 1043/1043 1826/1826 1822/1822
f 1043/1043 1822/1822 1044/1044
f 1827/1827 1391/1391 1329/1329
f 1828/1828 1829/1829 1221/1221
f 1827/1827 1329/1329 1830/1830
f 1391/1391 1827/1827 1412/1412
f 1412/1412 1827/1827 1831/1831
f 1412/1412 1831/1831 1413/1413
f 1832/1832 1833/1833 1834/1834
f 1835/1835 1836/1836 1340/1340
f 1329/1329 1337/1337 1830/1830
f 1830/1830 1337/1337 1338/1338
f 1830/1830 1338/1338 1836/1836
f 1836/1836 1338/1338 1339/1339
f 1836/1836 1339/1339 1340/1340
f 1413/1413 1831/1831 1448/1448
f 1448/1448 1831/1831 1837/1837
f 1448/1448 1837/1837 1454/1454
f 1832/1832 1834/1834 1838/1838
f 1838/1838 1834/1834 1839/1839
f 1838/1838 1839/1839 1840/1840
f 1427/1427 1419/1419 1841/1841
f 1842/1842 1843/1843 1384/1384
f 1840/1840 1301/1301 1844/1844
f 1844/1844 1301/1301 1382/1382
f 1844/1844 1382/1382 1843/1843
f 1843/1843 1382/1382 1383/1383
f 1843/1843 1383/1383 1384/1384
f 1215/1215 1845/1845 1214/1214
f 1214/1214 1845/1845 1828/1828
f 1214/1214 1828/1828 1201/1201
f 1201/1201 1828/1828 1221/1221
f 1427/1427 1841/1841 1398/1398
f 1846/1846 1219/1219 1847/1847
f 1847/1847 1219/1219 1220/1220
f 1847/1847 1220/1220 1848/1848
f 1215/1215 1216/1216 1845/1845
f 1845/1845 1216/1216 1217/1217
f 1845/1845 1217/1217 1846/1846
f 1846/1846 1217/1217 1218/1218
f 1846/1846 1218/1218 1219/1219
f 1839/1839 1849/1849 1840/1840
f 1840/1840 1849/1849 1850/1850
f 1840/1840 1850/1850 1301/1301
f 1301/1301 1850/1850 1851/1851
f 1301/1301 1851/1851 1287/1287
f 1287/1287 1851/1851 1852/1852
f 1287/1287 1852/1852 1283/1283
f 1283/1283 1852/1852 1848/1848
f 1283/1283 1848/1848 1228/1228
f 1228/1228 1848/1848 1220/1220
f 1340/1340 1341/1341 1835/1835
f 1835/1835 1341/1341 1342/1342
f 1835/1835 1342/1342 1853/1853
f 1853/1853 1342/1342 1294/1294
f 1853/1853 1294/1294 1854/1854
f 1854/1854 1294/1294 1262/1262
f 1854/1854 1262/1262 1855/1855
f 1418/1418 1432/1432 1856/1856
f 1856/1856 1432/1432 1431/1431
f 1384/1384 1385/1385 1842/1842
f 1842/1842 1385/1385 1386/1386
f 1842/1842 1386/1386 1857/1857
f 1419/1419 1418/1418 1841/1841
f 1841/1841 1418/1418 1856/1856
f 1841/1841 1856/1856 1858/1858
f 1858/1858 1856/1856 1833/1833
f 1858/1858 1833/1833 1859/1859
f 1859/1859 1833/1833 1832/1832
f 1829/1829 1856/1856 1860/1860
f 1860/1860 1856/1856 1431/1431
f 1860/1860 1431/1431 1837/1837
f 1837/1837 1431/1431 1449/1449
f 1837/1837 1449/1449 1454/1454
f 1841/1841 1861/1861 1398/1398
f 1398/1398 1861/1861 1862/1862
f 1398/1398 1862/1862 1390/1390
f 1390/1390 1862/1862 1863/1863
f 1390/1390 1863/1863 1389/1389
f 1389/1389 1863/1863 1864/1864
f 1389/1389 1864/1864 1388/1388
f 1388/1388 1864/1864 1857/1857
f 1388/1388 1857/1857 1387/1387
f 1387/1387 1857/1857 1386/1386
f 1860/1860 1865/1865 1829/1829
f 1829/1829 1865/1865 1866/1866
f 1829/1829 1866/1866 1221/1221
f 1221/1221 1866/1866 1867/1867
f 1221/1221 1867/1867 1275/1275
f 1275/1275 1867/1867 1868/1868
f 1275/1275 1868/1868 1274/1274
f 1274/1274 1868/1868 1273/1273
f 1262/1262 1270/1270 1855/1855
f 1855/1855 1270/1270 1271/1271
f 1855/1855 1271/1271 1868/1868
f 1868/1868 1271/1271 1272/1272
f 1868/1868 1272/1272 1273/1273
f 1288/1288 1869/1869 1240/1240
f 1240/1240 1869/1869 1775/1775
f 1178/1178 1782/1782 1234/1234
f 1234/1234 1782/1782 1870/1870
f 1871/1871 1278/1278 1277/1277
f 1871/1871 1277/1277 1872/1872
f 1872/1872 1277/1277 1234/1234
f 1872/1872 1234/1234 1870/1870
f 1134/1134 1873/1873 1874/1874
f 1875/1875 1116/1116 1876/1876
f 1876/1876 1116/1116 1139/1139
f 1876/1876 1139/1139 1877/1877
f 1877/1877 1139/1139 1137/1137
f 1877/1877 1137/1137 1874/1874
f 1874/1874 1137/1137 1135/1135
f 1874/1874 1135/1135 1134/1134
f 1140/1140 1796/1796 1131/1131
f 1131/1131 1796/1796 1873/1873
f 1131/1131 1873/1873 1133/1133
f 1133/1133 1873/1873 1134/1134
f 1160/1160 1878/1878 1169/1169
f 1169/1169 1878/1878 1807/1807
f 1169/1169 1807/1807 1161/1161
f 1125/1125 1821/1821 1879/1879
f 1878/1878 1160/1160 1880/1880
f 1880/1880 1160/1160 1125/1125
f 1880/1880 1125/1125 1881/1881
f 1881/1881 1125/1125 1879/1879
f 1405/1405 1816/1816 1404/1404
f 1404/1404 1816/1816 1882/1882
f 1404/1404 1882/1882 1397/1397
f 1397/1397 1882/1882 1307/1307
f 1307/1307 1882/1882 1883/1883
f 1288/1288 1306/1306 1869/1869
f 1869/1869 1306/1306 1884/1884
f 1317/1317 1885/1885 1319/1319
f 1319/1319 1885/1885 1884/1884
f 1319/1319 1884/1884 1320/1320
f 1320/1320 1884/1884 1306/1306
f 1317/1317 1315/1315 1885/1885
f 1885/1885 1315/1315 1314/1314
f 1885/1885 1314/1314 1886/1886
f 1314/1314 1312/1312 1886/1886
f 1886/1886 1312/1312 1311/1311
f 1886/1886 1311/1311 1887/1887
f 1307/1307 1883/1883 1308/1308
f 1308/1308 1883/1883 1887/1887
f 1308/1308 1887/1887 1309/1309
f 1309/1309 1887/1887 1311/1311
f 1888/1888 1889/1889 1890/1890
f 1891/1891 1640/1640 1639/1639
f 1892/1892 1893/1893 1894/1894
f 1894/1894 1893/1893 1891/1891
f 1894/1894 1891/1891 1895/1895
f 1895/1895 1891/1891 1639/1639
f 1892/1892 1888/1888 1893/1893
f 1893/1893 1888/1888 1890/1890
f 1893/1893 1890/1890 1896/1896
f 1896/1896 1890/1890 1897/1897
f 1896/1896 1897/1897 1898/1898
f 1898/1898 1897/1897 1899/1899
f 1900/1900 1898/1898 1901/1901
f 1901/1901 1898/1898 1899/1899
f 1649/1649 1647/1647 1902/1902
f 1902/1902 1647/1647 1903/1903
f 1904/1904 1905/1905 1906/1906
f 1906/1906 1905/1905 1907/1907
f 1906/1906 1907/1907 1903/1903
f 1903/1903 1907/1907 1908/1908
f 1903/1903 1908/1908 1902/1902
f 1900/1900 1901/1901 1909/1909
f 1909/1909 1901/1901 1910/1910
f 1909/1909 1910/1910 1906/1906
f 1906/1906 1910/1910 1911/1911
f 1906/1906 1911/1911 1904/1904
f 1912/1912 1913/1913 1914/1914
f 1498/1498 1915/1915 1916/1916
f 1917/1917 838/838 1918/1918
f 1918/1918 838/838 839/839
f 1919/1919 1920/1920 1921/1921
f 1919/1919 1921/1921 1922/1922
f 1923/1923 1924/1924 1918/1918
f 1920/1920 1925/1925 1921/1921
f 1921/1921 1925/1925 1926/1926
f 1921/1921 1926/1926 1918/1918
f 1918/1918 1926/1926 1927/1927
f 1918/1918 1927/1927 1923/1923
f 1917/1917 1928/1928 1929/1929
f 1929/1929 1928/1928 1930/1930
f 1929/1929 1930/1930 1931/1931
f 1931/1931 1930/1930 1932/1932
f 1921/1921 1497/1497 1922/1922
f 1922/1922 1497/1497 1498/1498
f 1922/1922 1498/1498 1933/1933
f 1933/1933 1498/1498 1916/1916
f 1933/1933 1916/1916 1934/1934
f 1934/1934 1916/1916 1912/1912
f 1934/1934 1912/1912 1935/1935
f 1935/1935 1912/1912 1914/1914
f 1935/1935 1914/1914 1936/1936
f 1936/1936 1914/1914 1937/1937
f 1936/1936 1937/1937 1932/1932
f 1932/1932 1937/1937 1938/1938
f 1932/1932 1938/1938 1931/1931
f 1924/1924 1939/1939 1918/1918
f 1918/1918 1939/1939 1940/1940
f 1918/1918 1940/1940 1917/1917
f 1917/1917 1940/1940 1941/1941
f 1917/1917 1941/1941 1928/1928
f 1921/1921 1918/1918 1942/1942
f 1942/1942 1918/1918 1943/1943
f 1942/1942 1943/1943 1944/1944
f 1944/1944 1943/1943 1945/1945
f 1944/1944 1945/1945 1946/1946
f 1946/1946 1945/1945 1947/1947
f 1946/1946 1947/1947 1948/1948
f 1948/1948 1947/1947 1949/1949
f 1950/1950 1951/1951 1952/1952
f 1952/1952 1951/1951 1953/1953
f 1952/1952 1953/1953 1954/1954
f 1954/1954 1953/1953 1955/1955
f 1954/1954 1955/1955 1956/1956
f 1956/1956 1955/1955 1957/1957
f 1956/1956 1957/1957 1958/1958
f 1958/1958 1957/1957 1959/1959
f 1960/1960 1961/1961 1962/1962
f 1963/1963 1964/1964 1480/1480
f 1965/1965 1966/1966 1958/1958
f 1966/1966 1967/1967 1958/1958
f 1958/1958 1967/1967 1968/1968
f 1958/1958 1968/1968 1479/1479
f 1965/1965 1958/1958 1969/1969
f 1969/1969 1958/1958 1959/1959
f 1969/1969 1959/1959 1970/1970
f 1971/1971 1972/1972 1959/1959
f 1959/1959 1972/1972 1973/1973
f 1959/1959 1973/1973 1970/1970
f 821/821 820/820 1959/1959
f 1959/1959 820/820 1974/1974
f 1959/1959 1974/1974 1971/1971
f 1971/1971 1974/1974 1975/1975
f 1479/1479 1968/1968 1480/1480
f 1480/1480 1968/1968 1976/1976
f 1480/1480 1976/1976 1963/1963
f 1963/1963 1976/1976 1977/1977
f 1963/1963 1977/1977 1962/1962
f 1962/1962 1977/1977 1978/1978
f 1962/1962 1978/1978 1960/1960
f 1960/1960 1978/1978 1979/1979
f 1960/1960 1979/1979 1980/1980
f 1980/1980 1979/1979 1981/1981
f 1981/1981 1979/1979 1982/1982
f 1981/1981 1982/1982 1983/1983
f 1983/1983 1982/1982 1984/1984
f 1983/1983 1984/1984 1985/1985
f 1985/1985 1984/1984 1986/1986
f 1985/1985 1986/1986 1974/1974
f 1974/1974 1986/1986 1987/1987
f 1974/1974 1987/1987 1975/1975
f 1949/1949 831/831 830/830
f 828/828 829/829 1951/1951
f 1950/1950 1948/1948 1951/1951
f 1951/1951 1948/1948 1949/1949
f 1951/1951 1949/1949 828/828
f 828/828 1949/1949 830/830
f 1988/1988 1784/1784 1989/1989
f 1989/1989 1784/1784 1001/1001
f 1989/1989 1001/1001 1990/1990
f 1990/1990 1001/1001 1015/1015
f 1104/1104 1991/1991 1101/1101
f 1101/1101 1991/1991 1992/1992
f 1101/1101 1992/1992 1102/1102
f 1102/1102 1992/1992 1103/1103
f 1103/1103 1992/1992 1993/1993
f 1103/1103 1993/1993 1100/1100
f 1100/1100 1993/1993 1097/1097
f 1097/1097 1993/1993 1994/1994
f 1097/1097 1994/1994 1098/1098
f 1098/1098 1994/1994 1099/1099
f 1099/1099 1994/1994 1995/1995
f 1099/1099 1995/1995 1071/1071
f 1071/1071 1995/1995 1092/1092
f 1092/1092 1995/1995 1996/1996
f 1092/1092 1996/1996 1057/1057
f 1057/1057 1996/1996 1058/1058
f 1058/1058 1996/1996 1990/1990
f 1058/1058 1990/1990 1015/1015
f 1997/1997 1998/1998 1362/1362
f 1362/1362 1998/1998 1402/1402
f 1999/1999 2000/2000 1998/1998
f 1998/1998 2000/2000 1791/1791
f 1998/1998 1791/1791 1402/1402
f 2001/2001 2002/2002 2003/2003
f 2003/2003 2002/2002 1875/1875
f 1991/1991 1104/1104 2002/2002
f 2002/2002 1104/1104 1116/1116
f 2002/2002 1116/1116 1875/1875
f 2004/2004 1295/1295 2005/2005
f 2005/2005 1295/1295 1278/1278
f 2005/2005 1278/1278 2006/2006
f 2006/2006 1278/1278 1871/1871
f 1362/1362 1361/1361 1997/1997
f 1997/1997 1361/1361 2007/2007
f 1361/1361 1359/1359 2007/2007
f 2007/2007 1359/1359 1357/1357
f 2007/2007 1357/1357 2008/2008
f 1357/1357 1355/1355 2008/2008
f 2008/2008 1355/1355 1354/1354
f 2008/2008 1354/1354 2009/2009
f 1354/1354 1352/1352 2009/2009
f 2009/2009 1352/1352 1350/1350
f 2009/2009 1350/1350 2010/2010
f 1350/1350 1348/1348 2010/2010
f 2010/2010 1348/1348 1347/1347
f 2010/2010 1347/1347 2011/2011
f 1295/1295 2004/2004 1344/1344
f 1344/1344 2004/2004 2011/2011
f 1344/1344 2011/2011 1345/1345
f 1345/1345 2011/2011 1347/1347
f 2012/2012 2013/2013 2014/2014
f 2014/2014 2013/2013 2015/2015
f 2014/2014 2015/2015 2016/2016
f 2017/2017 2018/2018 2019/2019
f 2019/2019 2018/2018 2020/2020
f 2019/2019 2020/2020 2021/2021
f 2021/2021 2020/2020 2022/2022
f 2021/2021 2022/2022 2023/2023
f 2023/2023 2022/2022 2024/2024
f 2014/2014 2025/2025 2012/2012
f 2012/2012 2025/2025 2026/2026
f 2012/2012 2026/2026 2027/2027
f 2028/2028 2029/2029 2030/2030
f 2017/2017 2028/2028 2018/2018
f 2018/2018 2028/2028 2030/2030
f 2018/2018 2030/2030 2026/2026
f 2026/2026 2030/2030 2031/2031
f 2031/2031 2032/2032 2026/2026
f 2026/2026 2032/2032 2033/2033
f 2026/2026 2033/2033 2027/2027
f 1672/1672 1671/1671 2034/2034
f 2034/2034 1671/1671 2035/2035
f 2034/2034 2035/2035 2036/2036
f 2036/2036 2035/2035 2037/2037
f 2038/2038 2039/2039 2040/2040
f 2040/2040 2039/2039 2041/2041
f 2040/2040 2041/2041 2042/2042
f 2042/2042 2041/2041 2043/2043
f 2042/2042 2043/2043 2044/2044
f 2044/2044 2043/2043 2045/2045
f 2046/2046 2047/2047 2048/2048
f 2048/2048 2047/2047 2049/2049
f 2048/2048 2049/2049 1684/1684
f 1684/1684 2049/2049 1685/1685
f 2050/2050 2051/2051 2052/2052
f 2052/2052 2051/2051 2053/2053
f 2054/2054 2055/2055 2056/2056
f 2057/2057 2058/2058 2059/2059
f 2059/2059 2058/2058 2060/2060
f 2059/2059 2060/2060 2061/2061
f 2061/2061 2060/2060 2054/2054
f 2061/2061 2054/2054 2062/2062
f 2062/2062 2054/2054 2056/2056
f 2063/2063 2064/2064 2065/2065
f 2065/2065 2064/2064 2066/2066
f 2065/2065 2066/2066 2067/2067
f 2067/2067 2066/2066 2060/2060
f 2068/2068 2069/2069 2070/2070
f 2060/2060 2066/2066 2054/2054
f 2054/2054 2066/2066 2068/2068
f 2054/2054 2068/2068 2071/2071
f 2071/2071 2068/2068 2070/2070
f 2071/2071 2070/2070 2072/2072
f 1964/1964 1963/1963 2073/2073
f 2073/2073 1963/1963 2074/2074
f 2075/2075 2076/2076 2077/2077
f 2077/2077 2076/2076 2078/2078
f 2077/2077 2078/2078 2050/2050
f 2050/2050 2078/2078 2051/2051
f 2052/2052 2053/2053 2079/2079
f 2079/2079 2053/2053 2080/2080
f 2079/2079 2080/2080 2081/2081
f 2081/2081 2080/2080 2082/2082
f 2083/2083 2084/2084 1915/1915
f 1915/1915 2084/2084 1916/1916
f 2085/2085 2086/2086 2087/2087
f 2088/2088 2089/2089 2087/2087
f 2090/2090 2088/2088 2091/2091
f 2091/2091 2088/2088 2087/2087
f 2091/2091 2087/2087 2092/2092
f 2092/2092 2087/2087 2086/2086
f 2092/2092 2086/2086 2093/2093
f 2093/2093 2086/2086 2094/2094
f 2095/2095 2096/2096 2097/2097
f 2097/2097 2096/2096 2098/2098
f 2099/2099 2100/2100 2101/2101
f 2101/2101 2100/2100 2085/2085
f 2101/2101 2085/2085 2098/2098
f 2098/2098 2085/2085 2087/2087
f 2098/2098 2087/2087 2097/2097
f 818/818 819/819 2102/2102
f 2102/2102 819/819 2103/2103
f 2102/2102 2103/2103 2104/2104
f 2104/2104 2103/2103 2105/2105
f 2104/2104 2105/2105 2106/2106
f 2106/2106 2105/2105 2107/2107
f 2106/2106 2107/2107 2108/2108
f 2108/2108 2107/2107 2109/2109
f 2108/2108 2109/2109 2110/2110
f 2110/2110 2109/2109 2111/2111
f 2110/2110 2111/2111 2112/2112
f 2112/2112 2111/2111 2113/2113
f 2112/2112 2113/2113 804/804
f 804/804 2113/2113 805/805
f 2114/2114 2115/2115 2116/2116
f 2116/2116 2115/2115 2117/2117
f 2116/2116 2117/2117 2118/2118
f 2118/2118 2117/2117 2119/2119
f 2120/2120 2121/2121 2122/2122
f 2122/2122 2121/2121 2123/2123
f 2122/2122 2123/2123 2124/2124
f 2124/2124 2123/2123 2125/2125
f 2126/2126 2127/2127 2128/2128
f 2128/2128 2127/2127 2129/2129
f 2128/2128 2129/2129 760/760
f 760/760 2129/2129 761/761
f 758/758 759/759 2130/2130
f 2130/2130 759/759 2131/2131
f 2130/2130 2131/2131 2132/2132
f 2132/2132 2131/2131 2133/2133
f 2132/2132 2133/2133 2134/2134
f 2134/2134 2133/2133 2135/2135
f 2134/2134 2135/2135 2136/2136
f 2136/2136 2135/2135 2137/2137
f 2136/2136 2137/2137 2138/2138
f 2138/2138 2137/2137 2139/2139
f 2138/2138 2139/2139 2140/2140
f 2140/2140 2139/2139 2141/2141
f 2140/2140 2141/2141 744/744
f 744/744 2141/2141 745/745
f 2142/2142 2143/2143 2144/2144
f 2144/2144 2143/2143 2145/2145
f 2144/2144 2145/2145 2146/2146
f 2146/2146 2145/2145 2147/2147
f 2148/2148 2149/2149 2150/2150
f 2150/2150 2149/2149 2151/2151
f 2150/2150 2151/2151 2152/2152
f 2152/2152 2151/2151 2153/2153
f 2154/2154 2155/2155 2156/2156
f 2156/2156 2155/2155 2157/2157
f 2156/2156 2157/2157 700/700
f 700/700 2157/2157 701/701
f 698/698 699/699 2158/2158
f 2158/2158 699/699 2159/2159
f 2158/2158 2159/2159 2160/2160
f 2160/2160 2159/2159 2161/2161
f 2160/2160 2161/2161 2162/2162
f 2162/2162 2161/2161 2163/2163
f 2162/2162 2163/2163 2164/2164
f 2164/2164 2163/2163 2165/2165
f 2164/2164 2165/2165 2166/2166
f 2166/2166 2165/2165 2167/2167
f 2166/2166 2167/2167 2168/2168
f 2168/2168 2167/2167 2169/2169
f 2168/2168 2169/2169 684/684
f 684/684 2169/2169 685/685
f 682/682 683/683 2170/2170
f 2170/2170 683/683 2171/2171
f 2170/2170 2171/2171 2172/2172
f 2172/2172 2171/2171 2173/2173
f 2172/2172 2173/2173 2174/2174
f 2174/2174 2173/2173 2175/2175
f 2174/2174 2175/2175 2176/2176
f 2176/2176 2175/2175 2177/2177
f 2176/2176 2177/2177 2178/2178
f 2178/2178 2177/2177 2179/2179
f 2178/2178 2179/2179 2180/2180
f 2180/2180 2179/2179 2181/2181
f 2180/2180 2181/2181 668/668
f 668/668 2181/2181 669/669
f 640/640 641/641 2182/2182
f 2182/2182 641/641 2183/2183
f 2182/2182 2183/2183 2184/2184
f 2184/2184 2183/2183 2185/2185
f 2184/2184 2185/2185 2186/2186
f 2186/2186 2185/2185 2187/2187
f 2186/2186 2187/2187 2188/2188
f 2188/2188 2187/2187 2189/2189
f 2188/2188 2189/2189 2190/2190
f 2190/2190 2189/2189 2191/2191
f 2190/2190 2191/2191 2192/2192
f 2192/2192 2191/2191 2193/2193
f 2192/2192 2193/2193 626/626
f 626/626 2193/2193 627/627
f 598/598 599/599 2194/2194
f 2194/2194 599/599 2195/2195
f 2194/2194 2195/2195 2196/2196
f 2196/2196 2195/2195 2197/2197
f 2196/2196 2197/2197 2198/2198
f 2198/2198 2197/2197 2199/2199
f 2198/2198 2199/2199 2200/2200
f 2200/2200 2199/2199 2201/2201
f 2200/2200 2201/2201 2202/2202
f 2202/2202 2201/2201 2203/2203
f 2202/2202 2203/2203 2204/2204
f 2204/2204 2203/2203 2205/2205
f 2204/2204 2205/2205 584/584
f 584/584 2205/2205 585/585
f 2206/2206 2207/2207 2208/2208
f 2208/2208 2207/2207 2209/2209
f 2208/2208 2209/2209 2210/2210
f 2210/2210 2209/2209 2211/2211
f 2210/2210 2211/2211 2212/2212
f 2212/2212 2211/2211 2213/2213
f 2212/2212 2213/2213 2214/2214
f 2214/2214 2213/2213 2215/2215
f 2214/2214 2215/2215 2216/2216
f 2216/2216 2215/2215 2217/2217
f 2216/2216 2217/2217 2218/2218
f 2217/2217 2219/2219 2218/2218
f 2218/2218 2219/2219 2220/2220
f 2218/2218 2220/2220 2221/2221
f 2221/2221 2220/2220 2222/2222
f 2221/2221 2222/2222 2223/2223
f 2223/2223 2222/2222 2224/2224
f 2223/2223 2224/2224 2225/2225
f 2225/2225 2224/2224 2226/2226
f 2225/2225 2226/2226 2227/2227
f 2227/2227 2226/2226 2228/2228
f 2227/2227 2228/2228 2229/2229
f 2229/2229 2228/2228 2230/2230
f 2229/2229 2230/2230 2206/2206
f 2206/2206 2230/2230 2231/2231
f 2206/2206 2231/2231 2207/2207
f 2232/2232 2233/2233 2234/2234
f 2232/2232 2234/2234 2235/2235
f 2235/2235 2234/2234 2236/2236
f 2235/2235 2236/2236 2237/2237
f 2237/2237 2236/2236 2238/2238
f 2237/2237 2238/2238 2239/2239
f 2239/2239 2238/2238 2240/2240
f 2239/2239 2240/2240 2241/2241
f 2241/2241 2240/2240 2242/2242
f 2241/2241 2242/2242 2243/2243
f 2243/2243 2242/2242 2244/2244
f 2243/2243 2244/2244 2245/2245
f 2245/2245 2244/2244 2246/2246
f 2245/2245 2246/2246 2247/2247
f 2247/2247 2246/2246 2248/2248
f 2247/2247 2248/2248 2249/2249
f 2249/2249 2248/2248 2250/2250
f 2249/2249 2250/2250 2251/2251
f 2251/2251 2250/2250 2252/2252
f 2251/2251 2252/2252 2253/2253
f 2253/2253 2252/2252 2254/2254
f 2253/2253 2254/2254 2255/2255
f 2255/2255 2254/2254 2233/2233
f 2255/2255 2233/2233 2232/2232

