mtllib material.mtl
usemtl material_0
v -0.00101382 0.01199996 -0.00055273
v -0.00098558 0.01199996 0.00060163
v -0.00002823 0.01199996 -0.00115430
v 0.00002823 0.01199996 0.00115430
v 0.00098559 0.01199996 -0.00060163
v 0.00101382 0.01199996 0.00055273
v 0.00101382 0.01199996 0.00055273
v 0.00002823 0.01199996 0.00115430
v 0.00101382 0.01349997 0.00055273
v 0.00002823 0.01349997 0.00115430
v 0.00098559 0.01199996 -0.00060163
v 0.00101382 0.01199996 0.00055273
v 0.00098559 0.01349997 -0.00060163
v 0.00101382 0.01349997 0.00055273
v -0.00002823 0.01199996 -0.00115430
v 0.00098559 0.01199996 -0.00060163
v -0.00002823 0.01349997 -0.00115430
v 0.00098559 0.01349997 -0.00060163
v -0.00101382 0.01199996 -0.00055273
v -0.00002823 0.01199996 -0.00115430
v -0.00101382 0.01349997 -0.00055273
v -0.00002823 0.01349997 -0.00115430
v -0.00098558 0.01199996 0.00060163
v -0.00101382 0.01199996 -0.00055273
v -0.00098558 0.01349997 0.00060163
v -0.00101382 0.01349997 -0.00055273
v 0.00002823 0.01199996 0.00115430
v -0.00098558 0.01199996 0.00060163
v 0.00002823 0.01349997 0.00115430
v -0.00098558 0.01349997 0.00060163
v -0.00048661 0.01349997 0.00240117
v 0.00005990 0.01349997 0.00244921
v 0.00002823 0.01349997 0.00115430
v -0.00101382 0.01349997 -0.00055273
v -0.00223267 0.01349997 -0.00100869
v -0.00240117 0.01349997 -0.00048661
v -0.00218070 0.01349997 0.00111663
v -0.00098558 0.01349997 0.00060163
v -0.00237447 0.01349997 0.00060341
v -0.00244921 0.01349997 0.00005990
v 0.00195223 0.01349997 0.00148022
v 0.00223267 0.01349997 0.00100869
v 0.00101382 0.01349997 0.00055273
v -0.00002823 0.01349997 -0.00115430
v -0.00005990 0.01349997 -0.00244921
v -0.00060342 0.01349997 -0.00237453
v 0.00098559 0.01349997 -0.00060163
v 0.00218070 0.01349997 -0.00111663
v 0.00187755 0.01349997 -0.00157392
v -0.00111663 0.01349997 -0.00218070
v -0.00157392 0.01349997 -0.00187755
v -0.00195223 0.01349997 -0.00148022
v 0.00148022 0.01349997 -0.00195223
v 0.00100869 0.01349997 -0.00223267
v 0.00048661 0.01349997 -0.00240117
v 0.00240117 0.01349997 0.00048661
v 0.00244921 0.01349997 -0.00005990
v 0.00237453 0.01349997 -0.00060342
v -0.00187755 0.01349997 0.00157392
v -0.00148022 0.01349997 0.00195223
v -0.00100869 0.01349997 0.00223267
v 0.00060342 0.01349997 0.00237453
v 0.00111663 0.01349997 0.00218070
v 0.00157392 0.01349997 0.00187755
v -0.00274915 0.01319998 0.00006724
v -0.00270897 0.01334995 0.00006626
v -0.00265580 0.01334995 -0.00053821
v -0.00259918 0.01345980 0.00006357
v -0.00254816 0.01345980 -0.00051640
v -0.00259918 0.01345980 0.00006357
v -0.00254816 0.01345980 -0.00051640
v -0.00236934 0.01345980 -0.00107044
v -0.00207174 0.01345980 -0.00157088
v -0.00167024 0.01345980 -0.00199246
v -0.00118500 0.01345980 -0.00231421
v -0.00064036 0.01345980 -0.00251991
v -0.00006357 0.01345980 -0.00259918
v 0.00051640 0.01345980 -0.00254816
v 0.00107044 0.01345980 -0.00236934
v 0.00157088 0.01345980 -0.00207174
v 0.00199246 0.01345980 -0.00167024
v 0.00231421 0.01345980 -0.00118500
v 0.00251991 0.01345980 -0.00064036
v 0.00259918 0.01345980 -0.00006357
v -0.00236934 0.01345980 -0.00107044
v -0.00246942 0.01334995 -0.00111568
v -0.00207174 0.01345980 -0.00157088
v -0.00215924 0.01334995 -0.00163722
v -0.00167024 0.01345980 -0.00199246
v -0.00174081 0.01334995 -0.00207662
v -0.00118500 0.01345980 -0.00231421
v -0.00123507 0.01334995 -0.00241196
v -0.00064036 0.01345980 -0.00251991
v -0.00066740 0.01334995 -0.00262630
v -0.00006357 0.01345980 -0.00259918
v -0.00006626 0.01334995 -0.00270897
v 0.00051640 0.01345980 -0.00254816
v 0.00053821 0.01334995 -0.00265580
v 0.00107044 0.01345980 -0.00236934
v 0.00111568 0.01334995 -0.00246942
v 0.00157088 0.01345980 -0.00207174
v 0.00163722 0.01334995 -0.00215924
v 0.00199246 0.01345980 -0.00167024
v 0.00207662 0.01334995 -0.00174081
v 0.00231421 0.01345980 -0.00118500
v 0.00241196 0.01334995 -0.00123507
v 0.00251991 0.01345980 -0.00064036
v 0.00262630 0.01334995 -0.00066740
v 0.00259918 0.01345980 -0.00006357
v 0.00270897 0.01334995 -0.00006626
v -0.00269520 0.01319998 -0.00054620
v -0.00250608 0.01319998 -0.00113219
v -0.00219130 0.01319998 -0.00166148
v -0.00176662 0.01319998 -0.00210744
v -0.00125337 0.01319998 -0.00244772
v -0.00067730 0.01319998 -0.00266528
v -0.00006724 0.01319998 -0.00274915
v 0.00054620 0.01319998 -0.00269520
v 0.00113219 0.01319998 -0.00250608
v 0.00166148 0.01319998 -0.00219130
v 0.00210744 0.01319998 -0.00176662
v 0.00244772 0.01319998 -0.00125337
v 0.00266528 0.01319998 -0.00067730
v 0.00274915 0.01319998 -0.00006724
v 0.00265580 0.01334995 0.00053821
v 0.00254816 0.01345980 0.00051640
v 0.00254816 0.01345980 0.00051640
v 0.00236934 0.01345980 0.00107044
v 0.00207174 0.01345980 0.00157088
v 0.00167024 0.01345980 0.00199246
v 0.00118500 0.01345980 0.00231421
v 0.00064036 0.01345980 0.00251991
v 0.00006357 0.01345980 0.00259918
v -0.00051641 0.01345980 0.00254816
v -0.00107044 0.01345980 0.00236934
v -0.00157088 0.01345980 0.00207174
v -0.00199246 0.01345980 0.00167024
v -0.00231421 0.01345980 0.00118500
v -0.00251991 0.01345980 0.00064036
v 0.00236934 0.01345980 0.00107044
v 0.00246942 0.01334995 0.00111568
v 0.00207174 0.01345980 0.00157088
v 0.00215924 0.01334995 0.00163722
v 0.00167024 0.01345980 0.00199246
v 0.00174081 0.01334995 0.00207662
v 0.00118500 0.01345980 0.00231421
v 0.00123507 0.01334995 0.00241196
v 0.00064036 0.01345980 0.00251991
v 0.00066741 0.01334995 0.00262630
v 0.00006357 0.01345980 0.00259918
v 0.00006626 0.01334995 0.00270897
v -0.00051641 0.01345980 0.00254816
v -0.00053821 0.01334995 0.00265580
v -0.00107044 0.01345980 0.00236934
v -0.00111568 0.01334995 0.00246942
v -0.00157088 0.01345980 0.00207174
v -0.00163722 0.01334995 0.00215924
v -0.00199246 0.01345980 0.00167024
v -0.00207662 0.01334995 0.00174081
v -0.00231421 0.01345980 0.00118500
v -0.00241196 0.01334995 0.00123507
v -0.00251991 0.01345980 0.00064036
v -0.00262630 0.01334995 0.00066740
v 0.00269520 0.01319998 0.00054620
v 0.00250608 0.01319998 0.00113219
v 0.00219130 0.01319998 0.00166148
v 0.00176662 0.01319998 0.00210744
v 0.00125337 0.01319998 0.00244772
v 0.00067730 0.01319998 0.00266528
v 0.00006724 0.01319998 0.00274915
v -0.00054620 0.01319998 0.00269520
v -0.00113219 0.01319998 0.00250608
v -0.00166148 0.01319998 0.00219130
v -0.00210744 0.01319998 0.00176662
v -0.00244772 0.01319998 0.00125337
v -0.00266528 0.01319998 0.00067730
v -0.00274915 0.01150000 0.00006724
v -0.00250608 0.01150000 -0.00113219
v -0.00176662 0.01150000 -0.00210744
v -0.00067730 0.01150000 -0.00266528
v 0.00054620 0.01150000 -0.00269520
v 0.00166148 0.01150000 -0.00219130
v 0.00244772 0.01150000 -0.00125337
v 0.00274915 0.01150000 -0.00006724
v 0.00250608 0.01150000 0.00113219
v 0.00176662 0.01150000 0.00210744
v 0.00067730 0.01150000 0.00266528
v -0.00054620 0.01150000 0.00269520
v -0.00166148 0.01150000 0.00219130
v -0.00244772 0.01150000 0.00125337
v 0.00005624 0.01150000 0.00229931
v -0.00054620 0.01150000 0.00269520
v -0.00110090 0.01150000 0.00201935
v -0.00166148 0.01150000 0.00219130
v -0.00196314 0.01150000 0.00119835
v -0.00244772 0.01150000 0.00125337
v -0.00229931 0.01150000 0.00005624
v -0.00274915 0.01150000 0.00006724
v -0.00201935 0.01150000 -0.00110090
v -0.00250608 0.01150000 -0.00113219
v -0.00119835 0.01150000 -0.00196314
v -0.00176662 0.01150000 -0.00210744
v -0.00005624 0.01150000 -0.00229931
v -0.00067730 0.01150000 -0.00266528
v 0.00054620 0.01150000 -0.00269520
v 0.00110090 0.01150000 -0.00201935
v 0.00166148 0.01150000 -0.00219130
v 0.00196314 0.01150000 -0.00119835
v 0.00244772 0.01150000 -0.00125337
v 0.00229931 0.01150000 -0.00005624
v 0.00274915 0.01150000 -0.00006724
v 0.00201935 0.01150000 0.00110090
v 0.00250608 0.01150000 0.00113219
v 0.00119835 0.01150000 0.00196314
v 0.00176662 0.01150000 0.00210744
v 0.00067730 0.01150000 0.00266528
v -0.00350577 -0.01330000 0.04586899
v -0.00314522 -0.01330000 0.04692155
v -0.00592756 -0.01330000 0.04966753
v -0.00738740 -0.01330000 0.04540574
v -0.00644147 -0.01330000 0.04482001
v -0.00798553 -0.01330000 0.04634392
v -0.00533503 -0.01330000 0.04470276
v -0.00811738 -0.01330000 0.04744869
v -0.00775683 -0.01330000 0.04850125
v -0.00697529 -0.01330000 0.04929316
v -0.00428730 -0.01330000 0.04507714
v -0.00327706 -0.01330000 0.04802632
v -0.00387520 -0.01330000 0.04896450
v -0.00482118 -0.01330000 0.04955023
v -0.00798553 0.01330000 0.04634392
v -0.00811738 0.01330000 0.04744869
v -0.00738740 0.01330000 0.04540574
v -0.00314522 0.01330000 0.04692155
v -0.00775683 0.01330000 0.04850125
v -0.00697529 0.01330000 0.04929316
v -0.00644147 0.01330000 0.04482001
v -0.00533503 0.01330000 0.04470276
v -0.00428730 0.01330000 0.04507714
v -0.00350577 0.01330000 0.04586899
v -0.00327706 0.01330000 0.04802632
v -0.00387520 0.01330000 0.04896450
v -0.00482118 0.01330000 0.04955023
v -0.00592756 0.01330000 0.04966753
v -0.00005624 -0.01150000 -0.00229931
v -0.00060976 -0.01150000 -0.00268149
v -0.00119835 -0.01150000 -0.00196314
v -0.00171280 -0.01150000 -0.00215137
v -0.00201935 -0.01150000 -0.00110090
v -0.00247669 -0.01150000 -0.00119513
v -0.00229931 -0.01150000 0.00005624
v -0.00274998 -0.01150000 -0.00000223
v -0.00196314 -0.01150000 0.00119835
v -0.00247860 -0.01150000 0.00119114
v -0.00110090 -0.01150000 0.00201935
v -0.00171632 -0.01150000 0.00214863
v 0.00005624 -0.01150000 0.00229931
v -0.00061411 -0.01150000 0.00268054
v 0.00060976 -0.01150000 0.00268149
v 0.00119835 -0.01150000 0.00196314
v 0.00171280 -0.01150000 0.00215137
v 0.00201935 -0.01150000 0.00110090
v 0.00247669 -0.01150000 0.00119513
v 0.00229931 -0.01150000 -0.00005624
v 0.00274998 -0.01150000 0.00000223
v 0.00196314 -0.01150000 -0.00119835
v 0.00247860 -0.01150000 -0.00119114
v 0.00110090 -0.01150000 -0.00201935
v 0.00171632 -0.01150000 -0.00214863
v 0.00061411 -0.01150000 -0.00268054
v -0.00247860 -0.01319998 0.00119114
v -0.00192171 -0.01319998 0.00196707
v -0.00247860 -0.01150000 0.00119114
v -0.00171632 -0.01150000 0.00214863
v -0.00171632 -0.01319998 0.00214863
v -0.00113302 -0.01319998 0.00250572
v -0.00061411 -0.01150000 0.00268054
v -0.00061411 -0.01319998 0.00268054
v -0.00020773 -0.01319998 0.00274211
v 0.00060976 -0.01150000 0.00268149
v 0.00074266 -0.01319998 0.00264782
v 0.00160348 -0.01319998 0.00223410
v 0.00171280 -0.01150000 0.00215137
v 0.00227088 -0.01319998 0.00155097
v 0.00247669 -0.01150000 0.00119513
v 0.00247669 -0.01319998 0.00119513
v 0.00266439 -0.01319998 0.00068075
v 0.00274998 -0.01150000 0.00000223
v 0.00247860 -0.01319998 -0.00119114
v 0.00247860 -0.01150000 -0.00119114
v 0.00273651 -0.01319998 -0.00027159
v 0.00274998 -0.01319998 0.00000223
v 0.00215137 -0.01319998 -0.00171280
v 0.00171632 -0.01150000 -0.00214863
v 0.00171632 -0.01319998 -0.00214863
v 0.00119513 -0.01319998 -0.00247669
v 0.00061411 -0.01150000 -0.00268054
v 0.00061411 -0.01319998 -0.00268054
v 0.00000223 -0.01319998 -0.00274998
v -0.00060976 -0.01150000 -0.00268149
v -0.00060976 -0.01319998 -0.00268149
v -0.00119114 -0.01319998 -0.00247860
v -0.00171280 -0.01150000 -0.00215137
v -0.00171280 -0.01319998 -0.00215137
v -0.00214863 -0.01319998 -0.00171632
v -0.00247669 -0.01150000 -0.00119513
v -0.00247669 -0.01319998 -0.00119513
v -0.00268054 -0.01319998 -0.00061411
v -0.00274998 -0.01150000 -0.00000223
v -0.00268149 -0.01319998 0.00060976
v -0.00274998 -0.01319998 -0.00000223
v -0.00179231 -0.01347714 0.00183457
v -0.00234342 -0.01345980 0.00112617
v -0.00220823 -0.01349997 0.00106120
v 0.00220823 -0.01349997 -0.00106120
v 0.00255221 -0.01347714 -0.00025330
v 0.00243801 -0.01349997 -0.00024196
v 0.00248498 -0.01347714 0.00063490
v 0.00237369 -0.01349997 0.00060648
v 0.00211793 -0.01347714 0.00144649
v 0.00202316 -0.01349997 0.00138175
v 0.00149548 -0.01347714 0.00208366
v 0.00142854 -0.01349997 0.00199038
v 0.00069265 -0.01347714 0.00246948
v 0.00066164 -0.01349997 0.00235891
v -0.00019374 -0.01347714 0.00255746
v -0.00018507 -0.01349997 0.00244296
v -0.00105673 -0.01347714 0.00233692
v -0.00100946 -0.01349997 0.00223237
v -0.00171208 -0.01349997 0.00175244
v -0.00244236 -0.01334995 0.00117373
v -0.00239938 -0.01341211 0.00115305
v -0.00186032 -0.01341211 0.00190419
v -0.00109684 -0.01341211 0.00242561
v -0.00020109 -0.01341211 0.00265449
v 0.00071893 -0.01341211 0.00256318
v 0.00155222 -0.01341211 0.00216269
v 0.00219834 -0.01341211 0.00150138
v 0.00257927 -0.01341211 0.00065899
v 0.00264907 -0.01341211 -0.00026291
v 0.00231171 -0.01347714 -0.00111091
v 0.00234342 -0.01345980 -0.00112617
v 0.00239938 -0.01341211 -0.00115305
v 0.00244236 -0.01334995 -0.00117373
v -0.00190574 -0.01331478 0.00195074
v -0.00112361 -0.01331478 0.00248486
v -0.00020601 -0.01331478 0.00271934
v 0.00073650 -0.01331478 0.00262582
v 0.00159013 -0.01331478 0.00221556
v 0.00225198 -0.01331478 0.00153804
v 0.00264227 -0.01331478 0.00067509
v 0.00271380 -0.01331478 -0.00026934
v 0.00245804 -0.01331478 -0.00118124
v -0.00245804 -0.01331478 0.00118124
v 0.00203407 -0.01345980 -0.00161940
v 0.00211996 -0.01334995 -0.00168777
v -0.00253522 -0.01345980 0.00057650
v -0.00238901 -0.01349997 0.00054324
v -0.00259995 -0.01345980 -0.00000211
v -0.00244999 -0.01349997 -0.00000199
v -0.00253433 -0.01345980 -0.00058061
v -0.00238812 -0.01349997 -0.00054711
v -0.00234157 -0.01345980 -0.00112998
v -0.00220650 -0.01349997 -0.00106478
v -0.00203145 -0.01345980 -0.00162268
v -0.00191420 -0.01349997 -0.00152910
v -0.00161940 -0.01345980 -0.00203407
v -0.00152594 -0.01349997 -0.00191671
v -0.00112617 -0.01345980 -0.00234342
v -0.00106120 -0.01349997 -0.00220823
v -0.00057650 -0.01345980 -0.00253522
v -0.00054324 -0.01349997 -0.00238901
v 0.00000211 -0.01345980 -0.00259995
v 0.00000199 -0.01349997 -0.00244999
v 0.00058061 -0.01345980 -0.00253433
v 0.00054711 -0.01349997 -0.00238812
v 0.00112998 -0.01345980 -0.00234157
v 0.00106478 -0.01349997 -0.00220650
v 0.00162268 -0.01345980 -0.00203145
v 0.00152910 -0.01349997 -0.00191420
v 0.00191671 -0.01349997 -0.00152594
v 0.00162268 -0.01345980 -0.00203145
v 0.00169122 -0.01334995 -0.00211722
v 0.00112998 -0.01345980 -0.00234157
v 0.00117767 -0.01334995 -0.00244045
v 0.00058061 -0.01345980 -0.00253433
v 0.00060513 -0.01334995 -0.00264132
v 0.00000211 -0.01345980 -0.00259995
v 0.00000220 -0.01334995 -0.00270981
v -0.00057650 -0.01345980 -0.00253522
v -0.00060084 -0.01334995 -0.00264233
v -0.00112617 -0.01345980 -0.00234342
v -0.00117373 -0.01334995 -0.00244236
v -0.00161940 -0.01345980 -0.00203407
v -0.00168777 -0.01334995 -0.00211996
v -0.00203145 -0.01345980 -0.00162268
v -0.00211722 -0.01334995 -0.00169122
v -0.00234157 -0.01345980 -0.00112998
v -0.00244045 -0.01334995 -0.00117767
v -0.00253433 -0.01345980 -0.00058061
v -0.00264132 -0.01334995 -0.00060513
v -0.00259995 -0.01345980 -0.00000211
v -0.00270981 -0.01334995 -0.00000220
v -0.00264233 -0.01334995 0.00060084
v 0.00065124 -0.01349997 -0.00095353
v 0.00115138 -0.01349997 0.00008722
v -0.00050016 -0.01349997 -0.00104070
v -0.00115138 -0.01349997 -0.00008723
v -0.00065124 -0.01349997 0.00095353
v 0.00050016 -0.01349997 0.00104076
v 0.00065124 -0.01199996 -0.00095353
v 0.00065124 -0.01349997 -0.00095353
v 0.00090132 -0.01199996 -0.00043315
v 0.00115138 -0.01349997 0.00008722
v 0.00115138 -0.01199996 0.00008722
v -0.00050016 -0.01199996 -0.00104070
v -0.00050016 -0.01349997 -0.00104070
v 0.00007554 -0.01199996 -0.00099714
v 0.00065124 -0.01349997 -0.00095353
v 0.00065124 -0.01199996 -0.00095353
v -0.00115138 -0.01199996 -0.00008723
v -0.00115138 -0.01349997 -0.00008723
v -0.00082578 -0.01199996 -0.00056399
v -0.00050016 -0.01349997 -0.00104070
v -0.00050016 -0.01199996 -0.00104070
v -0.00065124 -0.01199996 0.00095353
v -0.00065124 -0.01349997 0.00095353
v -0.00090132 -0.01199996 0.00043315
v -0.00115138 -0.01349997 -0.00008723
v -0.00115138 -0.01199996 -0.00008723
v 0.00050016 -0.01199996 0.00104076
v 0.00050016 -0.01349997 0.00104076
v -0.00007554 -0.01199996 0.00099714
v -0.00065124 -0.01349997 0.00095353
v -0.00065124 -0.01199996 0.00095353
v 0.00115138 -0.01199996 0.00008722
v 0.00115138 -0.01349997 0.00008722
v 0.00082578 -0.01199996 0.00056399
v 0.00050016 -0.01349997 0.00104076
v 0.00050016 -0.01199996 0.00104076
v 0.00082578 -0.01199996 0.00056399
v 0.00090062 -0.01199996 0.00043462
v 0.00115138 -0.01199996 0.00008722
v 0.00099999 -0.01199996 0.00000081
v 0.00090132 -0.01199996 -0.00043315
v 0.00007554 -0.01199996 -0.00099714
v 0.00065124 -0.01199996 -0.00095353
v 0.00056399 -0.01199996 -0.00082578
v -0.00082578 -0.01199996 -0.00056399
v -0.00050016 -0.01199996 -0.00104070
v -0.00043315 -0.01199996 -0.00090132
v -0.00090132 -0.01199996 0.00043315
v -0.00115138 -0.01199996 -0.00008723
v -0.00099714 -0.01199996 -0.00007554
v -0.00062412 -0.01199996 0.00078132
v -0.00065124 -0.01199996 0.00095353
v -0.00022331 -0.01199996 0.00097475
v -0.00007554 -0.01199996 0.00099714
v 0.00022173 -0.01199996 0.00097511
v 0.00050016 -0.01199996 0.00104076
v 0.00062286 -0.01199996 0.00078234
v 0.00000000 -0.01142263 0.00000000
v 0.00099999 -0.01199996 0.00000081
v 0.00090062 -0.01199996 0.00043462
v 0.00090132 -0.01199996 -0.00043315
v 0.00062286 -0.01199996 0.00078234
v 0.00022173 -0.01199996 0.00097511
v 0.00082578 -0.01199996 0.00056399
v -0.00062412 -0.01199996 0.00078132
v -0.00090132 -0.01199996 0.00043315
v -0.00022331 -0.01199996 0.00097475
v -0.00007554 -0.01199996 0.00099714
v -0.00082578 -0.01199996 -0.00056399
v -0.00043315 -0.01199996 -0.00090132
v -0.00099714 -0.01199996 -0.00007554
v 0.00056399 -0.01199996 -0.00082578
v 0.00007554 -0.01199996 -0.00099714
v 0.00322395 -0.00549996 0.00445598
v 0.00322395 -0.00449997 0.00445598
v 0.00150549 -0.00449997 0.00528991
v 0.00150549 -0.00549996 0.00528991
v -0.00039455 -0.00449997 0.00548577
v -0.00039455 -0.00549996 0.00548577
v -0.00224697 -0.00449997 0.00502002
v -0.00224697 -0.00549996 0.00502002
v -0.00382841 -0.00449997 0.00394875
v -0.00382841 -0.00549996 0.00394875
v -0.00494814 -0.00449997 0.00240117
v -0.00494814 -0.00549996 0.00240117
v -0.00547099 -0.00449997 0.00056405
v -0.00547099 -0.00549996 0.00056405
v -0.00533396 -0.00449997 -0.00134110
v -0.00533396 -0.00549996 -0.00134110
v -0.00455356 -0.00449997 -0.00308460
v -0.00455356 -0.00549996 -0.00308460
v -0.00322395 -0.00449997 -0.00445598
v -0.00322395 -0.00549996 -0.00445598
v -0.00150549 -0.00449997 -0.00528991
v -0.00150549 -0.00549996 -0.00528991
v 0.00039455 -0.00449997 -0.00548577
v 0.00039455 -0.00549996 -0.00548577
v 0.00224697 -0.00449997 -0.00502002
v 0.00224697 -0.00549996 -0.00502002
v 0.00382841 -0.00449997 -0.00394875
v 0.00382841 -0.00549996 -0.00394875
v 0.00494814 -0.00449997 -0.00240117
v 0.00494814 -0.00549996 -0.00240117
v 0.00547099 -0.00449997 -0.00056405
v 0.00547099 -0.00549996 -0.00056405
v 0.00533396 -0.00449997 0.00134110
v 0.00533396 -0.00549996 0.00134110
v 0.00455356 -0.00449997 0.00308460
v 0.00455356 -0.00549996 0.00308460
v -0.00533396 -0.00449997 -0.00134110
v 0.00533396 -0.00449997 0.00134110
v 0.00547099 -0.00449997 -0.00056405
v 0.00455356 -0.00449997 0.00308460
v 0.00150549 -0.00449997 0.00528991
v 0.00322395 -0.00449997 0.00445598
v 0.00494814 -0.00449997 -0.00240117
v 0.00382841 -0.00449997 -0.00394875
v 0.00224697 -0.00449997 -0.00502002
v -0.00547099 -0.00449997 0.00056405
v -0.00494814 -0.00449997 0.00240117
v -0.00322395 -0.00449997 -0.00445598
v -0.00455356 -0.00449997 -0.00308460
v -0.00150549 -0.00449997 -0.00528991
v 0.00039455 -0.00449997 -0.00548577
v -0.00039455 -0.00449997 0.00548577
v -0.00224697 -0.00449997 0.00502002
v -0.00382841 -0.00449997 0.00394875
v 0.00300229 0.00469994 -0.00460827
v 0.00439733 0.00469994 -0.00330347
v -0.00401688 0.00469994 -0.00375688
v -0.00439733 0.00469994 0.00330347
v -0.00526202 0.00469994 0.00160027
v 0.00505960 0.00469994 0.00215644
v 0.00401688 0.00469994 0.00375688
v 0.00248969 0.00469994 0.00490415
v 0.00526202 0.00469994 -0.00160027
v 0.00549203 0.00469994 0.00029592
v 0.00066226 0.00469994 0.00545996
v -0.00124508 0.00469994 0.00535720
v -0.00300229 0.00469994 0.00460827
v -0.00549203 0.00469994 -0.00029592
v -0.00505960 0.00469994 -0.00215644
v -0.00248969 0.00469994 -0.00490415
v -0.00066226 0.00469994 -0.00545996
v 0.00124508 0.00469994 -0.00535720
v 0.00300229 0.00549996 -0.00460827
v 0.00300229 0.00469994 -0.00460827
v 0.00124508 0.00469994 -0.00535720
v 0.00124508 0.00549996 -0.00535720
v -0.00066226 0.00469994 -0.00545996
v -0.00066226 0.00549996 -0.00545996
v -0.00248969 0.00469994 -0.00490415
v -0.00248969 0.00549996 -0.00490415
v -0.00401688 0.00469994 -0.00375688
v -0.00401688 0.00549996 -0.00375688
v -0.00505960 0.00469994 -0.00215644
v -0.00505960 0.00549996 -0.00215644
v -0.00549203 0.00469994 -0.00029592
v -0.00549203 0.00549996 -0.00029592
v -0.00526202 0.00469994 0.00160027
v -0.00526202 0.00549996 0.00160027
v -0.00439733 0.00469994 0.00330347
v -0.00439733 0.00549996 0.00330347
v -0.00300229 0.00469994 0.00460827
v -0.00300229 0.00549996 0.00460827
v -0.00124508 0.00469994 0.00535720
v -0.00124508 0.00549996 0.00535720
v 0.00066226 0.00469994 0.00545996
v 0.00066226 0.00549996 0.00545996
v 0.00248969 0.00469994 0.00490415
v 0.00248969 0.00549996 0.00490415
v 0.00401688 0.00469994 0.00375688
v 0.00401688 0.00549996 0.00375688
v 0.00505960 0.00469994 0.00215644
v 0.00505960 0.00549996 0.00215644
v 0.00549203 0.00469994 0.00029592
v 0.00549203 0.00549996 0.00029592
v 0.00526202 0.00469994 -0.00160027
v 0.00526202 0.00549996 -0.00160027
v 0.00439733 0.00469994 -0.00330347
v 0.00439733 0.00549996 -0.00330347
v 0.00229931 0.01150000 -0.00005624
v 0.00239927 0.01139998 -0.00005868
v 0.00204849 0.01139998 -0.00125045
v 0.00196314 0.01150000 -0.00119835
v 0.00114882 0.01139998 -0.00210714
v 0.00110090 0.01150000 -0.00201935
v -0.00005868 0.01139998 -0.00239927
v -0.00005624 0.01150000 -0.00229931
v -0.00125045 0.01139998 -0.00204849
v -0.00119835 0.01150000 -0.00196314
v -0.00210714 0.01139998 -0.00114882
v -0.00201935 0.01150000 -0.00110090
v -0.00239927 0.01139998 0.00005868
v -0.00229931 0.01150000 0.00005624
v -0.00204849 0.01139998 0.00125045
v -0.00196314 0.01150000 0.00119835
v -0.00114882 0.01139998 0.00210714
v -0.00110090 0.01150000 0.00201935
v 0.00005868 0.01139998 0.00239927
v 0.00005624 0.01150000 0.00229931
v 0.00125045 0.01139998 0.00204849
v 0.00119835 0.01150000 0.00196314
v 0.00210714 0.01139998 0.00114882
v 0.00201935 0.01150000 0.00110090
v -0.00533503 -0.01330000 0.04470276
v -0.00529951 -0.01359999 0.04440486
v -0.00428730 -0.01330000 0.04507714
v -0.00412607 -0.01359999 0.04482418
v -0.00350577 -0.01330000 0.04586899
v -0.00325072 -0.01359999 0.04571110
v -0.00314522 -0.01330000 0.04692155
v -0.00284690 -0.01359999 0.04688996
v -0.00327706 -0.01330000 0.04802632
v -0.00299460 -0.01359999 0.04812729
v -0.00387520 -0.01330000 0.04896450
v -0.00366449 -0.01359999 0.04917800
v -0.00482118 -0.01330000 0.04955023
v -0.00472397 -0.01359999 0.04983401
v -0.00592756 -0.01330000 0.04966753
v -0.00596315 -0.01359999 0.04996538
v -0.00125045 -0.01139998 -0.00204849
v -0.00097217 -0.01139998 -0.00283807
v -0.00005868 -0.01139998 -0.00239927
v 0.00035551 -0.01139998 -0.00297886
v 0.00114882 -0.01139998 -0.00210714
v 0.00161278 -0.01139998 -0.00252956
v 0.00204849 -0.01139998 -0.00125045
v 0.00255060 -0.01139998 -0.00157928
v 0.00239927 -0.01139998 -0.00005868
v 0.00298327 -0.01139998 -0.00031626
v 0.00210714 -0.01139998 0.00114882
v 0.00282502 -0.01139998 0.00100940
v 0.00125045 -0.01139998 0.00204849
v 0.00210726 -0.01139998 0.00213522
v 0.00097217 -0.01139998 0.00283807
v 0.00005868 -0.01139998 0.00239927
v -0.00035551 -0.01139998 0.00297880
v -0.00114882 -0.01139998 0.00210714
v -0.00161278 -0.01139998 0.00252956
v -0.00204849 -0.01139998 0.00125045
v -0.00255060 -0.01139998 0.00157928
v -0.00239927 -0.01139998 0.00005868
v -0.00298327 -0.01139998 0.00031626
v -0.00210714 -0.01139998 -0.00114882
v -0.00282502 -0.01139998 -0.00100940
v -0.00210726 -0.01139998 -0.00213522
v 0.00035551 -0.01139998 -0.00297886
v 0.00035551 -0.01359999 -0.00297886
v 0.00161278 -0.01139998 -0.00252956
v 0.00161278 -0.01359999 -0.00252956
v 0.00255060 -0.01139998 -0.00157928
v 0.00255060 -0.01359999 -0.00157928
v 0.00298327 -0.01139998 -0.00031626
v 0.00298327 -0.01359999 -0.00031626
v 0.00282502 -0.01139998 0.00100940
v 0.00282502 -0.01359999 0.00100940
v 0.00210726 -0.01139998 0.00213522
v 0.00210726 -0.01359999 0.00213522
v 0.00097217 -0.01139998 0.00283807
v 0.00097217 -0.01359999 0.00283807
v -0.00035551 -0.01139998 0.00297880
v -0.00035551 -0.01359999 0.00297880
v -0.00125045 0.01139998 -0.00204849
v -0.00210726 0.01139998 -0.00213522
v -0.00210714 0.01139998 -0.00114882
v -0.00282502 0.01139998 -0.00100940
v -0.00239927 0.01139998 0.00005868
v -0.00298327 0.01139998 0.00031626
v -0.00204849 0.01139998 0.00125045
v -0.00255060 0.01139998 0.00157928
v -0.00114882 0.01139998 0.00210714
v -0.00161278 0.01139998 0.00252956
v 0.00005868 0.01139998 0.00239927
v -0.00035551 0.01139998 0.00297880
v 0.00125045 0.01139998 0.00204849
v 0.00097217 0.01139998 0.00283807
v 0.00210726 0.01139998 0.00213522
v 0.00210714 0.01139998 0.00114882
v 0.00282502 0.01139998 0.00100940
v 0.00239927 0.01139998 -0.00005868
v 0.00298327 0.01139998 -0.00031626
v 0.00204849 0.01139998 -0.00125045
v 0.00255060 0.01139998 -0.00157928
v 0.00114882 0.01139998 -0.00210714
v 0.00161278 0.01139998 -0.00252956
v -0.00005868 0.01139998 -0.00239927
v 0.00035551 0.01139998 -0.00297886
v -0.00097217 0.01139998 -0.00283807
v -0.00035551 0.01139998 0.00297880
v -0.00035551 0.01359999 0.00297880
v 0.00097217 0.01139998 0.00283807
v 0.00097217 0.01359999 0.00283807
v 0.00210726 0.01139998 0.00213522
v 0.00210726 0.01359999 0.00213522
v 0.00282502 0.01139998 0.00100940
v 0.00282502 0.01359999 0.00100940
v 0.00298327 0.01139998 -0.00031626
v 0.00298327 0.01359999 -0.00031626
v 0.00255060 0.01139998 -0.00157928
v 0.00255060 0.01359999 -0.00157928
v 0.00161278 0.01139998 -0.00252956
v 0.00161278 0.01359999 -0.00252956
v 0.00035551 0.01139998 -0.00297886
v 0.00035551 0.01359999 -0.00297886
v -0.00592756 0.01330000 0.04966753
v -0.00596315 0.01359999 0.04996538
v -0.00482118 0.01330000 0.04955023
v -0.00472397 0.01359999 0.04983401
v -0.00387520 0.01330000 0.04896450
v -0.00366449 0.01359999 0.04917800
v -0.00327706 0.01330000 0.04802632
v -0.00299460 0.01359999 0.04812729
v -0.00314522 0.01330000 0.04692155
v -0.00284690 0.01359999 0.04688996
v -0.00350577 0.01330000 0.04586899
v -0.00325072 0.01359999 0.04571110
v -0.00428730 0.01330000 0.04507714
v -0.00412607 0.01359999 0.04482418
v -0.00533503 0.01330000 0.04470276
v -0.00529951 0.01359999 0.04440486
v 0.00879460 -0.00559998 0.00278801
v 0.00879460 -0.01139998 0.00278801
v 0.00999612 -0.00559998 0.00326872
v 0.00999612 -0.01139998 0.00326872
v 0.00999612 -0.00559998 0.00326872
v 0.00999612 -0.01139998 0.00326872
v 0.01079630 -0.00559998 0.00428575
v 0.01079630 -0.01139998 0.00428575
v 0.01098072 -0.00559998 0.00556666
v 0.01098072 -0.01139998 0.00556666
v 0.01050007 -0.00559998 0.00676817
v 0.01050007 -0.01139998 0.00676817
v 0.00948298 -0.00559998 0.00756836
v 0.00948298 -0.01139998 0.00756836
v 0.00948298 -0.00559998 0.00756836
v 0.00948298 -0.01139998 0.00756836
v 0.00820208 -0.00559998 0.00775278
v 0.00820208 -0.01139998 0.00775278
v 0.01098072 -0.01139998 0.00556666
v 0.01132345 -0.01139998 0.00627983
v 0.01050007 -0.01139998 0.00676817
v 0.01060569 -0.01139998 0.00740564
v 0.00948298 -0.01139998 0.00756836
v 0.00947052 -0.01139998 0.00810850
v 0.00820208 -0.01139998 0.00775278
v 0.00814283 -0.01139998 0.00824922
v 0.00700063 -0.01139998 0.00727206
v 0.00688559 -0.01139998 0.00779998
v 0.00620043 -0.01139998 0.00625503
v 0.00594771 -0.01139998 0.00684971
v 0.00601596 -0.01139998 0.00497413
v 0.00551510 -0.01139998 0.00558662
v 0.00567329 -0.01139998 0.00426096
v 0.00649667 -0.01139998 0.00377262
v 0.00639105 -0.01139998 0.00313514
v 0.00751376 -0.01139998 0.00297242
v 0.00752622 -0.01139998 0.00243229
v 0.00879460 -0.01139998 0.00278801
v 0.00885385 -0.01139998 0.00229150
v 0.00999612 -0.01139998 0.00326872
v 0.01011115 -0.01139998 0.00274080
v 0.01079630 -0.01139998 0.00428575
v 0.01104897 -0.01139998 0.00369108
v 0.01148164 -0.01139998 0.00495416
v 0.00885385 -0.01139998 0.00229150
v 0.00885385 -0.01359999 0.00229150
v 0.01011115 -0.01139998 0.00274080
v 0.01011115 -0.01359999 0.00274080
v 0.01104897 -0.01139998 0.00369108
v 0.01104897 -0.01359999 0.00369108
v 0.01148164 -0.01139998 0.00495416
v 0.01148164 -0.01359999 0.00495416
v 0.01132345 -0.01139998 0.00627983
v 0.01132345 -0.01359999 0.00627983
v 0.01060569 -0.01139998 0.00740564
v 0.01060569 -0.01359999 0.00740564
v 0.00947052 -0.01139998 0.00810850
v 0.00947052 -0.01359999 0.00810850
v 0.00814283 -0.01139998 0.00824922
v 0.00814283 -0.01359999 0.00824922
v 0.00879460 0.01139998 0.00278801
v 0.00879460 0.00559998 0.00278801
v 0.00999612 0.01139998 0.00326872
v 0.00999612 0.00559998 0.00326872
v 0.00999612 0.01139998 0.00326872
v 0.00999612 0.00559998 0.00326872
v 0.01079630 0.01139998 0.00428575
v 0.01079630 0.00559998 0.00428575
v 0.01098072 0.01139998 0.00556666
v 0.01098072 0.00559998 0.00556666
v 0.01050007 0.01139998 0.00676817
v 0.01050007 0.00559998 0.00676817
v 0.00948298 0.01139998 0.00756836
v 0.00948298 0.00559998 0.00756836
v 0.00948298 0.01139998 0.00756836
v 0.00948298 0.00559998 0.00756836
v 0.00820208 0.01139998 0.00775278
v 0.00820208 0.00559998 0.00775278
v 0.01098072 0.01139998 0.00556666
v 0.01148164 0.01139998 0.00495416
v 0.01079630 0.01139998 0.00428575
v 0.01104897 0.01139998 0.00369108
v 0.00999612 0.01139998 0.00326872
v 0.01011115 0.01139998 0.00274080
v 0.00879460 0.01139998 0.00278801
v 0.00885385 0.01139998 0.00229150
v 0.00751376 0.01139998 0.00297242
v 0.00752622 0.01139998 0.00243229
v 0.00649667 0.01139998 0.00377262
v 0.00639105 0.01139998 0.00313514
v 0.00601596 0.01139998 0.00497413
v 0.00567329 0.01139998 0.00426096
v 0.00551510 0.01139998 0.00558662
v 0.00620043 0.01139998 0.00625503
v 0.00594771 0.01139998 0.00684971
v 0.00700063 0.01139998 0.00727206
v 0.00688559 0.01139998 0.00779998
v 0.00820208 0.01139998 0.00775278
v 0.00814283 0.01139998 0.00824922
v 0.00948298 0.01139998 0.00756836
v 0.00947052 0.01139998 0.00810850
v 0.01050007 0.01139998 0.00676817
v 0.01060569 0.01139998 0.00740564
v 0.01132345 0.01139998 0.00627983
v 0.00814283 0.01139998 0.00824922
v 0.00814283 0.01359999 0.00824922
v 0.00947052 0.01139998 0.00810850
v 0.00947052 0.01359999 0.00810850
v 0.01060569 0.01139998 0.00740564
v 0.01060569 0.01359999 0.00740564
v 0.01132345 0.01139998 0.00627983
v 0.01132345 0.01359999 0.00627983
v 0.01148164 0.01139998 0.00495416
v 0.01148164 0.01359999 0.00495416
v 0.01104897 0.01139998 0.00369108
v 0.01104897 0.01359999 0.00369108
v 0.01011115 0.01139998 0.00274080
v 0.01011115 0.01359999 0.00274080
v 0.00885385 0.01139998 0.00229150
v 0.00885385 0.01359999 0.00229150
v 0.00502151 -0.00549996 0.00855535
v 0.00402856 -0.00549996 0.00843680
v 0.00494897 -0.00537819 0.00916332
v 0.00395602 -0.00537819 0.00904483
v 0.00488746 -0.00503135 0.00967872
v 0.00389451 -0.00503135 0.00956023
v 0.00484633 -0.00451225 0.01002311
v 0.00385338 -0.00451225 0.00990462
v 0.00483191 -0.00389999 0.01014405
v 0.00383896 -0.00389999 0.01002556
v 0.00483191 0.00389999 0.01014405
v 0.00383896 0.00389999 0.01002556
v 0.00485730 0.00469994 0.00993121
v 0.00386435 0.00469994 0.00981271
v 0.00492668 0.00528562 0.00934970
v 0.00393373 0.00528562 0.00923121
v 0.00492668 0.00528562 0.00934970
v 0.00393373 0.00528562 0.00923121
v 0.00502151 0.00549996 0.00855535
v 0.00402856 0.00549996 0.00843680
v 0.00407302 0.00525641 0.00806403
v 0.00421816 0.00549996 0.00684810
v 0.00402856 0.00549996 0.00843680
v 0.00395000 0.00456274 0.00909489
v 0.00393373 0.00528562 0.00923121
v 0.00386435 0.00469994 0.00981271
v 0.00386781 0.00352454 0.00978369
v 0.00383896 0.00389999 0.01002556
v 0.00383896 0.00229996 0.01002556
v 0.00386781 -0.00352454 0.00978369
v 0.00383896 -0.00229996 0.01002556
v 0.00383896 -0.00389999 0.01002556
v 0.00402856 -0.00549996 0.00843680
v 0.00421816 -0.00549996 0.00684810
v 0.00407302 -0.00525641 0.00806403
v 0.00395602 -0.00537819 0.00904483
v 0.00395000 -0.00456274 0.00909489
v 0.00389451 -0.00503135 0.00956023
v 0.00385338 -0.00451225 0.00990462
v -0.01168507 0.00909996 0.05149811
v -0.01199948 0.00909996 0.05146062
v -0.01168507 -0.00909996 0.05149811
v -0.01199948 -0.00909996 0.05146062
v -0.00486869 -0.00549996 -0.00561649
v -0.00518310 -0.00549996 -0.00565404
v -0.00486869 0.00549996 -0.00561649
v -0.00518310 0.00549996 -0.00565404
v -0.00892967 0.00624996 0.01575279
v -0.00947481 0.00624996 0.02032035
v -0.00985402 -0.00304997 0.02349781
v -0.00866151 -0.00531274 0.01350599
v -0.00857931 -0.00427455 0.01281720
v -0.00878453 -0.00600636 0.01453679
v -0.00855047 -0.00304997 0.01257532
v -0.00892967 -0.00624996 0.01575279
v -0.00947481 -0.00624996 0.02032035
v -0.00961989 0.00600636 0.02153629
v -0.00974291 0.00531274 0.02256715
v -0.00855047 0.00304997 0.01257532
v -0.00857931 0.00427455 0.01281720
v -0.00866151 0.00531274 0.01350599
v -0.00985402 0.00304997 0.02349781
v -0.00982517 0.00427455 0.02325594
v -0.00974291 -0.00531274 0.02256715
v -0.00961989 -0.00600636 0.02153629
v -0.00982517 -0.00427455 0.02325594
v -0.00878453 0.00600636 0.01453679
v -0.00364715 0.01159995 -0.00618207
v -0.00442672 0.01159995 -0.00597245
v -0.00437737 0.01236534 -0.00582844
v -0.00744712 0.01333200 -0.00088879
v -0.00721413 0.01344776 -0.00086098
v -0.00696987 0.01344776 -0.00189972
v -0.00298470 0.01344776 -0.00503504
v -0.00290406 0.01359999 -0.00427395
v -0.00200832 0.01359999 -0.00426805
v -0.00645417 0.01359999 -0.00077028
v -0.00624913 0.01359999 -0.00164217
v -0.00585514 0.01359999 -0.00244659
v -0.00650054 0.01344776 -0.00285804
v -0.00529212 0.01359999 -0.00314319
v -0.00582969 0.01344776 -0.00368798
v -0.00458813 0.01359999 -0.00369704
v -0.00499105 0.01344776 -0.00434780
v -0.00817400 0.01260000 -0.00097554
v -0.00785839 0.01301419 -0.00093787
v -0.00758088 0.01301419 -0.00211805
v -0.00704765 0.01301419 -0.00320691
v -0.00628549 0.01301419 -0.00414979
v -0.00533265 0.01301419 -0.00489944
v -0.00191766 0.01344776 -0.00502801
v -0.00188982 0.01333200 -0.00526100
v -0.00305313 0.01301419 -0.00568026
v -0.00798911 0.01236534 -0.00226390
v -0.00741321 0.01236534 -0.00343996
v -0.00659001 0.01236534 -0.00445837
v -0.00556087 0.01236534 -0.00526804
v -0.00813246 0.01159995 -0.00231516
v -0.00844008 0.01159995 -0.00100726
v -0.00828892 0.01236534 -0.00098925
v -0.00540900 0.01159995 -0.00553405
v -0.00564104 0.01159995 -0.00539750
v -0.00669700 0.01159995 -0.00456673
v -0.00688434 0.01159995 -0.00437331
v -0.00754160 0.01159995 -0.00352180
v -0.00792879 0.01159995 -0.00281352
v -0.00423688 0.01301419 -0.00541830
v -0.00402659 0.01344776 -0.00480443
v -0.00377858 0.01359999 -0.00408036
v -0.00311488 0.01159995 -0.00626278
v -0.00309885 0.01236534 -0.00611138
v -0.00184077 0.01301419 -0.00567228
v -0.00180310 0.01260000 -0.00598788
v -0.00178939 0.01236534 -0.00610280
v -0.00177133 0.01159995 -0.00625396
v -0.01407140 0.01159995 0.04617780
v -0.01392024 0.01236534 0.04619586
v -0.01380532 0.01260000 0.04620957
v -0.01348978 0.01301419 0.04624724
v -0.01307845 0.01333200 0.04629635
v -0.01284551 0.01344776 0.04632413
v -0.01208549 0.01359999 0.04641485
v 0.00071103 0.01159995 -0.00595766
v 0.00069299 0.01236534 -0.00580651
v 0.00067927 0.01260000 -0.00569165
v 0.00064161 0.01301419 -0.00537604
v 0.00059252 0.01333200 -0.00496471
v 0.00056472 0.01344776 -0.00473177
v 0.00047402 0.01359999 -0.00397176
v -0.01399952 0.01159995 0.04805368
v -0.01378995 0.01159995 0.04883319
v -0.01364588 0.01236534 0.04878389
v -0.00870621 0.01333200 0.05185365
v -0.00867844 0.01344776 0.05162066
v -0.00971717 0.01344776 0.05137634
v -0.01285248 0.01344776 0.04739123
v -0.01209139 0.01359999 0.04731053
v -0.00858772 0.01359999 0.05086070
v -0.00945961 0.01359999 0.05065560
v -0.01026409 0.01359999 0.05026167
v -0.01067554 0.01344776 0.05090701
v -0.01096069 0.01359999 0.04969859
v -0.01150542 0.01344776 0.05023622
v -0.01151454 0.01359999 0.04899466
v -0.01216524 0.01344776 0.04939758
v -0.00879300 0.01260000 0.05258053
v -0.00875533 0.01301419 0.05226492
v -0.00993550 0.01301419 0.05198734
v -0.01102435 0.01301419 0.05145412
v -0.01196724 0.01301419 0.05069202
v -0.01271688 0.01301419 0.04973918
v -0.01349771 0.01301419 0.04745960
v -0.01008141 0.01236534 0.05239564
v -0.01125741 0.01236534 0.05181968
v -0.01227581 0.01236534 0.05099654
v -0.01308548 0.01236534 0.04996740
v -0.01013261 0.01159995 0.05253899
v -0.00882471 0.01159995 0.05284661
v -0.00880670 0.01236534 0.05269539
v -0.01335150 0.01159995 0.04981547
v -0.01321494 0.01159995 0.05004751
v -0.01238417 0.01159995 0.05110347
v -0.01219081 0.01159995 0.05129081
v -0.01133924 0.01159995 0.05194807
v -0.01063096 0.01159995 0.05233526
v -0.01323574 0.01301419 0.04864341
v -0.01262193 0.01344776 0.04843312
v -0.01189786 0.01359999 0.04818511
v -0.01408028 0.01159995 0.04752135
v -0.01392889 0.01236534 0.04750531
v 0.00157547 0.01344776 -0.00449735
v 0.00132239 0.01359999 -0.00377506
v 0.00210816 0.01359999 -0.00339931
v 0.00178999 0.01301419 -0.00510973
v 0.00251150 0.01344776 -0.00404978
v 0.00263518 0.01333200 -0.00424916
v 0.00193328 0.01236534 -0.00551891
v 0.00198364 0.01159995 -0.00566256
v 0.00285351 0.01301419 -0.00460118
v 0.00302100 0.01260000 -0.00487131
v 0.00308198 0.01236534 -0.00496966
v 0.00316220 0.01159995 -0.00509900
v -0.00610530 0.01359999 0.05115693
v -0.00619602 0.01344776 0.05191689
v -0.00622386 0.01333200 0.05214989
v -0.00627291 0.01301419 0.05256116
v -0.00631058 0.01260000 0.05287677
v -0.00632429 0.01236534 0.05299168
v -0.00634235 0.01159995 0.05314284
v 0.01060652 0.01359999 0.00187105
v 0.01100993 0.01344776 0.00122058
v 0.01113355 0.01333200 0.00102121
v 0.01135188 0.01301419 0.00066921
v 0.01151937 0.01260000 0.00039910
v 0.01158040 0.01236534 0.00030076
v 0.01166063 0.01159995 0.00017139
v -0.00446647 0.01159995 0.05307096
v -0.00368696 0.01159995 0.05286133
v -0.00373632 0.01236534 0.05271732
v -0.00066657 0.01333200 0.04777765
v -0.00089955 0.01344776 0.04774981
v -0.00114381 0.01344776 0.04878860
v -0.00512898 0.01344776 0.05192393
v -0.00520962 0.01359999 0.05116283
v -0.00165951 0.01359999 0.04765915
v -0.00186455 0.01359999 0.04853105
v -0.00225848 0.01359999 0.04933547
v -0.00161314 0.01344776 0.04974699
v -0.00282156 0.01359999 0.05003213
v -0.00228393 0.01344776 0.05057686
v -0.00352555 0.01359999 0.05058598
v -0.00312263 0.01344776 0.05123668
v 0.00006032 0.01260000 0.04786437
v -0.00025527 0.01301419 0.04782670
v -0.00053284 0.01301419 0.04900693
v -0.00106603 0.01301419 0.05009579
v -0.00182819 0.01301419 0.05103868
v -0.00278103 0.01301419 0.05178833
v -0.00506055 0.01301419 0.05256915
v -0.00012458 0.01236534 0.04915279
v -0.00070049 0.01236534 0.05032885
v -0.00152361 0.01236534 0.05134725
v -0.00255281 0.01236534 0.05215692
v 0.00001879 0.01159995 0.04920405
v 0.00032638 0.01159995 0.04789614
v 0.00017521 0.01236534 0.04787808
v -0.00270468 0.01159995 0.05242294
v -0.00247264 0.01159995 0.05228638
v -0.00141668 0.01159995 0.05145561
v -0.00122934 0.01159995 0.05126219
v -0.00057212 0.01159995 0.05041068
v -0.00018493 0.01159995 0.04970240
v -0.00387681 0.01301419 0.05230718
v -0.00408709 0.01344776 0.05169332
v -0.00433510 0.01359999 0.05096930
v -0.00499880 0.01159995 0.05315166
v -0.00501484 0.01236534 0.05300027
v 0.01315945 0.01159995 0.00149220
v 0.01271003 0.01159995 0.00099706
v 0.01260322 0.01236534 0.00110549
v 0.01130616 0.01359999 0.00242150
v 0.01184344 0.01344776 0.00187635
v 0.01229888 0.01301419 0.00141424
v 0.01226043 0.01359999 0.00391144
v 0.01246786 0.01359999 0.00477713
v 0.01298028 0.01344776 0.00365144
v 0.01322734 0.01344776 0.00468278
v 0.01359057 0.01301419 0.00343096
v 0.01387125 0.01301419 0.00460279
v 0.01399832 0.01236534 0.00328368
v 0.01430147 0.01236534 0.00454932
v 0.01414149 0.01159995 0.00323194
v 0.01247864 0.01359999 0.00566733
v 0.01229226 0.01359999 0.00653780
v 0.01324021 0.01344776 0.00574327
v 0.01301819 0.01344776 0.00678027
v 0.01388585 0.01301419 0.00580764
v 0.01363360 0.01301419 0.00698590
v 0.01431727 0.01236534 0.00585067
v 0.01404482 0.01236534 0.00712323
v 0.01191800 0.01359999 0.00734550
v 0.01257234 0.01344776 0.00774252
v 0.01312702 0.01301419 0.00807917
v 0.01349765 0.01236534 0.00830406
v 0.01137435 0.01359999 0.00805044
v 0.01068830 0.01359999 0.00861764
v 0.01192468 0.01344776 0.00858235
v 0.01110732 0.01344776 0.00925815
v 0.01239120 0.01301419 0.00903332
v 0.01146250 0.01301419 0.00980109
v 0.01270288 0.01236534 0.00933462
v 0.01169991 0.01236534 0.01016390
v 0.01355087 0.01159995 0.00203437
v 0.01342272 0.01236534 0.00211644
v 0.01305758 0.01301419 0.00235027
v 0.01251125 0.01344776 0.00270027
v 0.01186674 0.01359999 0.00311303
v 0.01446872 0.01159995 0.00586575
v 0.01449793 0.01159995 0.00519770
v 0.01445257 0.01159995 0.00453055
v 0.01418924 0.01159995 0.00717151
v 0.01281237 0.01159995 0.00944042
v 0.01324957 0.01159995 0.00893450
v 0.01362782 0.01159995 0.00838303
v 0.01178324 0.01159995 0.01029133
v 0.00057339 0.01159995 0.04582649
v 0.00042221 0.01236534 0.04580849
v 0.00030732 0.01260000 0.04579472
v -0.00000827 0.01301419 0.04575711
v -0.00041957 0.01333200 0.04570800
v -0.00065255 0.01344776 0.04568022
v -0.00141251 0.01359999 0.04558950
v 0.00289553 0.01359999 0.01371598
v 0.00331455 0.01344776 0.01435643
v 0.00366980 0.01301419 0.01489943
v 0.00390714 0.01236534 0.01526218
v 0.00399053 0.01159995 0.01538962
v -0.00062151 0.01344776 0.04495990
v -0.00138646 0.01359999 0.04498487
v 0.00002699 0.01301419 0.04493868
v -0.00145191 0.01359999 0.04438322
v -0.00069950 0.01344776 0.04424309
v -0.00006161 0.01301419 0.04412436
v 0.00036460 0.01236534 0.04404497
v 0.00046031 0.01236534 0.04492455
v 0.00051427 0.01159995 0.04401707
v 0.00061246 0.01159995 0.04491955
v 0.00014654 0.01333200 0.01986831
v 0.00055784 0.01301419 0.01991742
v 0.00080697 0.01301419 0.01872545
v 0.00122195 0.01236534 0.01885080
v 0.00136769 0.01159995 0.01889485
v 0.00164622 0.01236534 0.01779037
v 0.00162399 0.01159995 0.01819604
v 0.00178212 0.01159995 0.01785904
v 0.00237006 0.01159995 0.01691097
v 0.00224817 0.01236534 0.01681977
v 0.00260168 0.01159995 0.01661950
v 0.00300956 0.01236534 0.01596844
v 0.00311375 0.01159995 0.01607942
v 0.00113946 0.01159995 0.01998680
v 0.00098833 0.01236534 0.01996874
v 0.00087343 0.01260000 0.01995509
v 0.00125927 0.01301419 0.01759487
v 0.00190103 0.01301419 0.01656001
v 0.00271279 0.01301419 0.01565235
v -0.00084641 0.01359999 0.01974982
v -0.00008644 0.01344776 0.01984053
v 0.00018584 0.01344776 0.01853787
v 0.00068018 0.01344776 0.01730227
v 0.00138152 0.01344776 0.01617127
v 0.00226867 0.01344776 0.01517933
v -0.00054684 0.01359999 0.01831656
v -0.00000294 0.01359999 0.01695710
v 0.00076876 0.01359999 0.01571279
v 0.00174481 0.01359999 0.01462131
v -0.00263983 0.01359999 0.03800374
v -0.00188738 0.01344776 0.03786361
v -0.00124949 0.01301419 0.03774482
v -0.00082332 0.01236534 0.03766548
v -0.00067365 0.01159995 0.03763759
v -0.00073671 0.01159995 0.03570759
v -0.00088787 0.01236534 0.03568953
v -0.00100273 0.01260000 0.03567582
v -0.00131833 0.01301419 0.03563815
v -0.00172961 0.01333200 0.03558909
v -0.00196260 0.01344776 0.03556126
v -0.00272256 0.01359999 0.03547054
v -0.00093055 0.01236534 0.03667998
v -0.00077839 0.01159995 0.03667497
v -0.00136381 0.01301419 0.03669410
v -0.00201231 0.01344776 0.03671532
v -0.00277728 0.01359999 0.03674030
v -0.00817400 -0.01260000 -0.00097554
v -0.00828892 -0.01236534 -0.00098925
v -0.00798911 -0.01236534 -0.00226390
v -0.00309885 -0.01236534 -0.00611138
v -0.00311488 -0.01159995 -0.00626278
v -0.00177133 -0.01159995 -0.00625396
v -0.00844008 -0.01159995 -0.00100726
v -0.00813246 -0.01159995 -0.00231516
v -0.00792879 -0.01159995 -0.00281352
v -0.00741321 -0.01236534 -0.00343996
v -0.00754160 -0.01159995 -0.00352180
v -0.00688434 -0.01159995 -0.00437331
v -0.00659001 -0.01236534 -0.00445837
v -0.00669700 -0.01159995 -0.00456673
v -0.00564104 -0.01159995 -0.00539750
v -0.00556087 -0.01236534 -0.00526804
v -0.00540900 -0.01159995 -0.00553405
v -0.00437737 -0.01236534 -0.00582844
v -0.00442672 -0.01159995 -0.00597245
v -0.00364715 -0.01159995 -0.00618207
v -0.00744712 -0.01333200 -0.00088879
v -0.00785839 -0.01301419 -0.00093787
v -0.00758088 -0.01301419 -0.00211805
v -0.00704765 -0.01301419 -0.00320691
v -0.00628549 -0.01301419 -0.00414979
v -0.00533265 -0.01301419 -0.00489944
v -0.00423688 -0.01301419 -0.00541830
v -0.00305313 -0.01301419 -0.00568026
v -0.00645417 -0.01359999 -0.00077028
v -0.00721413 -0.01344776 -0.00086098
v -0.00696987 -0.01344776 -0.00189972
v -0.00178939 -0.01236534 -0.00610280
v -0.00180310 -0.01260000 -0.00598788
v -0.00184077 -0.01301419 -0.00567228
v -0.00188982 -0.01333200 -0.00526100
v -0.00650054 -0.01344776 -0.00285804
v -0.00582969 -0.01344776 -0.00368798
v -0.00499105 -0.01344776 -0.00434780
v -0.00402659 -0.01344776 -0.00480443
v -0.00298470 -0.01344776 -0.00503504
v -0.00191766 -0.01344776 -0.00502801
v -0.00624913 -0.01359999 -0.00164217
v -0.00585514 -0.01359999 -0.00244659
v -0.00529212 -0.01359999 -0.00314319
v -0.00458813 -0.01359999 -0.00369704
v -0.00377858 -0.01359999 -0.00408036
v -0.00290406 -0.01359999 -0.00427395
v -0.00200832 -0.01359999 -0.00426805
v -0.01208549 -0.01359999 0.04641485
v -0.01284551 -0.01344776 0.04632413
v -0.01307845 -0.01333200 0.04629635
v -0.01348978 -0.01301419 0.04624724
v -0.01380532 -0.01260000 0.04620957
v -0.01392024 -0.01236534 0.04619586
v -0.01407140 -0.01159995 0.04617780
v 0.00047402 -0.01359999 -0.00397176
v 0.00056472 -0.01344776 -0.00473177
v 0.00059252 -0.01333200 -0.00496471
v 0.00064161 -0.01301419 -0.00537604
v 0.00067927 -0.01260000 -0.00569165
v 0.00069299 -0.01236534 -0.00580651
v 0.00071103 -0.01159995 -0.00595766
v -0.00879300 -0.01260000 0.05258053
v -0.00880670 -0.01236534 0.05269539
v -0.01008141 -0.01236534 0.05239564
v -0.01392889 -0.01236534 0.04750531
v -0.01408028 -0.01159995 0.04752135
v -0.00882471 -0.01159995 0.05284661
v -0.01013261 -0.01159995 0.05253899
v -0.01063096 -0.01159995 0.05233526
v -0.01125741 -0.01236534 0.05181968
v -0.01133924 -0.01159995 0.05194807
v -0.01219081 -0.01159995 0.05129081
v -0.01227581 -0.01236534 0.05099654
v -0.01238417 -0.01159995 0.05110347
v -0.01321494 -0.01159995 0.05004751
v -0.01308548 -0.01236534 0.04996740
v -0.01335150 -0.01159995 0.04981547
v -0.01364588 -0.01236534 0.04878389
v -0.01378995 -0.01159995 0.04883319
v -0.01399952 -0.01159995 0.04805368
v -0.00870621 -0.01333200 0.05185365
v -0.00875533 -0.01301419 0.05226492
v -0.00993550 -0.01301419 0.05198734
v -0.01102435 -0.01301419 0.05145412
v -0.01196724 -0.01301419 0.05069202
v -0.01271688 -0.01301419 0.04973918
v -0.01323574 -0.01301419 0.04864341
v -0.01349771 -0.01301419 0.04745960
v -0.00858772 -0.01359999 0.05086070
v -0.00867844 -0.01344776 0.05162066
v -0.00971717 -0.01344776 0.05137634
v -0.01067554 -0.01344776 0.05090701
v -0.01150542 -0.01344776 0.05023622
v -0.01216524 -0.01344776 0.04939758
v -0.01262193 -0.01344776 0.04843312
v -0.01285248 -0.01344776 0.04739123
v -0.00945961 -0.01359999 0.05065560
v -0.01026409 -0.01359999 0.05026167
v -0.01096069 -0.01359999 0.04969859
v -0.01151454 -0.01359999 0.04899466
v -0.01189786 -0.01359999 0.04818511
v -0.01209139 -0.01359999 0.04731053
v 0.00193328 -0.01236534 -0.00551891
v 0.00198364 -0.01159995 -0.00566256
v 0.00316220 -0.01159995 -0.00509900
v 0.00178999 -0.01301419 -0.00510973
v 0.00308198 -0.01236534 -0.00496966
v 0.00302100 -0.01260000 -0.00487131
v 0.00157547 -0.01344776 -0.00449735
v 0.00132239 -0.01359999 -0.00377506
v 0.00285351 -0.01301419 -0.00460118
v 0.00263518 -0.01333200 -0.00424916
v 0.00251150 -0.01344776 -0.00404978
v 0.00210816 -0.01359999 -0.00339931
v -0.00634235 -0.01159995 0.05314284
v -0.00632429 -0.01236534 0.05299168
v -0.00631058 -0.01260000 0.05287677
v -0.00627291 -0.01301419 0.05256116
v -0.00622386 -0.01333200 0.05214989
v -0.00619602 -0.01344776 0.05191689
v -0.00610530 -0.01359999 0.05115693
v 0.01166063 -0.01159995 0.00017139
v 0.01158040 -0.01236534 0.00030076
v 0.01151937 -0.01260000 0.00039910
v 0.01135188 -0.01301419 0.00066921
v 0.01113355 -0.01333200 0.00102121
v 0.01100993 -0.01344776 0.00122058
v 0.01060652 -0.01359999 0.00187105
v 0.00006032 -0.01260000 0.04786437
v 0.00017521 -0.01236534 0.04787808
v -0.00012458 -0.01236534 0.04915279
v -0.00501484 -0.01236534 0.05300027
v -0.00499880 -0.01159995 0.05315166
v 0.00032638 -0.01159995 0.04789614
v 0.00001879 -0.01159995 0.04920405
v -0.00018493 -0.01159995 0.04970240
v -0.00070049 -0.01236534 0.05032885
v -0.00057212 -0.01159995 0.05041068
v -0.00122934 -0.01159995 0.05126219
v -0.00152361 -0.01236534 0.05134725
v -0.00141668 -0.01159995 0.05145561
v -0.00247264 -0.01159995 0.05228638
v -0.00255281 -0.01236534 0.05215692
v -0.00270468 -0.01159995 0.05242294
v -0.00373632 -0.01236534 0.05271732
v -0.00368696 -0.01159995 0.05286133
v -0.00446647 -0.01159995 0.05307096
v -0.00066657 -0.01333200 0.04777765
v -0.00025527 -0.01301419 0.04782670
v -0.00053284 -0.01301419 0.04900693
v -0.00106603 -0.01301419 0.05009579
v -0.00182819 -0.01301419 0.05103868
v -0.00278103 -0.01301419 0.05178833
v -0.00387681 -0.01301419 0.05230718
v -0.00506055 -0.01301419 0.05256915
v -0.00165951 -0.01359999 0.04765915
v -0.00089955 -0.01344776 0.04774981
v -0.00114381 -0.01344776 0.04878860
v -0.00161314 -0.01344776 0.04974699
v -0.00228393 -0.01344776 0.05057686
v -0.00312263 -0.01344776 0.05123668
v -0.00408709 -0.01344776 0.05169332
v -0.00512898 -0.01344776 0.05192393
v -0.00186455 -0.01359999 0.04853105
v -0.00225848 -0.01359999 0.04933547
v -0.00282156 -0.01359999 0.05003213
v -0.00352555 -0.01359999 0.05058598
v -0.00433510 -0.01359999 0.05096930
v -0.00520962 -0.01359999 0.05116283
v 0.01260322 -0.01236534 0.00110549
v 0.01271003 -0.01159995 0.00099706
v 0.01315945 -0.01159995 0.00149220
v 0.01342272 -0.01236534 0.00211644
v 0.01355087 -0.01159995 0.00203437
v 0.01414149 -0.01159995 0.00323194
v 0.01399832 -0.01236534 0.00328368
v 0.01445257 -0.01159995 0.00453055
v 0.01430147 -0.01236534 0.00454932
v 0.01449793 -0.01159995 0.00519770
v 0.01431727 -0.01236534 0.00585067
v 0.01446872 -0.01159995 0.00586575
v 0.01418924 -0.01159995 0.00717151
v 0.01404482 -0.01236534 0.00712323
v 0.01362782 -0.01159995 0.00838303
v 0.01349765 -0.01236534 0.00830406
v 0.01324957 -0.01159995 0.00893450
v 0.01270288 -0.01236534 0.00933462
v 0.01281237 -0.01159995 0.00944042
v 0.01178324 -0.01159995 0.01029133
v 0.01169991 -0.01236534 0.01016390
v 0.01229888 -0.01301419 0.00141424
v 0.01305758 -0.01301419 0.00235027
v 0.01359057 -0.01301419 0.00343096
v 0.01387125 -0.01301419 0.00460279
v 0.01388585 -0.01301419 0.00580764
v 0.01363360 -0.01301419 0.00698590
v 0.01312702 -0.01301419 0.00807917
v 0.01239120 -0.01301419 0.00903332
v 0.01146250 -0.01301419 0.00980109
v 0.01184344 -0.01344776 0.00187635
v 0.01251125 -0.01344776 0.00270027
v 0.01298028 -0.01344776 0.00365144
v 0.01322734 -0.01344776 0.00468278
v 0.01324021 -0.01344776 0.00574327
v 0.01301819 -0.01344776 0.00678027
v 0.01257234 -0.01344776 0.00774252
v 0.01192468 -0.01344776 0.00858235
v 0.01110732 -0.01344776 0.00925815
v 0.01130616 -0.01359999 0.00242150
v 0.01186674 -0.01359999 0.00311303
v 0.01226043 -0.01359999 0.00391144
v 0.01246786 -0.01359999 0.00477713
v 0.01247864 -0.01359999 0.00566733
v 0.01229226 -0.01359999 0.00653780
v 0.01191800 -0.01359999 0.00734550
v 0.01137435 -0.01359999 0.00805044
v 0.01068830 -0.01359999 0.00861764
v -0.00141251 -0.01359999 0.04558950
v -0.00065255 -0.01344776 0.04568022
v -0.00041957 -0.01333200 0.04570800
v -0.00000827 -0.01301419 0.04575711
v 0.00030732 -0.01260000 0.04579472
v 0.00042221 -0.01236534 0.04580849
v 0.00057339 -0.01159995 0.04582649
v 0.00289553 -0.01359999 0.01371598
v 0.00331455 -0.01344776 0.01435643
v 0.00366980 -0.01301419 0.01489943
v 0.00390714 -0.01236534 0.01526218
v 0.00399053 -0.01159995 0.01538962
v 0.00046031 -0.01236534 0.04492455
v 0.00061246 -0.01159995 0.04491955
v 0.00051427 -0.01159995 0.04401707
v 0.00036460 -0.01236534 0.04404497
v 0.00025085 -0.01260000 0.04406613
v 0.00002699 -0.01301419 0.04493868
v -0.00062151 -0.01344776 0.04495990
v -0.00046883 -0.01333200 0.04420018
v -0.00006161 -0.01301419 0.04412436
v -0.00138646 -0.01359999 0.04498487
v -0.00145191 -0.01359999 0.04438322
v -0.00069950 -0.01344776 0.04424309
v 0.00162399 -0.01159995 0.01819604
v 0.00136769 -0.01159995 0.01889485
v 0.00122195 -0.01236534 0.01885080
v -0.00000294 -0.01359999 0.01695710
v 0.00076876 -0.01359999 0.01571279
v 0.00068018 -0.01344776 0.01730227
v 0.00138152 -0.01344776 0.01617127
v 0.00125927 -0.01301419 0.01759487
v 0.00190103 -0.01301419 0.01656001
v 0.00164622 -0.01236534 0.01779037
v 0.00224817 -0.01236534 0.01681977
v 0.00178212 -0.01159995 0.01785904
v 0.00174481 -0.01359999 0.01462131
v 0.00226867 -0.01344776 0.01517933
v 0.00271279 -0.01301419 0.01565235
v 0.00300956 -0.01236534 0.01596844
v -0.00084641 -0.01359999 0.01974982
v -0.00054684 -0.01359999 0.01831656
v -0.00008644 -0.01344776 0.01984053
v 0.00018584 -0.01344776 0.01853787
v 0.00055784 -0.01301419 0.01991742
v 0.00080697 -0.01301419 0.01872545
v 0.00098833 -0.01236534 0.01996874
v 0.00113946 -0.01159995 0.01998680
v 0.00311375 -0.01159995 0.01607942
v 0.00260168 -0.01159995 0.01661950
v 0.00237006 -0.01159995 0.01691097
v -0.00067365 -0.01159995 0.03763759
v -0.00082332 -0.01236534 0.03766548
v -0.00093708 -0.01260000 0.03768664
v -0.00124949 -0.01301419 0.03774482
v -0.00165671 -0.01333200 0.03782069
v -0.00188738 -0.01344776 0.03786361
v -0.00263983 -0.01359999 0.03800374
v -0.00272256 -0.01359999 0.03547054
v -0.00196260 -0.01344776 0.03556126
v -0.00131833 -0.01301419 0.03563815
v -0.00088787 -0.01236534 0.03568953
v -0.00073671 -0.01159995 0.03570759
v -0.00277728 -0.01359999 0.03674030
v -0.00201231 -0.01344776 0.03671532
v -0.00093055 -0.01236534 0.03667998
v -0.00136381 -0.01301419 0.03669410
v -0.00077839 -0.01159995 0.03667497
v -0.01175493 -0.00909996 0.04786425
v -0.01225143 -0.00909996 0.04780495
v -0.01182746 -0.00897819 0.04847222
v -0.01232397 -0.00897819 0.04841297
v -0.01188904 -0.00863135 0.04898762
v -0.01238548 -0.00863135 0.04892838
v -0.01193010 -0.00811225 0.04933202
v -0.01242661 -0.00811225 0.04927277
v -0.01194453 -0.00749999 0.04945296
v -0.01244103 -0.00749999 0.04939371
v -0.01194453 0.00749999 0.04945296
v -0.01244103 0.00749999 0.04939371
v -0.01191914 0.00829995 0.04924011
v -0.01241564 0.00829995 0.04918086
v -0.01184976 0.00888562 0.04865860
v -0.01234620 0.00888562 0.04859936
v -0.01184976 0.00888562 0.04865860
v -0.01234620 0.00888562 0.04859936
v -0.01175493 0.00909996 0.04786425
v -0.01225143 0.00909996 0.04780495
v -0.00628829 -0.00549996 -0.00216037
v -0.00579178 -0.00549996 -0.00210112
v -0.00621569 -0.00537819 -0.00276834
v -0.00571924 -0.00537819 -0.00270909
v -0.00615418 -0.00503135 -0.00328380
v -0.00565773 -0.00503135 -0.00322455
v -0.00611311 -0.00451225 -0.00362819
v -0.00561660 -0.00451225 -0.00356895
v -0.00609863 -0.00389999 -0.00374913
v -0.00560218 -0.00389999 -0.00368988
v -0.00609863 0.00389999 -0.00374913
v -0.00560218 0.00389999 -0.00368988
v -0.00612408 0.00469994 -0.00353628
v -0.00562757 0.00469994 -0.00347704
v -0.00612408 0.00469994 -0.00353628
v -0.00562757 0.00469994 -0.00347704
v -0.00619346 0.00528562 -0.00295472
v -0.00569701 0.00528562 -0.00289547
v -0.00628829 0.00549996 -0.00216037
v -0.00579178 0.00549996 -0.00210112
v -0.01184976 0.00888562 0.04865860
v -0.01175493 0.00909996 0.04786425
v -0.01187342 0.00909996 0.04885721
v -0.01191914 0.00829995 0.04924011
v -0.01196825 0.00888562 0.04965156
v -0.01194453 0.00749999 0.04945296
v -0.01203763 0.00829995 0.05023306
v -0.01206302 0.00749999 0.05044591
v -0.01194453 -0.00749999 0.04945296
v -0.01206302 -0.00749999 0.05044591
v -0.01193010 -0.00811225 0.04933202
v -0.01203763 -0.00829995 0.05023306
v -0.01188904 -0.00863135 0.04898762
v -0.01196825 -0.00888562 0.04965156
v -0.01182746 -0.00897819 0.04847222
v -0.01187342 -0.00909996 0.04885721
v -0.01175493 -0.00909996 0.04786425
v -0.00571924 -0.00537819 -0.00270909
v -0.00579178 -0.00549996 -0.00210112
v -0.00567329 -0.00549996 -0.00309408
v -0.00560218 0.00389999 -0.00368988
v -0.00550908 0.00469994 -0.00446999
v -0.00562757 0.00469994 -0.00347704
v -0.00557846 0.00528562 -0.00388843
v -0.00569701 0.00528562 -0.00289547
v -0.00567329 0.00549996 -0.00309408
v -0.00579178 0.00549996 -0.00210112
v -0.00565773 -0.00503135 -0.00322455
v -0.00557846 -0.00528562 -0.00388843
v -0.00561660 -0.00451225 -0.00356895
v -0.00550908 -0.00469994 -0.00446999
v -0.00560218 -0.00389999 -0.00368988
v -0.00548369 -0.00389999 -0.00468284
v -0.00548369 0.00389999 -0.00468284
v -0.00508201 -0.00528562 -0.00382918
v -0.00517678 -0.00549996 -0.00303483
v -0.00486869 -0.00549996 -0.00561649
v -0.00501257 -0.00469994 -0.00441068
v -0.00486869 0.00549996 -0.00561649
v -0.00517678 0.00549996 -0.00303483
v -0.00508201 0.00528562 -0.00382918
v -0.00501257 0.00469994 -0.00441068
v -0.00498718 0.00389999 -0.00462353
v -0.00498718 -0.00389999 -0.00462353
v -0.01168507 -0.00909996 0.05149811
v -0.01137697 -0.00909996 0.04891645
v -0.01147174 -0.00888562 0.04971081
v -0.01137697 0.00909996 0.04891645
v -0.01168507 0.00909996 0.05149811
v -0.01147174 0.00888562 0.04971081
v -0.01154118 0.00829995 0.05029231
v -0.01154118 -0.00829995 0.05029231
v -0.01156657 -0.00749999 0.05050516
v -0.01156657 0.00749999 0.05050516
v -0.01138633 -0.00909996 0.04055643
v -0.00890398 -0.00909996 0.04085266
v -0.01129150 -0.00888562 0.03976207
v -0.00880915 -0.00888562 0.04005831
v -0.01129150 -0.00888562 0.03976207
v -0.00880915 -0.00888562 0.04005831
v -0.01122212 -0.00829995 0.03918051
v -0.00873977 -0.00829995 0.03947681
v -0.01119673 -0.00749999 0.03896766
v -0.00871432 -0.00749999 0.03926396
v -0.01119673 0.00749999 0.03896766
v -0.00871432 0.00749999 0.03926396
v -0.01122212 0.00829995 0.03918051
v -0.00873977 0.00829995 0.03947681
v -0.01129150 0.00888562 0.03976207
v -0.00880915 0.00888562 0.04005831
v -0.01129150 0.00888562 0.03976207
v -0.00880915 0.00888562 0.04005831
v -0.01138633 0.00909996 0.04055643
v -0.00890398 0.00909996 0.04085266
v 0.00641066 0.00549996 -0.00308442
v 0.00641066 0.00559998 -0.00308442
v 0.00502151 0.00549996 0.00855535
v 0.00422412 0.00559998 0.01523679
v 0.00422412 -0.00559998 0.01523679
v 0.00494897 -0.00537819 0.00916332
v 0.00488746 -0.00503135 0.00967872
v 0.00422412 0.00548929 0.01523679
v 0.00485730 0.00469994 0.00993121
v 0.00492668 0.00528562 0.00934970
v 0.00502151 -0.00549996 0.00855535
v 0.00641066 -0.00559998 -0.00308442
v 0.00641066 -0.00549996 -0.00308442
v 0.00484633 -0.00451225 0.01002311
v 0.00424683 -0.00531274 0.01504653
v 0.00422412 -0.00548929 0.01523679
v 0.00424683 0.00531274 0.01504653
v 0.00432902 0.00427455 0.01435774
v 0.00483191 0.00389999 0.01014405
v 0.00435787 0.00304997 0.01411586
v 0.00483191 -0.00389999 0.01014405
v 0.00435787 -0.00304997 0.01411586
v 0.00432902 -0.00427455 0.01435774
v 0.00999612 0.00559998 0.00326872
v 0.00879460 0.00559998 0.00278801
v 0.00641066 0.00559998 -0.00308442
v 0.00751376 0.00559998 0.00297242
v 0.00620043 0.00559998 0.00625503
v 0.00422412 0.00559998 0.01523679
v 0.00601596 0.00559998 0.00497413
v 0.00649667 0.00559998 0.00377262
v 0.00700063 0.00559998 0.00727206
v 0.00820208 0.00559998 0.00775278
v 0.01178324 0.00559998 0.01029133
v 0.00948298 0.00559998 0.00756836
v 0.01324957 0.00559998 0.00893450
v 0.01050007 0.00559998 0.00676817
v 0.01418924 0.00559998 0.00717151
v 0.01098072 0.00559998 0.00556666
v 0.01166063 0.00559998 0.00017139
v 0.01315945 0.00559998 0.00149220
v 0.01079630 0.00559998 0.00428575
v 0.01414149 0.00559998 0.00323194
v 0.01449793 0.00559998 0.00519770
v 0.01050007 -0.00559998 0.00676817
v 0.00948298 -0.00559998 0.00756836
v 0.01178324 -0.00559998 0.01029133
v 0.00700063 -0.00559998 0.00727206
v 0.00620043 -0.00559998 0.00625503
v 0.00422412 -0.00559998 0.01523679
v 0.00601596 -0.00559998 0.00497413
v 0.00641066 -0.00559998 -0.00308442
v 0.00649667 -0.00559998 0.00377262
v 0.00820208 -0.00559998 0.00775278
v 0.00751376 -0.00559998 0.00297242
v 0.00879460 -0.00559998 0.00278801
v 0.01166063 -0.00559998 0.00017139
v 0.00999612 -0.00559998 0.00326872
v 0.01315945 -0.00559998 0.00149220
v 0.01079630 -0.00559998 0.00428575
v 0.01324957 -0.00559998 0.00893450
v 0.01418924 -0.00559998 0.00717151
v 0.01098072 -0.00559998 0.00556666
v 0.01449793 -0.00559998 0.00519770
v 0.01414149 -0.00559998 0.00323194
v 0.00162399 -0.00624996 0.01819604
v 0.00224352 -0.00624996 0.01708626
v -0.00892967 -0.00624996 0.01575279
v -0.00947481 -0.00624996 0.02032035
v 0.00095119 -0.00624996 0.02156466
v 0.00113946 -0.00624996 0.01998680
v 0.00095119 0.00624996 0.02156466
v -0.00947481 0.00624996 0.02032035
v 0.00113946 0.00624996 0.01998680
v -0.00892967 0.00624996 0.01575279
v 0.00162399 0.00624996 0.01819604
v 0.00224352 0.00624996 0.01708626
v -0.00961989 0.00600636 0.02153629
v 0.00080607 0.00600636 0.02278059
v -0.00974291 0.00531274 0.02256715
v 0.00068305 0.00531274 0.02381145
v -0.00982517 0.00427455 0.02325594
v 0.00060084 0.00427455 0.02450025
v -0.00985402 0.00304997 0.02349781
v 0.00057197 0.00304997 0.02474212
v -0.00985402 -0.00304997 0.02349781
v 0.00057197 -0.00304997 0.02474212
v -0.00982517 -0.00427455 0.02325594
v 0.00060084 -0.00427455 0.02450025
v -0.00974291 -0.00531274 0.02256715
v 0.00068305 -0.00531274 0.02381145
v -0.00961989 -0.00600636 0.02153629
v 0.00080607 -0.00600636 0.02278059
v -0.00889212 0.00909996 0.04075336
v 0.00010651 0.00909996 0.04182732
v 0.00051427 0.00909996 0.04401707
v 0.00057339 0.00909996 0.04582649
v 0.00032638 0.00909996 0.04789614
v -0.01137697 0.00909996 0.04891645
v -0.01187342 0.00909996 0.04885721
v -0.00018493 0.00909996 0.04970240
v -0.00122934 0.00909996 0.05126219
v -0.00270468 0.00909996 0.05242294
v -0.00446647 0.00909996 0.05307096
v -0.00634235 0.00909996 0.05314284
v -0.00882471 0.00909996 0.05284661
v -0.01168507 0.00909996 0.05149811
v -0.01063096 0.00909996 0.05233526
v -0.01199948 0.00909996 0.05146062
v 0.00010651 -0.00909996 0.04182732
v -0.00889212 -0.00909996 0.04075336
v -0.01187342 -0.00909996 0.04885721
v -0.01137697 -0.00909996 0.04891645
v 0.00032638 -0.00909996 0.04789614
v 0.00057339 -0.00909996 0.04582649
v 0.00051427 -0.00909996 0.04401707
v -0.00634235 -0.00909996 0.05314284
v -0.00446647 -0.00909996 0.05307096
v -0.00882471 -0.00909996 0.05284661
v -0.01063096 -0.00909996 0.05233526
v -0.01168507 -0.00909996 0.05149811
v -0.01199948 -0.00909996 0.05146062
v -0.00270468 -0.00909996 0.05242294
v -0.00122934 -0.00909996 0.05126219
v -0.00018493 -0.00909996 0.04970240
v -0.00028126 -0.00919998 0.03189134
v -0.00772840 -0.00919998 0.03100258
v -0.00073671 -0.00919998 0.03570759
v -0.00879806 -0.00919998 0.03996527
v -0.00067365 -0.00919998 0.03763759
v -0.00004572 -0.00919998 0.04100978
v -0.00758326 -0.00895637 0.02978664
v -0.00013614 -0.00895637 0.03067541
v -0.00746024 -0.00826269 0.02875578
v -0.00001311 -0.00826269 0.02964454
v -0.00737804 -0.00722456 0.02806699
v 0.00006909 -0.00722456 0.02895581
v -0.00734913 -0.00599998 0.02782511
v 0.00009796 -0.00599998 0.02871394
v -0.00734913 0.00599998 0.02782511
v 0.00009796 0.00599998 0.02871394
v -0.00737804 0.00722456 0.02806699
v 0.00006909 0.00722456 0.02895581
v -0.00746024 0.00826269 0.02875578
v -0.00001311 0.00826269 0.02964454
v -0.00758326 0.00895637 0.02978664
v -0.00013614 0.00895637 0.03067541
v -0.00772840 0.00919998 0.03100258
v -0.00028126 0.00919998 0.03189134
v -0.00067365 0.00919998 0.03763759
v -0.00004572 0.00919998 0.04100978
v -0.00879806 0.00919998 0.03996527
v -0.00073671 0.00919998 0.03570759
v 0.00003100 -0.00917488 0.04142183
v 0.00003100 0.00917488 0.04142183
v 0.00814283 0.01359999 0.00824922
v 0.00688559 0.01359999 0.00779998
v -0.00366449 0.01359999 0.04917800
v -0.00299460 0.01359999 0.04812729
v -0.00210726 0.01359999 -0.00213522
v -0.00282502 0.01359999 -0.00100940
v -0.00284690 0.01359999 0.04688996
v -0.00325072 0.01359999 0.04571110
v -0.00472397 0.01359999 0.04983401
v -0.00596315 0.01359999 0.04996538
v -0.00713658 0.01359999 0.04954612
v -0.00801188 0.01359999 0.04865914
v -0.00841570 0.01359999 0.04748028
v -0.00298327 0.01359999 0.00031626
v -0.00255060 0.01359999 0.00157928
v -0.00826806 0.01359999 0.04624295
v 0.00255060 0.01359999 -0.00157928
v 0.00161278 0.01359999 -0.00252956
v 0.00035551 0.01359999 -0.00297886
v -0.00097217 0.01359999 -0.00283807
v 0.00639105 0.01359999 0.00313514
v 0.00282502 0.01359999 0.00100940
v 0.00567329 0.01359999 0.00426096
v 0.00210726 0.01359999 0.00213522
v 0.00551510 0.01359999 0.00558662
v 0.00097217 0.01359999 0.00283807
v -0.00035551 0.01359999 0.00297880
v 0.01104897 0.01359999 0.00369108
v 0.01011115 0.01359999 0.00274080
v 0.00885385 0.01359999 0.00229150
v 0.00752622 0.01359999 0.00243229
v 0.00298327 0.01359999 -0.00031626
v 0.01148164 0.01359999 0.00495416
v 0.01132345 0.01359999 0.00627983
v -0.00412607 0.01359999 0.04482418
v -0.00529951 0.01359999 0.04440486
v -0.00161278 0.01359999 0.00252956
v 0.00594771 0.01359999 0.00684971
v 0.01060569 0.01359999 0.00740564
v 0.00947052 0.01359999 0.00810850
v -0.00653869 0.01359999 0.04453623
v -0.00759810 0.01359999 0.04519224
v -0.00882471 0.00909996 0.05284661
v -0.00634235 0.00909996 0.05314284
v -0.01199948 -0.00909996 0.05146062
v -0.01199948 0.00909996 0.05146062
v -0.01063096 0.00909996 0.05233526
v -0.00882471 -0.00909996 0.05284661
v -0.01063096 -0.00909996 0.05233526
v -0.00518310 0.00549996 -0.00565404
v -0.00364715 0.00549996 -0.00618207
v -0.00518310 -0.00549996 -0.00565404
v -0.00364715 -0.00549996 -0.00618207
v -0.00177133 0.00549996 -0.00625396
v -0.00177133 -0.00549996 -0.00625396
v 0.00071103 0.00549996 -0.00595766
v 0.00316220 0.00549996 -0.00509900
v 0.00198364 0.00549996 -0.00566256
v 0.00113946 -0.00624996 0.01998680
v 0.00162399 -0.00624996 0.01819604
v 0.00224352 -0.00624996 0.01708626
v 0.00260168 -0.00620973 0.01661950
v 0.00323218 -0.00600636 0.01597094
v 0.00399053 -0.00563097 0.01538962
v 0.00080607 -0.00600636 0.02278059
v 0.00095119 -0.00624996 0.02156466
v 0.00080607 0.00600636 0.02278059
v 0.00095119 0.00624996 0.02156466
v 0.00113946 0.00624996 0.01998680
v 0.00009796 -0.00599998 0.02871394
v 0.00006909 -0.00722456 0.02895581
v 0.00068305 -0.00531274 0.02381145
v -0.00001311 -0.00826269 0.02964454
v -0.00013614 -0.00895637 0.03067541
v -0.00028126 -0.00919998 0.03189134
v -0.00073671 -0.00919998 0.03570759
v 0.00060084 -0.00427455 0.02450025
v 0.00057197 -0.00304997 0.02474212
v 0.00009796 0.00599998 0.02871394
v -0.00073671 0.00919998 0.03570759
v -0.00028126 0.00919998 0.03189134
v -0.00013614 0.00895637 0.03067541
v -0.00001311 0.00826269 0.02964454
v 0.00068305 0.00531274 0.02381145
v 0.00006909 0.00722456 0.02895581
v 0.00060084 0.00427455 0.02450025
v 0.00057197 0.00304997 0.02474212
v -0.00067365 -0.00919998 0.03763759
v 0.00051427 -0.00909996 0.04401707
v 0.00010651 -0.00909996 0.04182732
v 0.00003100 -0.00917488 0.04142183
v -0.00004572 -0.00919998 0.04100978
v 0.00057339 0.00909996 0.04582649
v 0.00051427 0.00909996 0.04401707
v 0.00032638 0.00909996 0.04789614
v -0.00446647 0.00909996 0.05307096
v -0.00270468 0.00909996 0.05242294
v -0.00122934 0.00909996 0.05126219
v -0.00018493 0.00909996 0.04970240
v -0.00284690 -0.01359999 0.04688996
v -0.00298327 -0.01359999 0.00031626
v -0.00255060 -0.01359999 0.00157928
v -0.00299460 -0.01359999 0.04812729
v -0.00325072 -0.01359999 0.04571110
v 0.00639105 -0.01359999 0.00313514
v -0.00035551 -0.01359999 0.00297880
v 0.00097217 -0.01359999 0.00283807
v -0.00472397 -0.01359999 0.04983401
v -0.00366449 -0.01359999 0.04917800
v -0.00412607 -0.01359999 0.04482418
v 0.00752622 -0.01359999 0.00243229
v 0.00210726 -0.01359999 0.00213522
v 0.00885385 -0.01359999 0.00229150
v 0.00594771 -0.01359999 0.00684971
v 0.01148164 -0.01359999 0.00495416
v 0.01104897 -0.01359999 0.00369108
v 0.01011115 -0.01359999 0.00274080
v -0.00282502 -0.01359999 -0.00100940
v -0.00210726 -0.01359999 -0.00213522
v -0.00097217 -0.01359999 -0.00283807
v 0.00035551 -0.01359999 -0.00297886
v 0.00282502 -0.01359999 0.00100940
v 0.00298327 -0.01359999 -0.00031626
v 0.00255060 -0.01359999 -0.00157928
v 0.00161278 -0.01359999 -0.00252956
v -0.00596315 -0.01359999 0.04996538
v -0.00713658 -0.01359999 0.04954612
v -0.00801188 -0.01359999 0.04865914
v -0.00161278 -0.01359999 0.00252956
v 0.01132345 -0.01359999 0.00627983
v 0.00551510 -0.01359999 0.00558662
v 0.00567329 -0.01359999 0.00426096
v -0.00529951 -0.01359999 0.04440486
v 0.00688559 -0.01359999 0.00779998
v 0.00814283 -0.01359999 0.00824922
v 0.00947052 -0.01359999 0.00810850
v 0.01060569 -0.01359999 0.00740564
v -0.00653869 -0.01359999 0.04453623
v -0.00759810 -0.01359999 0.04519224
v -0.00826806 -0.01359999 0.04624295
v -0.00841570 -0.01359999 0.04748028
v -0.00634235 -0.00909996 0.05314284
v 0.00071103 -0.00549996 -0.00595766
v 0.00316220 -0.00549996 -0.00509900
v 0.00198364 -0.00549996 -0.00566256
v 0.00162399 0.00624996 0.01819604
v 0.00224352 0.00624996 0.01708626
v 0.00399053 0.00563097 0.01538962
v 0.00323218 0.00600636 0.01597094
v 0.00260168 0.00620973 0.01661950
v -0.00067365 0.00919998 0.03763759
v 0.00010651 0.00909996 0.04182732
v -0.00004572 0.00919998 0.04100978
v 0.00003100 0.00917488 0.04142183
v 0.00057339 -0.00909996 0.04582649
v 0.00032638 -0.00909996 0.04789614
v -0.00446647 -0.00909996 0.05307096
v -0.00270468 -0.00909996 0.05242294
v -0.00122934 -0.00909996 0.05126219
v -0.00018493 -0.00909996 0.04970240
v 0.00410896 -0.00556171 0.01531213
v 0.00422412 -0.00548929 0.01523679
v 0.00424683 -0.00531274 0.01504653
v -0.00878453 -0.00600636 0.01453679
v 0.00399053 -0.00563097 0.01538962
v -0.00866151 -0.00531274 0.01350599
v 0.00323218 -0.00600636 0.01597094
v 0.00260168 -0.00620973 0.01661950
v -0.00857931 -0.00427455 0.01281720
v 0.00432902 -0.00427455 0.01435774
v -0.00855047 -0.00304997 0.01257532
v 0.00435787 -0.00304997 0.01411586
v -0.00855047 0.00304997 0.01257532
v 0.00435787 0.00304997 0.01411586
v 0.00260168 0.00620973 0.01661950
v -0.00878453 0.00600636 0.01453679
v 0.00422412 0.00548929 0.01523679
v 0.00410896 0.00556171 0.01531213
v -0.00866151 0.00531274 0.01350599
v 0.00399053 0.00563097 0.01538962
v 0.00323218 0.00600636 0.01597094
v -0.00857931 0.00427455 0.01281720
v 0.00432902 0.00427455 0.01435774
v 0.00424683 0.00531274 0.01504653
v -0.00486869 0.00549996 -0.00561649
v -0.00518310 0.00549996 -0.00565404
v -0.00364715 0.00549996 -0.00618207
v -0.00567329 0.00549996 -0.00309408
v -0.00517678 0.00549996 -0.00303483
v 0.00641066 0.00549996 -0.00308442
v 0.00421816 0.00549996 0.00684810
v -0.00526202 0.00549996 0.00160027
v -0.00439733 0.00549996 0.00330347
v -0.00720078 0.00549996 0.00548530
v -0.00549203 0.00549996 -0.00029592
v 0.00248969 0.00549996 0.00490415
v 0.00401688 0.00549996 0.00375688
v -0.00300229 0.00549996 0.00460827
v -0.00124508 0.00549996 0.00535720
v 0.00066226 0.00549996 0.00545996
v 0.00439733 0.00549996 -0.00330347
v 0.00316220 0.00549996 -0.00509900
v 0.00300229 0.00549996 -0.00460827
v 0.00198364 0.00549996 -0.00566256
v 0.00124508 0.00549996 -0.00535720
v -0.00505960 0.00549996 -0.00215644
v -0.00401688 0.00549996 -0.00375688
v -0.00248969 0.00549996 -0.00490415
v -0.00066226 0.00549996 -0.00545996
v -0.00177133 0.00549996 -0.00625396
v 0.00071103 0.00549996 -0.00595766
v 0.00505960 0.00549996 0.00215644
v 0.00549203 0.00549996 0.00029592
v 0.00526202 0.00549996 -0.00160027
v -0.00734585 0.00525641 0.00670123
v 0.00407302 0.00525641 0.00806403
v -0.00746888 0.00456274 0.00773209
v 0.00395000 0.00456274 0.00909489
v -0.00755107 0.00352454 0.00842088
v 0.00386781 0.00352454 0.00978369
v -0.00757998 0.00229996 0.00866276
v 0.00383896 0.00229996 0.01002556
v -0.00757998 -0.00229996 0.00866276
v 0.00383896 -0.00229996 0.01002556
v -0.00755107 -0.00352454 0.00842088
v 0.00386781 -0.00352454 0.00978369
v -0.00746888 -0.00456274 0.00773209
v 0.00395000 -0.00456274 0.00909489
v -0.00734585 -0.00525641 0.00670123
v 0.00407302 -0.00525641 0.00806403
v -0.00720078 -0.00549996 0.00548530
v 0.00421816 -0.00549996 0.00684810
v -0.00364715 -0.00549996 -0.00618207
v -0.00518310 -0.00549996 -0.00565404
v -0.00486869 -0.00549996 -0.00561649
v -0.00517678 -0.00549996 -0.00303483
v -0.00567329 -0.00549996 -0.00309408
v -0.00224697 -0.00549996 0.00502002
v -0.00382841 -0.00549996 0.00394875
v -0.00494814 -0.00549996 0.00240117
v -0.00547099 -0.00549996 0.00056405
v -0.00039455 -0.00549996 0.00548577
v 0.00150549 -0.00549996 0.00528991
v 0.00533396 -0.00549996 0.00134110
v 0.00455356 -0.00549996 0.00308460
v 0.00322395 -0.00549996 0.00445598
v 0.00641066 -0.00549996 -0.00308442
v 0.00547099 -0.00549996 -0.00056405
v -0.00533396 -0.00549996 -0.00134110
v -0.00455356 -0.00549996 -0.00308460
v -0.00322395 -0.00549996 -0.00445598
v -0.00150549 -0.00549996 -0.00528991
v -0.00177133 -0.00549996 -0.00625396
v 0.00071103 -0.00549996 -0.00595766
v 0.00039455 -0.00549996 -0.00548577
v 0.00198364 -0.00549996 -0.00566256
v 0.00224697 -0.00549996 -0.00502002
v 0.00316220 -0.00549996 -0.00509900
v 0.00382841 -0.00549996 -0.00394875
v 0.00494814 -0.00549996 -0.00240117
v 0.00641066 0.00549996 -0.00308442
v 0.00641066 0.00559998 -0.00308442
v 0.01166063 0.00559998 0.00017139
v 0.01178324 0.00559998 0.01029133
v 0.01324957 0.00559998 0.00893450
v 0.01418924 0.00559998 0.00717151
v 0.01449793 0.00559998 0.00519770
v 0.01414149 0.00559998 0.00323194
v 0.01315945 0.00559998 0.00149220
v 0.01178324 -0.00559998 0.01029133
v 0.00422412 -0.00559998 0.01523679
v 0.00422412 -0.00548929 0.01523679
v 0.00410896 -0.00556171 0.01531213
v 0.00422412 0.00548929 0.01523679
v 0.00422412 0.00559998 0.01523679
v 0.00410896 0.00556171 0.01531213
v 0.01166063 -0.00559998 0.00017139
v 0.00641066 -0.00559998 -0.00308442
v 0.00641066 -0.00549996 -0.00308442
v 0.01324957 -0.00559998 0.00893450
v 0.01418924 -0.00559998 0.00717151
v 0.01449793 -0.00559998 0.00519770
v 0.01414149 -0.00559998 0.00323194
v 0.01315945 -0.00559998 0.00149220
v -0.00772840 0.00919998 0.03100258
v -0.00879806 0.00919998 0.03996527
v -0.00880915 0.00888562 0.04005831
v -0.00889212 0.00909996 0.04075336
v -0.00890398 0.00909996 0.04085266
v -0.00758326 -0.00895637 0.02978664
v -0.00871432 -0.00749999 0.03926396
v -0.00772840 -0.00919998 0.03100258
v -0.00873977 -0.00829995 0.03947681
v -0.00879806 -0.00919998 0.03996527
v -0.00880915 -0.00888562 0.04005831
v -0.00889212 -0.00909996 0.04075336
v -0.00890398 -0.00909996 0.04085266
v -0.00873977 0.00829995 0.03947681
v -0.00871432 0.00749999 0.03926396
v -0.00758326 0.00895637 0.02978664
v -0.00746024 -0.00826269 0.02875578
v -0.00737804 -0.00722456 0.02806699
v -0.00734913 -0.00599998 0.02782511
v -0.00734913 0.00599998 0.02782511
v -0.00737804 0.00722456 0.02806699
v -0.00746024 0.00826269 0.02875578
v -0.01196825 0.00888562 0.04965156
v -0.01147174 0.00888562 0.04971081
v -0.01203763 0.00829995 0.05023306
v -0.01154118 0.00829995 0.05029231
v -0.01203763 0.00829995 0.05023306
v -0.01154118 0.00829995 0.05029231
v -0.01206302 0.00749999 0.05044591
v -0.01156657 0.00749999 0.05050516
v -0.01206302 -0.00749999 0.05044591
v -0.01156657 -0.00749999 0.05050516
v -0.01203763 -0.00829995 0.05023306
v -0.01154118 -0.00829995 0.05029231
v -0.01203763 -0.00829995 0.05023306
v -0.01154118 -0.00829995 0.05029231
v -0.01196825 -0.00888562 0.04965156
v -0.01147174 -0.00888562 0.04971081
v -0.00548369 -0.00389999 -0.00468284
v -0.00498718 -0.00389999 -0.00462353
v -0.00548369 0.00389999 -0.00468284
v -0.00498718 0.00389999 -0.00462353
v -0.00628829 -0.00549996 -0.00216037
v -0.00621569 -0.00537819 -0.00276834
v -0.00615418 -0.00503135 -0.00328380
v -0.00612408 0.00469994 -0.00353628
v -0.00619346 0.00528562 -0.00295472
v -0.00609863 0.00389999 -0.00374913
v -0.00628829 0.00549996 -0.00216037
v -0.00609863 -0.00389999 -0.00374913
v -0.00611311 -0.00451225 -0.00362819
v -0.00746888 0.00456274 0.00773209
v -0.00755107 0.00352454 0.00842088
v -0.00734585 0.00525641 0.00670123
v -0.00757998 0.00229996 0.00866276
v -0.00720078 0.00549996 0.00548530
v -0.00757998 -0.00229996 0.00866276
v -0.00755107 -0.00352454 0.00842088
v -0.00746888 -0.00456274 0.00773209
v -0.00720078 -0.00549996 0.00548530
v -0.00734585 -0.00525641 0.00670123
v -0.00557846 -0.00528562 -0.00388843
v -0.00508201 -0.00528562 -0.00382918
v -0.00557846 -0.00528562 -0.00388843
v -0.00508201 -0.00528562 -0.00382918
v -0.00550908 -0.00469994 -0.00446999
v -0.00501257 -0.00469994 -0.00441068
v -0.00550908 0.00469994 -0.00446999
v -0.00501257 0.00469994 -0.00441068
v -0.00557846 0.00528562 -0.00388843
v -0.00508201 0.00528562 -0.00382918
v -0.00557846 0.00528562 -0.00388843
v -0.00508201 0.00528562 -0.00382918
v -0.01138633 0.00909996 0.04055643
v -0.01225143 0.00909996 0.04780495
v -0.01225143 -0.00909996 0.04780495
v -0.01238548 -0.00863135 0.04892838
v -0.01232397 -0.00897819 0.04841297
v -0.01242661 -0.00811225 0.04927277
v -0.01244103 -0.00749999 0.04939371
v -0.01244103 0.00749999 0.04939371
v -0.01241564 0.00829995 0.04918086
v -0.01234620 0.00888562 0.04859936
v -0.01129150 -0.00888562 0.03976207
v -0.01122212 -0.00829995 0.03918051
v -0.01138633 -0.00909996 0.04055643
v -0.01119673 -0.00749999 0.03896766
v -0.01122212 0.00829995 0.03918051
v -0.01129150 0.00888562 0.03976207
v -0.01119673 0.00749999 0.03896766
v 0.00752622 0.01139998 0.00243229
v 0.00752622 0.01359999 0.00243229
v 0.00639105 0.01139998 0.00313514
v 0.00639105 0.01359999 0.00313514
v 0.00567329 0.01139998 0.00426096
v 0.00567329 0.01359999 0.00426096
v 0.00551510 0.01139998 0.00558662
v 0.00551510 0.01359999 0.00558662
v 0.00594771 0.01139998 0.00684971
v 0.00594771 0.01359999 0.00684971
v 0.00688559 0.01139998 0.00779998
v 0.00688559 0.01359999 0.00779998
v 0.00820208 0.01139998 0.00775278
v 0.00820208 0.00559998 0.00775278
v 0.00700063 0.01139998 0.00727206
v 0.00700063 0.00559998 0.00727206
v 0.00620043 0.01139998 0.00625503
v 0.00620043 0.00559998 0.00625503
v 0.00620043 0.01139998 0.00625503
v 0.00620043 0.00559998 0.00625503
v 0.00601596 0.01139998 0.00497413
v 0.00601596 0.00559998 0.00497413
v 0.00649667 0.01139998 0.00377262
v 0.00649667 0.00559998 0.00377262
v 0.00649667 0.01139998 0.00377262
v 0.00649667 0.00559998 0.00377262
v 0.00751376 0.01139998 0.00297242
v 0.00751376 0.00559998 0.00297242
v 0.00688559 -0.01139998 0.00779998
v 0.00688559 -0.01359999 0.00779998
v 0.00594771 -0.01139998 0.00684971
v 0.00594771 -0.01359999 0.00684971
v 0.00551510 -0.01139998 0.00558662
v 0.00551510 -0.01359999 0.00558662
v 0.00567329 -0.01139998 0.00426096
v 0.00567329 -0.01359999 0.00426096
v 0.00639105 -0.01139998 0.00313514
v 0.00639105 -0.01359999 0.00313514
v 0.00752622 -0.01139998 0.00243229
v 0.00752622 -0.01359999 0.00243229
v 0.00820208 -0.00559998 0.00775278
v 0.00820208 -0.01139998 0.00775278
v 0.00700063 -0.00559998 0.00727206
v 0.00700063 -0.01139998 0.00727206
v 0.00620043 -0.00559998 0.00625503
v 0.00620043 -0.01139998 0.00625503
v 0.00620043 -0.00559998 0.00625503
v 0.00620043 -0.01139998 0.00625503
v 0.00601596 -0.00559998 0.00497413
v 0.00601596 -0.01139998 0.00497413
v 0.00649667 -0.00559998 0.00377262
v 0.00649667 -0.01139998 0.00377262
v 0.00649667 -0.00559998 0.00377262
v 0.00649667 -0.01139998 0.00377262
v 0.00751376 -0.00559998 0.00297242
v 0.00751376 -0.01139998 0.00297242
v -0.00644147 0.01330000 0.04482001
v -0.00653869 0.01359999 0.04453623
v -0.00738740 0.01330000 0.04540574
v -0.00759810 0.01359999 0.04519224
v -0.00798553 0.01330000 0.04634392
v -0.00826806 0.01359999 0.04624295
v -0.00811738 0.01330000 0.04744869
v -0.00841570 0.01359999 0.04748028
v -0.00775683 0.01330000 0.04850125
v -0.00801188 0.01359999 0.04865914
v -0.00697529 0.01330000 0.04929316
v -0.00713658 0.01359999 0.04954612
v -0.00097217 0.01139998 -0.00283807
v -0.00097217 0.01359999 -0.00283807
v -0.00210726 0.01139998 -0.00213522
v -0.00210726 0.01359999 -0.00213522
v -0.00282502 0.01139998 -0.00100940
v -0.00282502 0.01359999 -0.00100940
v -0.00298327 0.01139998 0.00031626
v -0.00298327 0.01359999 0.00031626
v -0.00255060 0.01139998 0.00157928
v -0.00255060 0.01359999 0.00157928
v -0.00161278 0.01139998 0.00252956
v -0.00161278 0.01359999 0.00252956
v -0.00161278 -0.01139998 0.00252956
v -0.00161278 -0.01359999 0.00252956
v -0.00255060 -0.01139998 0.00157928
v -0.00255060 -0.01359999 0.00157928
v -0.00298327 -0.01139998 0.00031626
v -0.00298327 -0.01359999 0.00031626
v -0.00282502 -0.01139998 -0.00100940
v -0.00282502 -0.01359999 -0.00100940
v -0.00210726 -0.01139998 -0.00213522
v -0.00210726 -0.01359999 -0.00213522
v -0.00097217 -0.01139998 -0.00283807
v -0.00097217 -0.01359999 -0.00283807
v -0.00697529 -0.01330000 0.04929316
v -0.00713658 -0.01359999 0.04954612
v -0.00775683 -0.01330000 0.04850125
v -0.00801188 -0.01359999 0.04865914
v -0.00811738 -0.01330000 0.04744869
v -0.00841570 -0.01359999 0.04748028
v -0.00798553 -0.01330000 0.04634392
v -0.00826806 -0.01359999 0.04624295
v -0.00738740 -0.01330000 0.04540574
v -0.00759810 -0.01359999 0.04519224
v -0.00644147 -0.01330000 0.04482001
v -0.00653869 -0.01359999 0.04453623
v -0.00229931 -0.01150000 0.00005624
v -0.00239927 -0.01139998 0.00005868
v -0.00210714 -0.01139998 -0.00114882
v -0.00201935 -0.01150000 -0.00110090
v -0.00125045 -0.01139998 -0.00204849
v -0.00119835 -0.01150000 -0.00196314
v -0.00005868 -0.01139998 -0.00239927
v -0.00005624 -0.01150000 -0.00229931
v 0.00114882 -0.01139998 -0.00210714
v 0.00110090 -0.01150000 -0.00201935
v 0.00204849 -0.01139998 -0.00125045
v 0.00196314 -0.01150000 -0.00119835
v 0.00239927 -0.01139998 -0.00005868
v 0.00229931 -0.01150000 -0.00005624
v 0.00210714 -0.01139998 0.00114882
v 0.00201935 -0.01150000 0.00110090
v 0.00125045 -0.01139998 0.00204849
v 0.00119835 -0.01150000 0.00196314
v 0.00005868 -0.01139998 0.00239927
v 0.00005624 -0.01150000 0.00229931
v -0.00114882 -0.01139998 0.00210714
v -0.00110090 -0.01150000 0.00201935
v -0.00204849 -0.01139998 0.00125045
v -0.00196314 -0.01150000 0.00119835
vt 0.56458333 0.34821429
vt 0.56458333 0.34821429
vt 0.56458333 0.34821429
vt 0.56458333 0.34821429
vt 0.56458333 0.34821429
vt 0.56458333 0.34821429
vt 0.56458333 0.34821429
vt 0.56458333 0.34821429
vt 0.56458333 0.34821429
vt 0.56458333 0.34821429
vt 0.56458333 0.34821429
vt 0.56458333 0.34821429
vt 0.56458333 0.34821429
vt 0.56458333 0.34821429
vt 0.56458333 0.34821429
vt 0.56458333 0.34821429
vt 0.56458333 0.34821429
vt 0.56458333 0.34821429
vt 0.56458333 0.34821429
vt 0.56458333 0.34821429
vt 0.56458333 0.34821429
vt 0.56458333 0.34821429
vt 0.56458333 0.34821429
vt 0.56458333 0.34821429
vt 0.56458333 0.34821429
vt 0.56458333 0.34821429
vt 0.56458333 0.34821429
vt 0.56458333 0.34821429
vt 0.56458333 0.34821429
vt 0.56458333 0.34821429
vt 0.56458333 0.34821429
vt 0.56458333 0.34821429
vt 0.56458333 0.34821429
vt 0.56458333 0.34821429
vt 0.56458333 0.34821429
vt 0.56458333 0.34821429
vt 0.56458333 0.34821429
vt 0.56458333 0.34821429
vt 0.56458333 0.34821429
vt 0.56458333 0.34821429
vt 0.56458333 0.34821429
vt 0.56458333 0.34821429
vt 0.56458333 0.34821429
vt 0.56458333 0.34821429
vt 0.56458333 0.34821429
vt 0.56458333 0.34821429
vt 0.56458333 0.34821429
vt 0.56458333 0.34821429
vt 0.56458333 0.34821429
vt 0.56458333 0.34821429
vt 0.56458333 0.34821429
vt 0.56458333 0.34821429
vt 0.56458333 0.34821429
vt 0.56458333 0.34821429
vt 0.56458333 0.34821429
vt 0.56458333 0.34821429
vt 0.56458333 0.34821429
vt 0.56458333 0.34821429
vt 0.56458333 0.34821429
vt 0.56458333 0.34821429
vt 0.56458333 0.34821429
vt 0.56458333 0.34821429
vt 0.56458333 0.34821429
vt 0.56458333 0.34821429
vt 0.56458333 0.34821429
vt 0.56458333 0.34821429
vt 0.56458333 0.34821429
vt 0.56458333 0.34821429
vt 0.56458333 0.34821429
vt 0.56458333 0.34821429
vt 0.56458333 0.34821429
vt 0.56458333 0.34821429
vt 0.56458333 0.34821429
vt 0.56458333 0.34821429
vt 0.56458333 0.34821429
vt 0.56458333 0.34821429
vt 0.56458333 0.34821429
vt 0.56458333 0.34821429
vt 0.56458333 0.34821429
vt 0.56458333 0.34821429
vt 0.56458333 0.34821429
vt 0.56458333 0.34821429
vt 0.56458333 0.34821429
vt 0.56458333 0.34821429
vt 0.56458333 0.34821429
vt 0.56458333 0.34821429
vt 0.56458333 0.34821429
vt 0.56458333 0.34821429
vt 0.56458333 0.34821429
vt 0.56458333 0.34821429
vt 0.56458333 0.34821429
vt 0.56458333 0.34821429
vt 0.56458333 0.34821429
vt 0.56458333 0.34821429
vt 0.56458333 0.34821429
vt 0.56458333 0.34821429
vt 0.56458333 0.34821429
vt 0.56458333 0.34821429
vt 0.56458333 0.34821429
vt 0.56458333 0.34821429
vt 0.56458333 0.34821429
vt 0.56458333 0.34821429
vt 0.56458333 0.34821429
vt 0.56458333 0.34821429
vt 0.56458333 0.34821429
vt 0.56458333 0.34821429
vt 0.56458333 0.34821429
vt 0.56458333 0.34821429
vt 0.56458333 0.34821429
vt 0.56458333 0.34821429
vt 0.56458333 0.34821429
vt 0.56458333 0.34821429
vt 0.56458333 0.34821429
vt 0.56458333 0.34821429
vt 0.56458333 0.34821429
vt 0.56458333 0.34821429
vt 0.56458333 0.34821429
vt 0.56458333 0.34821429
vt 0.56458333 0.34821429
vt 0.56458333 0.34821429
vt 0.56458333 0.34821429
vt 0.56458333 0.34821429
vt 0.56458333 0.34821429
vt 0.56458333 0.34821429
vt 0.56458333 0.34821429
vt 0.56458333 0.34821429
vt 0.56458333 0.34821429
vt 0.56458333 0.34821429
vt 0.56458333 0.34821429
vt 0.56458333 0.34821429
vt 0.56458333 0.34821429
vt 0.56458333 0.34821429
vt 0.56458333 0.34821429
vt 0.56458333 0.34821429
vt 0.56458333 0.34821429
vt 0.56458333 0.34821429
vt 0.56458333 0.34821429
vt 0.56458333 0.34821429
vt 0.56458333 0.34821429
vt 0.56458333 0.34821429
vt 0.56458333 0.34821429
vt 0.56458333 0.34821429
vt 0.56458333 0.34821429
vt 0.56458333 0.34821429
vt 0.56458333 0.34821429
vt 0.56458333 0.34821429
vt 0.56458333 0.34821429
vt 0.56458333 0.34821429
vt 0.56458333 0.34821429
vt 0.56458333 0.34821429
vt 0.56458333 0.34821429
vt 0.56458333 0.34821429
vt 0.56458333 0.34821429
vt 0.56458333 0.34821429
vt 0.56458333 0.34821429
vt 0.56458333 0.34821429
vt 0.56458333 0.34821429
vt 0.56458333 0.34821429
vt 0.56458333 0.34821429
vt 0.56458333 0.34821429
vt 0.56458333 0.34821429
vt 0.56458333 0.34821429
vt 0.56458333 0.34821429
vt 0.56458333 0.34821429
vt 0.56458333 0.34821429
vt 0.56458333 0.34821429
vt 0.56458333 0.34821429
vt 0.56458333 0.34821429
vt 0.56458333 0.34821429
vt 0.56458333 0.34821429
vt 0.56458333 0.34821429
vt 0.56458333 0.34821429
vt 0.56458333 0.34821429
vt 0.56458333 0.34821429
vt 0.56458333 0.34821429
vt 0.56458333 0.34821429
vt 0.56458333 0.34821429
vt 0.56458333 0.34821429
vt 0.56458333 0.34821429
vt 0.56458333 0.34821429
vt 0.56458333 0.34821429
vt 0.56458333 0.34821429
vt 0.56458333 0.34821429
vt 0.56458333 0.34821429
vt 0.56458333 0.34821429
vt 0.56458333 0.34821429
vt 0.56458333 0.34821429
vt 0.56458333 0.34821429
vt 0.56458333 0.34821429
vt 0.56458333 0.34821429
vt 0.56458333 0.34821429
vt 0.56458333 0.34821429
vt 0.56458333 0.34821429
vt 0.56458333 0.34821429
vt 0.56458333 0.34821429
vt 0.56458333 0.34821429
vt 0.56458333 0.34821429
vt 0.56458333 0.34821429
vt 0.56458333 0.34821429
vt 0.56458333 0.34821429
vt 0.56458333 0.34821429
vt 0.56458333 0.34821429
vt 0.56458333 0.34821429
vt 0.56458333 0.34821429
vt 0.56458333 0.34821429
vt 0.56458333 0.34821429
vt 0.56458333 0.34821429
vt 0.56458333 0.34821429
vt 0.56458333 0.34821429
vt 0.56458333 0.34821429
vt 0.56458333 0.34821429
vt 0.56458333 0.34821429
vt 0.56458333 0.34821429
vt 0.56458333 0.34821429
vt 0.56458333 0.34821429
vt 0.56458333 0.34821429
vt 0.56458333 0.34821429
vt 0.56458333 0.34821429
vt 0.56458333 0.34821429
vt 0.56458333 0.34821429
vt 0.56458333 0.34821429
vt 0.56458333 0.34821429
vt 0.56458333 0.34821429
vt 0.56458333 0.34821429
vt 0.56458333 0.34821429
vt 0.56458333 0.34821429
vt 0.56458333 0.34821429
vt 0.56458333 0.34821429
vt 0.56458333 0.34821429
vt 0.56458333 0.34821429
vt 0.56458333 0.34821429
vt 0.56458333 0.34821429
vt 0.56458333 0.34821429
vt 0.56458333 0.34821429
vt 0.56458333 0.34821429
vt 0.56458333 0.34821429
vt 0.56458333 0.34821429
vt 0.56458333 0.34821429
vt 0.56458333 0.34821429
vt 0.56458333 0.34821429
vt 0.56458333 0.34821429
vt 0.56458333 0.34821429
vt 0.56458333 0.34821429
vt 0.56458333 0.34821429
vt 0.56458333 0.34821429
vt 0.56458333 0.34821429
vt 0.56458333 0.34821429
vt 0.56458333 0.34821429
vt 0.56458333 0.34821429
vt 0.56458333 0.34821429
vt 0.56458333 0.34821429
vt 0.56458333 0.34821429
vt 0.56458333 0.34821429
vt 0.56458333 0.34821429
vt 0.56458333 0.34821429
vt 0.56458333 0.34821429
vt 0.56458333 0.34821429
vt 0.56458333 0.34821429
vt 0.56458333 0.34821429
vt 0.56458333 0.34821429
vt 0.56458333 0.34821429
vt 0.56458333 0.34821429
vt 0.56458333 0.34821429
vt 0.56458333 0.34821429
vt 0.56458333 0.34821429
vt 0.56458333 0.34821429
vt 0.56458333 0.34821429
vt 0.56458333 0.34821429
vt 0.56458333 0.34821429
vt 0.56458333 0.34821429
vt 0.56458333 0.34821429
vt 0.56458333 0.34821429
vt 0.56458333 0.34821429
vt 0.56458333 0.34821429
vt 0.56458333 0.34821429
vt 0.56458333 0.34821429
vt 0.56458333 0.34821429
vt 0.56458333 0.34821429
vt 0.56458333 0.34821429
vt 0.56458333 0.34821429
vt 0.56458333 0.34821429
vt 0.56458333 0.34821429
vt 0.56458333 0.34821429
vt 0.56458333 0.34821429
vt 0.56458333 0.34821429
vt 0.56458333 0.34821429
vt 0.56458333 0.34821429
vt 0.56458333 0.34821429
vt 0.56458333 0.34821429
vt 0.56458333 0.34821429
vt 0.56458333 0.34821429
vt 0.56458333 0.34821429
vt 0.56458333 0.34821429
vt 0.56458333 0.34821429
vt 0.56458333 0.34821429
vt 0.56458333 0.34821429
vt 0.56458333 0.34821429
vt 0.56458333 0.34821429
vt 0.56458333 0.34821429
vt 0.56458333 0.34821429
vt 0.56458333 0.34821429
vt 0.56458333 0.34821429
vt 0.56458333 0.34821429
vt 0.56458333 0.34821429
vt 0.56458333 0.34821429
vt 0.56458333 0.34821429
vt 0.56458333 0.34821429
vt 0.56458333 0.34821429
vt 0.56458333 0.34821429
vt 0.56458333 0.34821429
vt 0.56458333 0.34821429
vt 0.56458333 0.34821429
vt 0.56458333 0.34821429
vt 0.56458333 0.34821429
vt 0.56458333 0.34821429
vt 0.56458333 0.34821429
vt 0.56458333 0.34821429
vt 0.56458333 0.34821429
vt 0.56458333 0.34821429
vt 0.56458333 0.34821429
vt 0.56458333 0.34821429
vt 0.56458333 0.34821429
vt 0.56458333 0.34821429
vt 0.56458333 0.34821429
vt 0.56458333 0.34821429
vt 0.56458333 0.34821429
vt 0.56458333 0.34821429
vt 0.56458333 0.34821429
vt 0.56458333 0.34821429
vt 0.56458333 0.34821429
vt 0.56458333 0.34821429
vt 0.56458333 0.34821429
vt 0.56458333 0.34821429
vt 0.56458333 0.34821429
vt 0.56458333 0.34821429
vt 0.56458333 0.34821429
vt 0.56458333 0.34821429
vt 0.56458333 0.34821429
vt 0.56458333 0.34821429
vt 0.56458333 0.34821429
vt 0.56458333 0.34821429
vt 0.56458333 0.34821429
vt 0.56458333 0.34821429
vt 0.56458333 0.34821429
vt 0.56458333 0.34821429
vt 0.56458333 0.34821429
vt 0.56458333 0.34821429
vt 0.56458333 0.34821429
vt 0.56458333 0.34821429
vt 0.56458333 0.34821429
vt 0.56458333 0.34821429
vt 0.56458333 0.34821429
vt 0.56458333 0.34821429
vt 0.56458333 0.34821429
vt 0.56458333 0.34821429
vt 0.56458333 0.34821429
vt 0.56458333 0.34821429
vt 0.56458333 0.34821429
vt 0.56458333 0.34821429
vt 0.56458333 0.34821429
vt 0.56458333 0.34821429
vt 0.56458333 0.34821429
vt 0.56458333 0.34821429
vt 0.56458333 0.34821429
vt 0.56458333 0.34821429
vt 0.56458333 0.34821429
vt 0.56458333 0.34821429
vt 0.56458333 0.34821429
vt 0.56458333 0.34821429
vt 0.56458333 0.34821429
vt 0.56458333 0.34821429
vt 0.56458333 0.34821429
vt 0.56458333 0.34821429
vt 0.56458333 0.34821429
vt 0.56458333 0.34821429
vt 0.56458333 0.34821429
vt 0.56458333 0.34821429
vt 0.56458333 0.34821429
vt 0.56458333 0.34821429
vt 0.56458333 0.34821429
vt 0.56458333 0.34821429
vt 0.56458333 0.34821429
vt 0.56458333 0.34821429
vt 0.56458333 0.34821429
vt 0.56458333 0.34821429
vt 0.56458333 0.34821429
vt 0.56458333 0.34821429
vt 0.56458333 0.34821429
vt 0.56458333 0.34821429
vt 0.56458333 0.34821429
vt 0.56458333 0.34821429
vt 0.56458333 0.34821429
vt 0.56458333 0.34821429
vt 0.56458333 0.34821429
vt 0.56458333 0.34821429
vt 0.56458333 0.34821429
vt 0.56458333 0.34821429
vt 0.56458333 0.34821429
vt 0.56458333 0.34821429
vt 0.56458333 0.34821429
vt 0.56458333 0.34821429
vt 0.56458333 0.34821429
vt 0.56458333 0.34821429
vt 0.56458333 0.34821429
vt 0.56458333 0.34821429
vt 0.56458333 0.34821429
vt 0.56458333 0.34821429
vt 0.56458333 0.34821429
vt 0.56458333 0.34821429
vt 0.56458333 0.34821429
vt 0.56458333 0.34821429
vt 0.56458333 0.34821429
vt 0.56458333 0.34821429
vt 0.56458333 0.34821429
vt 0.56458333 0.34821429
vt 0.56458333 0.34821429
vt 0.56458333 0.34821429
vt 0.56458333 0.34821429
vt 0.56458333 0.34821429
vt 0.56458333 0.34821429
vt 0.56458333 0.34821429
vt 0.56458333 0.34821429
vt 0.56458333 0.34821429
vt 0.56458333 0.34821429
vt 0.56458333 0.34821429
vt 0.56458333 0.34821429
vt 0.56458333 0.34821429
vt 0.56458333 0.34821429
vt 0.56458333 0.34821429
vt 0.56458333 0.34821429
vt 0.56458333 0.34821429
vt 0.56458333 0.34821429
vt 0.56458333 0.34821429
vt 0.56458333 0.34821429
vt 0.56458333 0.34821429
vt 0.56458333 0.34821429
vt 0.56458333 0.34821429
vt 0.56458333 0.34821429
vt 0.56458333 0.34821429
vt 0.56458333 0.34821429
vt 0.56458333 0.34821429
vt 0.56458333 0.34821429
vt 0.56458333 0.34821429
vt 0.56458333 0.34821429
vt 0.56458333 0.34821429
vt 0.56458333 0.34821429
vt 0.56458333 0.34821429
vt 0.56458333 0.34821429
vt 0.56458333 0.34821429
vt 0.56458333 0.34821429
vt 0.56458333 0.34821429
vt 0.56458333 0.34821429
vt 0.56458333 0.34821429
vt 0.56458333 0.34821429
vt 0.56458333 0.34821429
vt 0.56458333 0.34821429
vt 0.56458333 0.34821429
vt 0.56458333 0.34821429
vt 0.56458333 0.34821429
vt 0.56458333 0.34821429
vt 0.56458333 0.34821429
vt 0.56458333 0.34821429
vt 0.56458333 0.34821429
vt 0.56458333 0.34821429
vt 0.56458333 0.34821429
vt 0.56458333 0.34821429
vt 0.56458333 0.34821429
vt 0.56458333 0.34821429
vt 0.56458333 0.34821429
vt 0.56458333 0.34821429
vt 0.56458333 0.34821429
vt 0.56458333 0.34821429
vt 0.56458333 0.34821429
vt 0.56458333 0.34821429
vt 0.56458333 0.34821429
vt 0.56458333 0.34821429
vt 0.56458333 0.34821429
vt 0.16458333 0.34821429
vt 0.16458333 0.34821429
vt 0.16458333 0.34821429
vt 0.16458333 0.34821429
vt 0.16458333 0.34821429
vt 0.16458333 0.34821429
vt 0.16458333 0.34821429
vt 0.16458333 0.34821429
vt 0.16458333 0.34821429
vt 0.16458333 0.34821429
vt 0.16458333 0.34821429
vt 0.16458333 0.34821429
vt 0.16458333 0.34821429
vt 0.16458333 0.34821429
vt 0.16458333 0.34821429
vt 0.16458333 0.34821429
vt 0.16458333 0.34821429
vt 0.16458333 0.34821429
vt 0.16458333 0.34821429
vt 0.16458333 0.34821429
vt 0.16458333 0.34821429
vt 0.16458333 0.34821429
vt 0.16458333 0.34821429
vt 0.16458333 0.34821429
vt 0.16458333 0.34821429
vt 0.16458333 0.34821429
vt 0.16458333 0.34821429
vt 0.16458333 0.34821429
vt 0.16458333 0.34821429
vt 0.16458333 0.34821429
vt 0.16458333 0.34821429
vt 0.16458333 0.34821429
vt 0.16458333 0.34821429
vt 0.16458333 0.34821429
vt 0.16458333 0.34821429
vt 0.16458333 0.34821429
vt 0.16458333 0.34821429
vt 0.16458333 0.34821429
vt 0.16458333 0.34821429
vt 0.16458333 0.34821429
vt 0.16458333 0.34821429
vt 0.16458333 0.34821429
vt 0.16458333 0.34821429
vt 0.16458333 0.34821429
vt 0.16458333 0.34821429
vt 0.16458333 0.34821429
vt 0.16458333 0.34821429
vt 0.16458333 0.34821429
vt 0.16458333 0.34821429
vt 0.16458333 0.34821429
vt 0.16458333 0.34821429
vt 0.16458333 0.34821429
vt 0.16458333 0.34821429
vt 0.16458333 0.34821429
vt 0.16458333 0.34821429
vt 0.16458333 0.34821429
vt 0.16458333 0.34821429
vt 0.16458333 0.34821429
vt 0.16458333 0.34821429
vt 0.16458333 0.34821429
vt 0.16458333 0.34821429
vt 0.16458333 0.34821429
vt 0.16458333 0.34821429
vt 0.16458333 0.34821429
vt 0.16458333 0.34821429
vt 0.16458333 0.34821429
vt 0.16458333 0.34821429
vt 0.16458333 0.34821429
vt 0.16458333 0.34821429
vt 0.16458333 0.34821429
vt 0.16458333 0.34821429
vt 0.16458333 0.34821429
vt 0.16458333 0.34821429
vt 0.16458333 0.34821429
vt 0.16458333 0.34821429
vt 0.16458333 0.34821429
vt 0.16458333 0.34821429
vt 0.16458333 0.34821429
vt 0.16458333 0.34821429
vt 0.16458333 0.34821429
vt 0.16458333 0.34821429
vt 0.16458333 0.34821429
vt 0.16458333 0.34821429
vt 0.16458333 0.34821429
vt 0.16458333 0.34821429
vt 0.16458333 0.34821429
vt 0.16458333 0.34821429
vt 0.16458333 0.34821429
vt 0.16458333 0.34821429
vt 0.16458333 0.34821429
vt 0.16458333 0.34821429
vt 0.16458333 0.34821429
vt 0.16458333 0.34821429
vt 0.16458333 0.34821429
vt 0.16458333 0.34821429
vt 0.16458333 0.34821429
vt 0.16458333 0.34821429
vt 0.16458333 0.34821429
vt 0.16458333 0.34821429
vt 0.16458333 0.34821429
vt 0.16458333 0.34821429
vt 0.16458333 0.34821429
vt 0.16458333 0.34821429
vt 0.16458333 0.34821429
vt 0.16458333 0.34821429
vt 0.16458333 0.34821429
vt 0.16458333 0.34821429
vt 0.16458333 0.34821429
vt 0.16458333 0.34821429
vt 0.16458333 0.34821429
vt 0.16458333 0.34821429
vt 0.16458333 0.34821429
vt 0.16458333 0.34821429
vt 0.16458333 0.34821429
vt 0.16458333 0.34821429
vt 0.16458333 0.34821429
vt 0.16458333 0.34821429
vt 0.16458333 0.34821429
vt 0.16458333 0.34821429
vt 0.16458333 0.34821429
vt 0.16458333 0.34821429
vt 0.16458333 0.34821429
vt 0.16458333 0.34821429
vt 0.16458333 0.34821429
vt 0.16458333 0.34821429
vt 0.16458333 0.34821429
vt 0.16458333 0.34821429
vt 0.16458333 0.34821429
vt 0.16458333 0.34821429
vt 0.16458333 0.34821429
vt 0.16458333 0.34821429
vt 0.16458333 0.34821429
vt 0.16458333 0.34821429
vt 0.16458333 0.34821429
vt 0.16458333 0.34821429
vt 0.16458333 0.34821429
vt 0.16458333 0.34821429
vt 0.16458333 0.34821429
vt 0.16458333 0.34821429
vt 0.16458333 0.34821429
vt 0.16458333 0.34821429
vt 0.16458333 0.34821429
vt 0.16458333 0.34821429
vt 0.16458333 0.34821429
vt 0.16458333 0.34821429
vt 0.16458333 0.34821429
vt 0.16458333 0.34821429
vt 0.16458333 0.34821429
vt 0.16458333 0.34821429
vt 0.16458333 0.34821429
vt 0.16458333 0.34821429
vt 0.16458333 0.34821429
vt 0.16458333 0.34821429
vt 0.16458333 0.34821429
vt 0.16458333 0.34821429
vt 0.16458333 0.34821429
vt 0.16458333 0.34821429
vt 0.16458333 0.34821429
vt 0.16458333 0.34821429
vt 0.16458333 0.34821429
vt 0.16458333 0.34821429
vt 0.16458333 0.34821429
vt 0.16458333 0.34821429
vt 0.16458333 0.34821429
vt 0.16458333 0.34821429
vt 0.16458333 0.34821429
vt 0.16458333 0.34821429
vt 0.16458333 0.34821429
vt 0.16458333 0.34821429
vt 0.16458333 0.34821429
vt 0.16458333 0.34821429
vt 0.16458333 0.34821429
vt 0.16458333 0.34821429
vt 0.16458333 0.34821429
vt 0.16458333 0.34821429
vt 0.16458333 0.34821429
vt 0.16458333 0.34821429
vt 0.16458333 0.34821429
vt 0.16458333 0.34821429
vt 0.16458333 0.34821429
vt 0.16458333 0.34821429
vt 0.16458333 0.34821429
vt 0.16458333 0.34821429
vt 0.16458333 0.34821429
vt 0.16458333 0.34821429
vt 0.16458333 0.34821429
vt 0.16458333 0.34821429
vt 0.16458333 0.34821429
vt 0.16458333 0.34821429
vt 0.16458333 0.34821429
vt 0.16458333 0.34821429
vt 0.16458333 0.34821429
vt 0.16458333 0.34821429
vt 0.16458333 0.34821429
vt 0.16458333 0.34821429
vt 0.16458333 0.34821429
vt 0.16458333 0.34821429
vt 0.16458333 0.34821429
vt 0.16458333 0.34821429
vt 0.16458333 0.34821429
vt 0.16458333 0.34821429
vt 0.16458333 0.34821429
vt 0.16458333 0.34821429
vt 0.16458333 0.34821429
vt 0.16458333 0.34821429
vt 0.16458333 0.34821429
vt 0.16458333 0.34821429
vt 0.16458333 0.34821429
vt 0.16458333 0.34821429
vt 0.16458333 0.34821429
vt 0.16458333 0.34821429
vt 0.16458333 0.34821429
vt 0.16458333 0.34821429
vt 0.16458333 0.34821429
vt 0.16458333 0.34821429
vt 0.16458333 0.34821429
vt 0.16458333 0.34821429
vt 0.16458333 0.34821429
vt 0.16458333 0.34821429
vt 0.16458333 0.34821429
vt 0.16458333 0.34821429
vt 0.16458333 0.34821429
vt 0.16458333 0.34821429
vt 0.16458333 0.34821429
vt 0.16458333 0.34821429
vt 0.16458333 0.34821429
vt 0.16458333 0.34821429
vt 0.16458333 0.34821429
vt 0.16458333 0.34821429
vt 0.16458333 0.34821429
vt 0.16458333 0.34821429
vt 0.16458333 0.34821429
vt 0.16458333 0.34821429
vt 0.16458333 0.34821429
vt 0.16458333 0.34821429
vt 0.16458333 0.34821429
vt 0.16458333 0.34821429
vt 0.16458333 0.34821429
vt 0.16458333 0.34821429
vt 0.16458333 0.34821429
vt 0.16458333 0.34821429
vt 0.16458333 0.34821429
vt 0.16458333 0.34821429
vt 0.16458333 0.34821429
vt 0.16458333 0.34821429
vt 0.16458333 0.34821429
vt 0.16458333 0.34821429
vt 0.16458333 0.34821429
vt 0.16458333 0.34821429
vt 0.16458333 0.34821429
vt 0.16458333 0.34821429
vt 0.16458333 0.34821429
vt 0.16458333 0.34821429
vt 0.16458333 0.34821429
vt 0.16458333 0.34821429
vt 0.16458333 0.34821429
vt 0.16458333 0.34821429
vt 0.16458333 0.34821429
vt 0.16458333 0.34821429
vt 0.16458333 0.34821429
vt 0.16458333 0.34821429
vt 0.16458333 0.34821429
vt 0.16458333 0.34821429
vt 0.16458333 0.34821429
vt 0.16458333 0.34821429
vt 0.16458333 0.34821429
vt 0.16458333 0.34821429
vt 0.16458333 0.34821429
vt 0.16458333 0.34821429
vt 0.16458333 0.34821429
vt 0.16458333 0.34821429
vt 0.16458333 0.34821429
vt 0.16458333 0.34821429
vt 0.16458333 0.34821429
vt 0.16458333 0.34821429
vt 0.16458333 0.34821429
vt 0.16458333 0.34821429
vt 0.16458333 0.34821429
vt 0.16458333 0.34821429
vt 0.16458333 0.34821429
vt 0.16458333 0.34821429
vt 0.16458333 0.34821429
vt 0.16458333 0.34821429
vt 0.16458333 0.34821429
vt 0.16458333 0.34821429
vt 0.16458333 0.34821429
vt 0.16458333 0.34821429
vt 0.16458333 0.34821429
vt 0.16458333 0.34821429
vt 0.16458333 0.34821429
vt 0.16458333 0.34821429
vt 0.16458333 0.34821429
vt 0.16458333 0.34821429
vt 0.16458333 0.34821429
vt 0.16458333 0.34821429
vt 0.16458333 0.34821429
vt 0.16458333 0.34821429
vt 0.16458333 0.34821429
vt 0.16458333 0.34821429
vt 0.16458333 0.34821429
vt 0.16458333 0.34821429
vt 0.16458333 0.34821429
vt 0.16458333 0.34821429
vt 0.16458333 0.34821429
vt 0.16458333 0.34821429
vt 0.16458333 0.34821429
vt 0.16458333 0.34821429
vt 0.16458333 0.34821429
vt 0.16458333 0.34821429
vt 0.16458333 0.34821429
vt 0.16458333 0.34821429
vt 0.16458333 0.34821429
vt 0.16458333 0.34821429
vt 0.16458333 0.34821429
vt 0.16458333 0.34821429
vt 0.16458333 0.34821429
vt 0.16458333 0.34821429
vt 0.16458333 0.34821429
vt 0.16458333 0.34821429
vt 0.16458333 0.34821429
vt 0.16458333 0.34821429
vt 0.16458333 0.34821429
vt 0.16458333 0.34821429
vt 0.16458333 0.34821429
vt 0.16458333 0.34821429
vt 0.16458333 0.34821429
vt 0.16458333 0.34821429
vt 0.16458333 0.34821429
vt 0.16458333 0.34821429
vt 0.16458333 0.34821429
vt 0.16458333 0.34821429
vt 0.16458333 0.34821429
vt 0.16458333 0.34821429
vt 0.16458333 0.34821429
vt 0.16458333 0.34821429
vt 0.16458333 0.34821429
vt 0.16458333 0.34821429
vt 0.16458333 0.34821429
vt 0.16458333 0.34821429
vt 0.16458333 0.34821429
vt 0.16458333 0.34821429
vt 0.16458333 0.34821429
vt 0.16458333 0.34821429
vt 0.16458333 0.34821429
vt 0.16458333 0.34821429
vt 0.16458333 0.34821429
vt 0.16458333 0.34821429
vt 0.16458333 0.34821429
vt 0.16458333 0.34821429
vt 0.16458333 0.34821429
vt 0.16458333 0.34821429
vt 0.16458333 0.34821429
vt 0.16458333 0.34821429
vt 0.16458333 0.34821429
vt 0.16458333 0.34821429
vt 0.16458333 0.34821429
vt 0.16458333 0.34821429
vt 0.16458333 0.34821429
vt 0.16458333 0.34821429
vt 0.16458333 0.34821429
vt 0.16458333 0.34821429
vt 0.16458333 0.34821429
vt 0.16458333 0.34821429
vt 0.16458333 0.34821429
vt 0.16458333 0.34821429
vt 0.16458333 0.34821429
vt 0.16458333 0.34821429
vt 0.16458333 0.34821429
vt 0.16458333 0.34821429
vt 0.16458333 0.34821429
vt 0.16458333 0.34821429
vt 0.16458333 0.34821429
vt 0.16458333 0.34821429
vt 0.16458333 0.34821429
vt 0.16458333 0.34821429
vt 0.16458333 0.34821429
vt 0.16458333 0.34821429
vt 0.16458333 0.34821429
vt 0.16458333 0.34821429
vt 0.16458333 0.34821429
vt 0.16458333 0.34821429
vt 0.16458333 0.34821429
vt 0.16458333 0.34821429
vt 0.16458333 0.34821429
vt 0.16458333 0.34821429
vt 0.16458333 0.34821429
vt 0.16458333 0.34821429
vt 0.16458333 0.34821429
vt 0.16458333 0.34821429
vt 0.16458333 0.34821429
vt 0.16458333 0.34821429
vt 0.16458333 0.34821429
vt 0.16458333 0.34821429
vt 0.16458333 0.34821429
vt 0.16458333 0.34821429
vt 0.16458333 0.34821429
vt 0.16458333 0.34821429
vt 0.16458333 0.34821429
vt 0.16458333 0.34821429
vt 0.16458333 0.34821429
vt 0.16458333 0.34821429
vt 0.16458333 0.34821429
vt 0.16458333 0.34821429
vt 0.16458333 0.34821429
vt 0.16458333 0.34821429
vt 0.16458333 0.34821429
vt 0.16458333 0.34821429
vt 0.16458333 0.34821429
vt 0.16458333 0.34821429
vt 0.16458333 0.34821429
vt 0.16458333 0.34821429
vt 0.16458333 0.34821429
vt 0.16458333 0.34821429
vt 0.16458333 0.34821429
vt 0.16458333 0.34821429
vt 0.16458333 0.34821429
vt 0.16458333 0.34821429
vt 0.16458333 0.34821429
vt 0.16458333 0.34821429
vt 0.16458333 0.34821429
vt 0.16458333 0.34821429
vt 0.16458333 0.34821429
vt 0.16458333 0.34821429
vt 0.16458333 0.34821429
vt 0.16458333 0.34821429
vt 0.16458333 0.34821429
vt 0.16458333 0.34821429
vt 0.16458333 0.34821429
vt 0.16458333 0.34821429
vt 0.16458333 0.34821429
vt 0.16458333 0.34821429
vt 0.16458333 0.34821429
vt 0.16458333 0.34821429
vt 0.16458333 0.34821429
vt 0.16458333 0.34821429
vt 0.16458333 0.34821429
vt 0.16458333 0.34821429
vt 0.16458333 0.34821429
vt 0.16458333 0.34821429
vt 0.16458333 0.34821429
vt 0.16458333 0.34821429
vt 0.16458333 0.34821429
vt 0.16458333 0.34821429
vt 0.16458333 0.34821429
vt 0.16458333 0.34821429
vt 0.16458333 0.34821429
vt 0.16458333 0.34821429
vt 0.16458333 0.34821429
vt 0.16458333 0.34821429
vt 0.16458333 0.34821429
vt 0.16458333 0.34821429
vt 0.16458333 0.34821429
vt 0.16458333 0.34821429
vt 0.16458333 0.34821429
vt 0.16458333 0.34821429
vt 0.16458333 0.34821429
vt 0.16458333 0.34821429
vt 0.16458333 0.34821429
vt 0.16458333 0.34821429
vt 0.16458333 0.34821429
vt 0.16458333 0.34821429
vt 0.16458333 0.34821429
vt 0.16458333 0.34821429
vt 0.16458333 0.34821429
vt 0.16458333 0.34821429
vt 0.16458333 0.34821429
vt 0.16458333 0.34821429
vt 0.16458333 0.34821429
vt 0.16458333 0.34821429
vt 0.16458333 0.34821429
vt 0.16458333 0.34821429
vt 0.16458333 0.34821429
vt 0.16458333 0.34821429
vt 0.16458333 0.34821429
vt 0.16458333 0.34821429
vt 0.16458333 0.34821429
vt 0.16458333 0.34821429
vt 0.16458333 0.34821429
vt 0.16458333 0.34821429
vt 0.16458333 0.34821429
vt 0.16458333 0.34821429
vt 0.16458333 0.34821429
vt 0.16458333 0.34821429
vt 0.16458333 0.34821429
vt 0.16458333 0.34821429
vt 0.16458333 0.34821429
vt 0.16458333 0.34821429
vt 0.16458333 0.34821429
vt 0.16458333 0.34821429
vt 0.16458333 0.34821429
vt 0.16458333 0.34821429
vt 0.16458333 0.34821429
vt 0.16458333 0.34821429
vt 0.16458333 0.34821429
vt 0.16458333 0.34821429
vt 0.16458333 0.34821429
vt 0.16458333 0.34821429
vt 0.16458333 0.34821429
vt 0.16458333 0.34821429
vt 0.16458333 0.34821429
vt 0.16458333 0.34821429
vt 0.16458333 0.34821429
vt 0.16458333 0.34821429
vt 0.16458333 0.34821429
vt 0.16458333 0.34821429
vt 0.16458333 0.34821429
vt 0.16458333 0.34821429
vt 0.16458333 0.34821429
vt 0.16458333 0.34821429
vt 0.16458333 0.34821429
vt 0.16458333 0.34821429
vt 0.16458333 0.34821429
vt 0.16458333 0.34821429
vt 0.16458333 0.34821429
vt 0.16458333 0.34821429
vt 0.16458333 0.34821429
vt 0.16458333 0.34821429
vt 0.16458333 0.34821429
vt 0.16458333 0.34821429
vt 0.16458333 0.34821429
vt 0.16458333 0.34821429
vt 0.16458333 0.34821429
vt 0.16458333 0.34821429
vt 0.16458333 0.34821429
vt 0.16458333 0.34821429
vt 0.16458333 0.34821429
vt 0.16458333 0.34821429
vt 0.16458333 0.34821429
vt 0.16458333 0.34821429
vt 0.16458333 0.34821429
vt 0.16458333 0.34821429
vt 0.16458333 0.34821429
vt 0.16458333 0.34821429
vt 0.16458333 0.34821429
vt 0.16458333 0.34821429
vt 0.16458333 0.34821429
vt 0.16458333 0.34821429
vt 0.16458333 0.34821429
vt 0.16458333 0.34821429
vt 0.16458333 0.34821429
vt 0.16458333 0.34821429
vt 0.16458333 0.34821429
vt 0.16458333 0.34821429
vt 0.16458333 0.34821429
vt 0.16458333 0.34821429
vt 0.16458333 0.34821429
vt 0.16458333 0.34821429
vt 0.16458333 0.34821429
vt 0.16458333 0.34821429
vt 0.16458333 0.34821429
vt 0.16458333 0.34821429
vt 0.16458333 0.34821429
vt 0.16458333 0.34821429
vt 0.16458333 0.34821429
vt 0.16458333 0.34821429
vt 0.16458333 0.34821429
vt 0.16458333 0.34821429
vt 0.16458333 0.34821429
vt 0.16458333 0.34821429
vt 0.16458333 0.34821429
vt 0.16458333 0.34821429
vt 0.16458333 0.34821429
vt 0.16458333 0.34821429
vt 0.16458333 0.34821429
vt 0.16458333 0.34821429
vt 0.16458333 0.34821429
vt 0.16458333 0.34821429
vt 0.16458333 0.34821429
vt 0.16458333 0.34821429
vt 0.16458333 0.34821429
vt 0.16458333 0.34821429
vt 0.16458333 0.34821429
vt 0.16458333 0.34821429
vt 0.16458333 0.34821429
vt 0.16458333 0.34821429
vt 0.16458333 0.34821429
vt 0.16458333 0.34821429
vt 0.16458333 0.34821429
vt 0.16458333 0.34821429
vt 0.16458333 0.34821429
vt 0.16458333 0.34821429
vt 0.16458333 0.34821429
vt 0.16458333 0.34821429
vt 0.16458333 0.34821429
vt 0.16458333 0.34821429
vt 0.16458333 0.34821429
vt 0.16458333 0.34821429
vt 0.16458333 0.34821429
vt 0.16458333 0.34821429
vt 0.16458333 0.34821429
vt 0.16458333 0.34821429
vt 0.16458333 0.34821429
vt 0.16458333 0.34821429
vt 0.16458333 0.34821429
vt 0.16458333 0.34821429
vt 0.16458333 0.34821429
vt 0.16458333 0.34821429
vt 0.16458333 0.34821429
vt 0.16458333 0.34821429
vt 0.16458333 0.34821429
vt 0.16458333 0.34821429
vt 0.16458333 0.34821429
vt 0.16458333 0.34821429
vt 0.16458333 0.34821429
vt 0.16458333 0.34821429
vt 0.16458333 0.34821429
vt 0.16458333 0.34821429
vt 0.16458333 0.34821429
vt 0.16458333 0.34821429
vt 0.16458333 0.34821429
vt 0.16458333 0.34821429
vt 0.16458333 0.34821429
vt 0.16458333 0.34821429
vt 0.16458333 0.34821429
vt 0.16458333 0.34821429
vt 0.16458333 0.34821429
vt 0.16458333 0.34821429
vt 0.16458333 0.34821429
vt 0.16458333 0.34821429
vt 0.16458333 0.34821429
vt 0.16458333 0.34821429
vt 0.16458333 0.34821429
vt 0.16458333 0.34821429
vt 0.16458333 0.34821429
vt 0.16458333 0.34821429
vt 0.16458333 0.34821429
vt 0.16458333 0.34821429
vt 0.16458333 0.34821429
vt 0.16458333 0.34821429
vt 0.16458333 0.34821429
vt 0.16458333 0.34821429
vt 0.16458333 0.34821429
vt 0.16458333 0.34821429
vt 0.16458333 0.34821429
vt 0.16458333 0.34821429
vt 0.16458333 0.34821429
vt 0.16458333 0.34821429
vt 0.16458333 0.34821429
vt 0.16458333 0.34821429
vt 0.16458333 0.34821429
vt 0.16458333 0.34821429
vt 0.16458333 0.34821429
vt 0.16458333 0.34821429
vt 0.16458333 0.34821429
vt 0.16458333 0.34821429
vt 0.16458333 0.34821429
vt 0.16458333 0.34821429
vt 0.16458333 0.34821429
vt 0.16458333 0.34821429
vt 0.16458333 0.34821429
vt 0.16458333 0.34821429
vt 0.16458333 0.34821429
vt 0.16458333 0.34821429
vt 0.16458333 0.34821429
vt 0.16458333 0.34821429
vt 0.16458333 0.34821429
vt 0.16458333 0.34821429
vt 0.16458333 0.34821429
vt 0.16458333 0.34821429
vt 0.16458333 0.34821429
vt 0.16458333 0.34821429
vt 0.16458333 0.34821429
vt 0.16458333 0.34821429
vt 0.16458333 0.34821429
vt 0.16458333 0.34821429
vt 0.16458333 0.34821429
vt 0.16458333 0.34821429
vt 0.16458333 0.34821429
vt 0.16458333 0.34821429
vt 0.16458333 0.34821429
vt 0.16458333 0.34821429
vt 0.16458333 0.34821429
vt 0.16458333 0.34821429
vt 0.16458333 0.34821429
vt 0.16458333 0.34821429
vt 0.16458333 0.34821429
vt 0.16458333 0.34821429
vt 0.16458333 0.34821429
vt 0.16458333 0.34821429
vt 0.16458333 0.34821429
vt 0.16458333 0.34821429
vt 0.16458333 0.34821429
vt 0.16458333 0.34821429
vt 0.16458333 0.34821429
vt 0.16458333 0.34821429
vt 0.16458333 0.34821429
vt 0.16458333 0.34821429
vt 0.16458333 0.34821429
vt 0.16458333 0.34821429
vt 0.16458333 0.34821429
vt 0.16458333 0.34821429
vt 0.16458333 0.34821429
vt 0.16458333 0.34821429
vt 0.16458333 0.34821429
vt 0.16458333 0.34821429
vt 0.16458333 0.34821429
vt 0.16458333 0.34821429
vt 0.16458333 0.34821429
vt 0.16458333 0.34821429
vt 0.16458333 0.34821429
vt 0.16458333 0.34821429
vt 0.16458333 0.34821429
vt 0.16458333 0.34821429
vt 0.16458333 0.34821429
vt 0.16458333 0.34821429
vt 0.16458333 0.34821429
vt 0.16458333 0.34821429
vt 0.16458333 0.34821429
vt 0.16458333 0.34821429
vt 0.16458333 0.34821429
vt 0.16458333 0.34821429
vt 0.16458333 0.34821429
vt 0.16458333 0.34821429
vt 0.16458333 0.34821429
vt 0.16458333 0.34821429
vt 0.16458333 0.34821429
vt 0.16458333 0.34821429
vt 0.16458333 0.34821429
vt 0.16458333 0.34821429
vt 0.16458333 0.34821429
vt 0.16458333 0.34821429
vt 0.16458333 0.34821429
vt 0.16458333 0.34821429
vt 0.16458333 0.34821429
vt 0.16458333 0.34821429
vt 0.16458333 0.34821429
vt 0.16458333 0.34821429
vt 0.16458333 0.34821429
vt 0.16458333 0.34821429
vt 0.16458333 0.34821429
vt 0.16458333 0.34821429
vt 0.16458333 0.34821429
vt 0.16458333 0.34821429
vt 0.16458333 0.34821429
vt 0.16458333 0.34821429
vt 0.16458333 0.34821429
vt 0.16458333 0.34821429
vt 0.16458333 0.34821429
vt 0.16458333 0.34821429
vt 0.16458333 0.34821429
vt 0.16458333 0.34821429
vt 0.16458333 0.34821429
vt 0.16458333 0.34821429
vt 0.16458333 0.34821429
vt 0.16458333 0.34821429
vt 0.16458333 0.34821429
vt 0.16458333 0.34821429
vt 0.16458333 0.34821429
vt 0.16458333 0.34821429
vt 0.16458333 0.34821429
vt 0.16458333 0.34821429
vt 0.16458333 0.34821429
vt 0.16458333 0.34821429
vt 0.16458333 0.34821429
vt 0.16458333 0.34821429
vt 0.16458333 0.34821429
vt 0.16458333 0.34821429
vt 0.16458333 0.34821429
vt 0.16458333 0.34821429
vt 0.16458333 0.34821429
vt 0.16458333 0.34821429
vt 0.16458333 0.34821429
vt 0.16458333 0.34821429
vt 0.16458333 0.34821429
vt 0.16458333 0.34821429
vt 0.16458333 0.34821429
vt 0.16458333 0.34821429
vt 0.16458333 0.34821429
vt 0.16458333 0.34821429
vt 0.16458333 0.34821429
vt 0.16458333 0.34821429
vt 0.16458333 0.34821429
vt 0.16458333 0.34821429
vt 0.16458333 0.34821429
vt 0.16458333 0.34821429
vt 0.16458333 0.34821429
vt 0.16458333 0.34821429
vt 0.16458333 0.34821429
vt 0.16458333 0.34821429
vt 0.16458333 0.34821429
vt 0.16458333 0.34821429
vt 0.16458333 0.34821429
vt 0.16458333 0.34821429
vt 0.16458333 0.34821429
vt 0.16458333 0.34821429
vt 0.16458333 0.34821429
vt 0.16458333 0.34821429
vt 0.16458333 0.34821429
vt 0.16458333 0.34821429
vt 0.16458333 0.34821429
vt 0.16458333 0.34821429
vt 0.16458333 0.34821429
vt 0.16458333 0.34821429
vt 0.16458333 0.34821429
vt 0.16458333 0.34821429
vt 0.16458333 0.34821429
vt 0.16458333 0.34821429
vt 0.16458333 0.34821429
vt 0.16458333 0.34821429
vt 0.16458333 0.34821429
vt 0.16458333 0.34821429
vt 0.16458333 0.34821429
vt 0.16458333 0.34821429
vt 0.16458333 0.34821429
vt 0.16458333 0.34821429
vt 0.16458333 0.34821429
vt 0.16458333 0.34821429
vt 0.16458333 0.34821429
vt 0.16458333 0.34821429
vt 0.16458333 0.34821429
vt 0.16458333 0.34821429
vt 0.16458333 0.34821429
vt 0.16458333 0.34821429
vt 0.16458333 0.34821429
vt 0.16458333 0.34821429
vt 0.16458333 0.34821429
vt 0.16458333 0.34821429
vt 0.16458333 0.34821429
vt 0.16458333 0.34821429
vt 0.16458333 0.34821429
vt 0.16458333 0.34821429
vt 0.16458333 0.34821429
vt 0.16458333 0.34821429
vt 0.16458333 0.34821429
vt 0.16458333 0.34821429
vt 0.16458333 0.34821429
vt 0.16458333 0.34821429
vt 0.16458333 0.34821429
vt 0.16458333 0.34821429
vt 0.16458333 0.34821429
vt 0.16458333 0.34821429
vt 0.16458333 0.34821429
vt 0.16458333 0.34821429
vt 0.16458333 0.34821429
vt 0.16458333 0.34821429
vt 0.16458333 0.34821429
vt 0.16458333 0.34821429
vt 0.16458333 0.34821429
vt 0.16458333 0.34821429
vt 0.16458333 0.34821429
vt 0.16458333 0.34821429
vt 0.16458333 0.34821429
vt 0.16458333 0.34821429
vt 0.16458333 0.34821429
vt 0.16458333 0.34821429
vt 0.16458333 0.34821429
vt 0.16458333 0.34821429
vt 0.16458333 0.34821429
vt 0.16458333 0.34821429
vt 0.16458333 0.34821429
vt 0.16458333 0.34821429
vt 0.16458333 0.34821429
vt 0.16458333 0.34821429
vt 0.16458333 0.34821429
vt 0.16458333 0.34821429
vt 0.16458333 0.34821429
vt 0.16458333 0.34821429
vt 0.16458333 0.34821429
vt 0.16458333 0.34821429
vt 0.16458333 0.34821429
vt 0.16458333 0.34821429
vt 0.16458333 0.34821429
vt 0.16458333 0.34821429
vt 0.16458333 0.34821429
vt 0.16458333 0.34821429
vt 0.16458333 0.34821429
vt 0.16458333 0.34821429
vt 0.16458333 0.34821429
vt 0.16458333 0.34821429
vt 0.16458333 0.34821429
vt 0.16458333 0.34821429
vt 0.16458333 0.34821429
vt 0.16458333 0.34821429
vt 0.16458333 0.34821429
vt 0.16458333 0.34821429
vt 0.16458333 0.34821429
vt 0.16458333 0.34821429
vt 0.16458333 0.34821429
vt 0.16458333 0.34821429
vt 0.16458333 0.34821429
vt 0.16458333 0.34821429
vt 0.16458333 0.34821429
vt 0.16458333 0.34821429
vt 0.16458333 0.34821429
vt 0.16458333 0.34821429
vt 0.16458333 0.34821429
vt 0.16458333 0.34821429
vt 0.16458333 0.34821429
vt 0.16458333 0.34821429
vt 0.16458333 0.34821429
vt 0.16458333 0.34821429
vt 0.16458333 0.34821429
vt 0.16458333 0.34821429
vt 0.16458333 0.34821429
vt 0.16458333 0.34821429
vt 0.16458333 0.34821429
vt 0.16458333 0.34821429
vt 0.16458333 0.34821429
vt 0.16458333 0.34821429
vt 0.16458333 0.34821429
vt 0.16458333 0.34821429
vt 0.16458333 0.34821429
vt 0.16458333 0.34821429
vt 0.16458333 0.34821429
vt 0.16458333 0.34821429
vt 0.16458333 0.34821429
vt 0.16458333 0.34821429
vt 0.16458333 0.34821429
vt 0.16458333 0.34821429
vt 0.16458333 0.34821429
vt 0.16458333 0.34821429
vt 0.16458333 0.34821429
vt 0.16458333 0.34821429
vt 0.16458333 0.34821429
vt 0.16458333 0.34821429
vt 0.16458333 0.34821429
vt 0.16458333 0.34821429
vt 0.16458333 0.34821429
vt 0.16458333 0.34821429
vt 0.16458333 0.34821429
vt 0.16458333 0.34821429
vt 0.16458333 0.34821429
vt 0.16458333 0.34821429
vt 0.16458333 0.34821429
vt 0.16458333 0.34821429
vt 0.16458333 0.34821429
vt 0.16458333 0.34821429
vt 0.16458333 0.34821429
vt 0.16458333 0.34821429
vt 0.16458333 0.34821429
vt 0.16458333 0.34821429
vt 0.16458333 0.34821429
vt 0.16458333 0.34821429
vt 0.16458333 0.34821429
vt 0.16458333 0.34821429
vt 0.16458333 0.34821429
vt 0.16458333 0.34821429
vt 0.16458333 0.34821429
vt 0.16458333 0.34821429
vt 0.16458333 0.34821429
vt 0.16458333 0.34821429
vt 0.16458333 0.34821429
vt 0.16458333 0.34821429
vt 0.16458333 0.34821429
vt 0.16458333 0.34821429
vt 0.16458333 0.34821429
vt 0.16458333 0.34821429
vt 0.16458333 0.34821429
vt 0.16458333 0.34821429
vt 0.16458333 0.34821429
vt 0.16458333 0.34821429
vt 0.16458333 0.34821429
vt 0.16458333 0.34821429
vt 0.16458333 0.34821429
vt 0.16458333 0.34821429
vt 0.16458333 0.34821429
vt 0.16458333 0.34821429
vt 0.16458333 0.34821429
vt 0.16458333 0.34821429
vt 0.16458333 0.34821429
vt 0.16458333 0.34821429
vt 0.16458333 0.34821429
vt 0.16458333 0.34821429
vt 0.16458333 0.34821429
vt 0.16458333 0.34821429
vt 0.16458333 0.34821429
vt 0.16458333 0.34821429
vt 0.16458333 0.34821429
vt 0.16458333 0.34821429
vt 0.16458333 0.34821429
vt 0.16458333 0.34821429
vt 0.16458333 0.34821429
vt 0.16458333 0.34821429
vt 0.16458333 0.34821429
vt 0.16458333 0.34821429
vt 0.16458333 0.34821429
vt 0.16458333 0.34821429
vt 0.16458333 0.34821429
vt 0.16458333 0.34821429
vt 0.16458333 0.34821429
vt 0.16458333 0.34821429
vt 0.16458333 0.34821429
vt 0.16458333 0.34821429
vt 0.16458333 0.34821429
vt 0.16458333 0.34821429
vt 0.16458333 0.34821429
vt 0.16458333 0.34821429
vt 0.16458333 0.34821429
vt 0.16458333 0.34821429
vt 0.16458333 0.34821429
vt 0.16458333 0.34821429
vt 0.16458333 0.34821429
vt 0.16458333 0.34821429
vt 0.16458333 0.34821429
vt 0.16458333 0.34821429
vt 0.16458333 0.34821429
vt 0.16458333 0.34821429
vt 0.16458333 0.34821429
vt 0.16458333 0.34821429
vt 0.16458333 0.34821429
vt 0.16458333 0.34821429
vt 0.16458333 0.34821429
vt 0.16458333 0.34821429
vt 0.16458333 0.34821429
vt 0.16458333 0.34821429
vt 0.16458333 0.34821429
vt 0.16458333 0.34821429
vt 0.16458333 0.34821429
vt 0.16458333 0.34821429
vt 0.16458333 0.34821429
vt 0.16458333 0.34821429
vt 0.16458333 0.34821429
vt 0.16458333 0.34821429
vt 0.16458333 0.34821429
vt 0.16458333 0.34821429
vt 0.16458333 0.34821429
vt 0.16458333 0.34821429
vt 0.16458333 0.34821429
vt 0.16458333 0.34821429
vt 0.16458333 0.34821429
vt 0.16458333 0.34821429
vt 0.16458333 0.34821429
vt 0.16458333 0.34821429
vt 0.16458333 0.34821429
vt 0.16458333 0.34821429
vt 0.16458333 0.34821429
vt 0.16458333 0.34821429
vt 0.16458333 0.34821429
vt 0.16458333 0.34821429
vt 0.16458333 0.34821429
vt 0.16458333 0.34821429
vt 0.16458333 0.34821429
vt 0.16458333 0.34821429
vt 0.16458333 0.34821429
vt 0.16458333 0.34821429
vt 0.16458333 0.34821429
vt 0.16458333 0.34821429
vt 0.16458333 0.34821429
vt 0.16458333 0.34821429
vt 0.16458333 0.34821429
vt 0.16458333 0.34821429
vt 0.16458333 0.34821429
vt 0.16458333 0.34821429
vt 0.16458333 0.34821429
vt 0.16458333 0.34821429
vt 0.16458333 0.34821429
vt 0.16458333 0.34821429
vt 0.16458333 0.34821429
vt 0.16458333 0.34821429
vt 0.16458333 0.34821429
vt 0.16458333 0.34821429
vt 0.16458333 0.34821429
vt 0.16458333 0.34821429
vt 0.16458333 0.34821429
vt 0.16458333 0.34821429
vt 0.16458333 0.34821429
vt 0.16458333 0.34821429
vt 0.16458333 0.34821429
vt 0.16458333 0.34821429
vt 0.16458333 0.34821429
vt 0.16458333 0.34821429
vt 0.16458333 0.34821429
vt 0.16458333 0.34821429
vt 0.16458333 0.34821429
vt 0.16458333 0.34821429
vt 0.16458333 0.34821429
vt 0.16458333 0.34821429
vt 0.16458333 0.34821429
vt 0.16458333 0.34821429
vt 0.16458333 0.34821429
vt 0.16458333 0.34821429
vt 0.16458333 0.34821429
vt 0.16458333 0.34821429
vt 0.16458333 0.34821429
vt 0.16458333 0.34821429
vt 0.16458333 0.34821429
vt 0.16458333 0.34821429
vt 0.16458333 0.34821429
vt 0.16458333 0.34821429
vt 0.16458333 0.34821429
vt 0.16458333 0.34821429
vt 0.16458333 0.34821429
vt 0.16458333 0.34821429
vt 0.16458333 0.34821429
vt 0.16458333 0.34821429
vt 0.16458333 0.34821429
vt 0.16458333 0.34821429
vt 0.16458333 0.34821429
vt 0.16458333 0.34821429
vt 0.16458333 0.34821429
vt 0.16458333 0.34821429
vt 0.16458333 0.34821429
vt 0.16458333 0.34821429
vt 0.16458333 0.34821429
vt 0.16458333 0.34821429
vt 0.16458333 0.34821429
vt 0.16458333 0.34821429
vt 0.16458333 0.34821429
vt 0.16458333 0.34821429
vt 0.16458333 0.34821429
vt 0.16458333 0.34821429
vt 0.16458333 0.34821429
vt 0.16458333 0.34821429
vt 0.16458333 0.34821429
vt 0.16458333 0.34821429
vt 0.16458333 0.34821429
vt 0.16458333 0.34821429
vt 0.16458333 0.34821429
vt 0.16458333 0.34821429
vt 0.16458333 0.34821429
vt 0.16458333 0.34821429
vt 0.16458333 0.34821429
vt 0.16458333 0.34821429
vt 0.16458333 0.34821429
vt 0.16458333 0.34821429
vt 0.16458333 0.34821429
vt 0.16458333 0.34821429
vt 0.16458333 0.34821429
vt 0.16458333 0.34821429
vt 0.16458333 0.34821429
vt 0.16458333 0.34821429
vt 0.16458333 0.34821429
vt 0.16458333 0.34821429
vt 0.16458333 0.34821429
vt 0.16458333 0.34821429
vt 0.16458333 0.34821429
vt 0.16458333 0.34821429
vt 0.16458333 0.34821429
vt 0.16458333 0.34821429
vt 0.16458333 0.34821429
vt 0.16458333 0.34821429
vt 0.16458333 0.34821429
vt 0.16458333 0.34821429
vt 0.16458333 0.34821429
vt 0.16458333 0.34821429
vt 0.16458333 0.34821429
vt 0.16458333 0.34821429
vt 0.16458333 0.34821429
vt 0.16458333 0.34821429
vt 0.16458333 0.34821429
vt 0.16458333 0.34821429
vt 0.16458333 0.34821429
vt 0.16458333 0.34821429
vt 0.16458333 0.34821429
vt 0.16458333 0.34821429
vt 0.16458333 0.34821429
vt 0.16458333 0.34821429
vt 0.16458333 0.34821429
vt 0.16458333 0.34821429
vt 0.16458333 0.34821429
vt 0.16458333 0.34821429
vt 0.16458333 0.34821429
vt 0.16458333 0.34821429
vt 0.16458333 0.34821429
vt 0.16458333 0.34821429
vt 0.16458333 0.34821429
vt 0.16458333 0.34821429
vt 0.16458333 0.34821429
vt 0.16458333 0.34821429
vt 0.16458333 0.34821429
vt 0.16458333 0.34821429
vt 0.16458333 0.34821429
vt 0.16458333 0.34821429
vt 0.16458333 0.34821429
vt 0.16458333 0.34821429
vt 0.16458333 0.34821429
vt 0.16458333 0.34821429
vt 0.16458333 0.34821429
vt 0.16458333 0.34821429
vt 0.16458333 0.34821429
vt 0.16458333 0.34821429
vt 0.16458333 0.34821429
vt 0.16458333 0.34821429
vt 0.16458333 0.34821429
vt 0.16458333 0.34821429
vt 0.16458333 0.34821429
vt 0.16458333 0.34821429
vt 0.16458333 0.34821429
vt 0.16458333 0.34821429
vt 0.16458333 0.34821429
vt 0.16458333 0.34821429
vt 0.16458333 0.34821429
vt 0.16458333 0.34821429
vt 0.16458333 0.34821429
vt 0.16458333 0.34821429
vt 0.16458333 0.34821429
vt 0.16458333 0.34821429
vt 0.16458333 0.34821429
vt 0.16458333 0.34821429
vt 0.16458333 0.34821429
vt 0.16458333 0.34821429
vt 0.16458333 0.34821429
vt 0.16458333 0.34821429
vt 0.16458333 0.34821429
vt 0.16458333 0.34821429
vt 0.16458333 0.34821429
vt 0.16458333 0.34821429
vt 0.16458333 0.34821429
vt 0.16458333 0.34821429
vt 0.16458333 0.34821429
vt 0.16458333 0.34821429
vt 0.16458333 0.34821429
vt 0.16458333 0.34821429
vt 0.16458333 0.34821429
vt 0.16458333 0.34821429
vt 0.16458333 0.34821429
vt 0.16458333 0.34821429
vt 0.16458333 0.34821429
vt 0.16458333 0.34821429
vt 0.16458333 0.34821429
vt 0.16458333 0.34821429
vt 0.16458333 0.34821429
vt 0.16458333 0.34821429
vt 0.16458333 0.34821429
vt 0.16458333 0.34821429
vt 0.16458333 0.34821429
vt 0.16458333 0.34821429
vt 0.16458333 0.34821429
vt 0.16458333 0.34821429
vt 0.16458333 0.34821429
vt 0.16458333 0.34821429
vt 0.16458333 0.34821429
vt 0.16458333 0.34821429
vt 0.16458333 0.34821429
vt 0.16458333 0.34821429
vt 0.16458333 0.34821429
vt 0.16458333 0.34821429
vt 0.16458333 0.34821429
vt 0.16458333 0.34821429
vt 0.16458333 0.34821429
vt 0.16458333 0.34821429
vt 0.16458333 0.34821429
vt 0.16458333 0.34821429
vt 0.16458333 0.34821429
vt 0.16458333 0.34821429
vt 0.16458333 0.34821429
vt 0.16458333 0.34821429
vt 0.16458333 0.34821429
vt 0.16458333 0.34821429
vt 0.16458333 0.34821429
vt 0.16458333 0.34821429
vt 0.16458333 0.34821429
vt 0.16458333 0.34821429
vt 0.16458333 0.34821429
vt 0.16458333 0.34821429
vt 0.16458333 0.34821429
vt 0.16458333 0.34821429
vt 0.16458333 0.34821429
vt 0.16458333 0.34821429
vt 0.16458333 0.34821429
vt 0.16458333 0.34821429
vt 0.16458333 0.34821429
vt 0.16458333 0.34821429
vt 0.16458333 0.34821429
vt 0.16458333 0.34821429
vt 0.16458333 0.34821429
vt 0.16458333 0.34821429
vt 0.16458333 0.34821429
vt 0.16458333 0.34821429
vt 0.16458333 0.34821429
vt 0.16458333 0.34821429
vt 0.16458333 0.34821429
vt 0.16458333 0.34821429
vt 0.16458333 0.34821429
vt 0.16458333 0.34821429
vt 0.16458333 0.34821429
vt 0.16458333 0.34821429
vt 0.16458333 0.34821429
vt 0.16458333 0.34821429
vt 0.16458333 0.34821429
vt 0.16458333 0.34821429
vt 0.16458333 0.34821429
vt 0.16458333 0.34821429
vt 0.16458333 0.34821429
vt 0.16458333 0.34821429
vt 0.16458333 0.34821429
vt 0.16458333 0.34821429
vt 0.16458333 0.34821429
vt 0.16458333 0.34821429
vt 0.16458333 0.34821429
vt 0.16458333 0.34821429
vt 0.16458333 0.34821429
vt 0.16458333 0.34821429
vt 0.16458333 0.34821429
vt 0.16458333 0.34821429
vt 0.16458333 0.34821429
vt 0.16458333 0.34821429
vt 0.16458333 0.34821429
vt 0.16458333 0.34821429
vt 0.16458333 0.34821429
vt 0.16458333 0.34821429
vt 0.16458333 0.34821429
vt 0.16458333 0.34821429
vt 0.16458333 0.34821429
vt 0.16458333 0.34821429
vt 0.16458333 0.34821429
vt 0.16458333 0.34821429
vt 0.16458333 0.34821429
vt 0.16458333 0.34821429
vt 0.16458333 0.34821429
vt 0.16458333 0.34821429
vt 0.16458333 0.34821429
vt 0.16458333 0.34821429
vt 0.16458333 0.34821429
vt 0.16458333 0.34821429
vt 0.16458333 0.34821429
vt 0.16458333 0.34821429
vt 0.16458333 0.34821429
vt 0.16458333 0.34821429
vt 0.16458333 0.34821429
vt 0.16458333 0.34821429
vt 0.16458333 0.34821429
vt 0.16458333 0.34821429
vt 0.16458333 0.34821429
vt 0.16458333 0.34821429
vt 0.16458333 0.34821429
vt 0.16458333 0.34821429
vt 0.16458333 0.34821429
vt 0.16458333 0.34821429
vt 0.16458333 0.34821429
vt 0.16458333 0.34821429
vt 0.16458333 0.34821429
vt 0.16458333 0.34821429
vt 0.16458333 0.34821429
vt 0.16458333 0.34821429
vt 0.16458333 0.34821429
vt 0.16458333 0.34821429
vt 0.16458333 0.34821429
vt 0.16458333 0.34821429
vt 0.16458333 0.34821429
vt 0.16458333 0.34821429
vt 0.16458333 0.34821429
vt 0.16458333 0.34821429
vt 0.16458333 0.34821429
vt 0.16458333 0.34821429
vt 0.16458333 0.34821429
vt 0.16458333 0.34821429
vt 0.16458333 0.34821429
vt 0.16458333 0.34821429
vt 0.16458333 0.34821429
vt 0.16458333 0.34821429
vt 0.16458333 0.34821429
vt 0.16458333 0.34821429
vt 0.16458333 0.34821429
vt 0.16458333 0.34821429
vt 0.16458333 0.34821429
vt 0.16458333 0.34821429
vt 0.16458333 0.34821429
vt 0.16458333 0.34821429
vt 0.16458333 0.34821429
vt 0.16458333 0.34821429
vt 0.16458333 0.34821429
vt 0.16458333 0.34821429
vt 0.16458333 0.34821429
vt 0.16458333 0.34821429
vt 0.16458333 0.34821429
vt 0.16458333 0.34821429
vt 0.16458333 0.34821429
vt 0.16458333 0.34821429
vt 0.16458333 0.34821429
vt 0.16458333 0.34821429
vt 0.16458333 0.34821429
vt 0.16458333 0.34821429
vt 0.16458333 0.34821429
vt 0.16458333 0.34821429
vt 0.16458333 0.34821429
vt 0.16458333 0.34821429
vt 0.16458333 0.34821429
vt 0.16458333 0.34821429
vt 0.16458333 0.34821429
vt 0.16458333 0.34821429
vt 0.16458333 0.34821429
vt 0.16458333 0.34821429
vt 0.16458333 0.34821429
vt 0.16458333 0.34821429
vt 0.16458333 0.34821429
vt 0.16458333 0.34821429
vt 0.16458333 0.34821429
vt 0.16458333 0.34821429
vt 0.16458333 0.34821429
vt 0.16458333 0.34821429
vt 0.16458333 0.34821429
vt 0.16458333 0.34821429
vt 0.16458333 0.34821429
vt 0.16458333 0.34821429
vt 0.16458333 0.34821429
vt 0.16458333 0.34821429
vt 0.16458333 0.34821429
vt 0.16458333 0.34821429
vt 0.16458333 0.34821429
vt 0.16458333 0.34821429
vt 0.16458333 0.34821429
vt 0.16458333 0.34821429
vt 0.16458333 0.34821429
vt 0.16458333 0.34821429
vt 0.16458333 0.34821429
vt 0.16458333 0.34821429
vt 0.16458333 0.34821429
vt 0.16458333 0.34821429
vt 0.16458333 0.34821429
vt 0.16458333 0.34821429
vt 0.16458333 0.34821429
vt 0.16458333 0.34821429
vt 0.16458333 0.34821429
vt 0.16458333 0.34821429
vt 0.16458333 0.34821429
vt 0.16458333 0.34821429
vt 0.16458333 0.34821429
vt 0.16458333 0.34821429
vt 0.16458333 0.34821429
vt 0.16458333 0.34821429
vt 0.16458333 0.34821429
vt 0.16458333 0.34821429
vt 0.16458333 0.34821429
vt 0.16458333 0.34821429
vt 0.16458333 0.34821429
vt 0.16458333 0.34821429
vt 0.16458333 0.34821429
vt 0.16458333 0.34821429
vt 0.16458333 0.34821429
vt 0.16458333 0.34821429
vt 0.16458333 0.34821429
vt 0.16458333 0.34821429
vt 0.16458333 0.34821429
vt 0.16458333 0.34821429
vt 0.16458333 0.34821429
vt 0.16458333 0.34821429
vt 0.16458333 0.34821429
vt 0.16458333 0.34821429
vt 0.16458333 0.34821429
vt 0.16458333 0.34821429
vt 0.16458333 0.34821429
vt 0.16458333 0.34821429
vt 0.16458333 0.34821429
vt 0.16458333 0.34821429
vt 0.16458333 0.34821429
vt 0.16458333 0.34821429
vt 0.16458333 0.34821429
vt 0.16458333 0.34821429
vt 0.16458333 0.34821429
vt 0.16458333 0.34821429
vt 0.16458333 0.34821429
vt 0.16458333 0.34821429
vt 0.16458333 0.34821429
vt 0.16458333 0.34821429
vt 0.16458333 0.34821429
vt 0.16458333 0.34821429
vt 0.16458333 0.34821429
vt 0.16458333 0.34821429
vt 0.16458333 0.34821429
vt 0.16458333 0.34821429
vt 0.16458333 0.34821429
vt 0.16458333 0.34821429
vt 0.16458333 0.34821429
vt 0.16458333 0.34821429
vt 0.16458333 0.34821429
vt 0.16458333 0.34821429
vt 0.16458333 0.34821429
vt 0.16458333 0.34821429
vt 0.16458333 0.34821429
vt 0.16458333 0.34821429
vt 0.16458333 0.34821429
vt 0.16458333 0.34821429
vt 0.16458333 0.34821429
vt 0.16458333 0.34821429
vt 0.16458333 0.34821429
vt 0.16458333 0.34821429
vt 0.16458333 0.34821429
vt 0.16458333 0.34821429
vt 0.16458333 0.34821429
vt 0.16458333 0.34821429
vt 0.16458333 0.34821429
vt 0.16458333 0.34821429
vt 0.16458333 0.34821429
vt 0.16458333 0.34821429
vt 0.16458333 0.34821429
vt 0.16458333 0.34821429
vt 0.16458333 0.34821429
vt 0.16458333 0.34821429
vt 0.16458333 0.34821429
vt 0.16458333 0.34821429
vt 0.16458333 0.34821429
vt 0.16458333 0.34821429
vt 0.16458333 0.34821429
vt 0.16458333 0.34821429
vt 0.16458333 0.34821429
vt 0.16458333 0.34821429
vt 0.16458333 0.34821429
vt 0.16458333 0.34821429
vt 0.16458333 0.34821429
vt 0.16458333 0.34821429
vt 0.16458333 0.34821429
vt 0.16458333 0.34821429
vt 0.16458333 0.34821429
vt 0.16458333 0.34821429
vt 0.16458333 0.34821429
vt 0.16458333 0.34821429
vt 0.16458333 0.34821429
vt 0.16458333 0.34821429
vt 0.16458333 0.34821429
vt 0.16458333 0.34821429
vt 0.16458333 0.34821429
vt 0.16458333 0.34821429
vt 0.16458333 0.34821429
vt 0.16458333 0.34821429
vt 0.16458333 0.34821429
vt 0.16458333 0.34821429
vt 0.16458333 0.34821429
vt 0.16458333 0.34821429
vt 0.16458333 0.34821429
vt 0.16458333 0.34821429
vt 0.16458333 0.34821429
vt 0.16458333 0.34821429
vt 0.16458333 0.34821429
vt 0.16458333 0.34821429
vt 0.16458333 0.34821429
vt 0.16458333 0.34821429
vt 0.16458333 0.34821429
vt 0.16458333 0.34821429
vt 0.16458333 0.34821429
vt 0.16458333 0.34821429
vt 0.16458333 0.34821429
vt 0.16458333 0.34821429
vt 0.16458333 0.34821429
vt 0.16458333 0.34821429
vt 0.16458333 0.34821429
vt 0.16458333 0.34821429
vt 0.16458333 0.34821429
vt 0.16458333 0.34821429
vt 0.16458333 0.34821429
vt 0.16458333 0.34821429
vt 0.16458333 0.34821429
vt 0.16458333 0.34821429
vt 0.16458333 0.34821429
vt 0.16458333 0.34821429
vt 0.16458333 0.34821429
vt 0.16458333 0.34821429
vt 0.16458333 0.34821429
vt 0.16458333 0.34821429
vt 0.16458333 0.34821429
vt 0.16458333 0.34821429
vt 0.16458333 0.34821429
vt 0.16458333 0.34821429
vt 0.16458333 0.34821429
vt 0.16458333 0.34821429
vt 0.16458333 0.34821429
vt 0.16458333 0.34821429
vt 0.16458333 0.34821429
vt 0.16458333 0.34821429
vt 0.16458333 0.34821429
vt 0.16458333 0.34821429
vt 0.16458333 0.34821429
vt 0.16458333 0.34821429
vt 0.16458333 0.34821429
vt 0.16458333 0.34821429
vt 0.16458333 0.34821429
vt 0.16458333 0.34821429
vt 0.16458333 0.34821429
vt 0.16458333 0.34821429
vt 0.16458333 0.34821429
vt 0.16458333 0.34821429
vt 0.16458333 0.34821429
vt 0.16458333 0.34821429
vt 0.16458333 0.34821429
vt 0.16458333 0.34821429
vt 0.16458333 0.34821429
vt 0.16458333 0.34821429
vt 0.16458333 0.34821429
vt 0.16458333 0.34821429
vt 0.16458333 0.34821429
vt 0.16458333 0.34821429
vt 0.16458333 0.34821429
vt 0.16458333 0.34821429
vt 0.16458333 0.34821429
vt 0.16458333 0.34821429
vt 0.16458333 0.34821429
vt 0.16458333 0.34821429
vt 0.16458333 0.34821429
vt 0.16458333 0.34821429
vt 0.16458333 0.34821429
vt 0.16458333 0.34821429
vt 0.16458333 0.34821429
vt 0.16458333 0.34821429
vt 0.16458333 0.34821429
vt 0.16458333 0.34821429
vt 0.16458333 0.34821429
vt 0.16458333 0.34821429
vt 0.16458333 0.34821429
vt 0.16458333 0.34821429
vt 0.16458333 0.34821429
vt 0.16458333 0.34821429
vt 0.16458333 0.34821429
vt 0.16458333 0.34821429
vt 0.16458333 0.34821429
vt 0.16458333 0.34821429
vt 0.16458333 0.34821429
vt 0.16458333 0.34821429
vt 0.16458333 0.34821429
vt 0.16458333 0.34821429
vt 0.16458333 0.34821429
vt 0.16458333 0.34821429
vt 0.16458333 0.34821429
vt 0.16458333 0.34821429
vt 0.16458333 0.34821429
vt 0.16458333 0.34821429
vt 0.16458333 0.34821429
vt 0.16458333 0.34821429
vt 0.16458333 0.34821429
vt 0.16458333 0.34821429
vt 0.16458333 0.34821429
vt 0.16458333 0.34821429
vt 0.16458333 0.34821429
vt 0.16458333 0.34821429
vt 0.16458333 0.34821429
vt 0.16458333 0.34821429
vt 0.16458333 0.34821429
vt 0.16458333 0.34821429
vt 0.16458333 0.34821429
vt 0.16458333 0.34821429
vt 0.16458333 0.34821429
vt 0.16458333 0.34821429
vt 0.16458333 0.34821429
vt 0.16458333 0.34821429
vt 0.16458333 0.34821429
vt 0.16458333 0.34821429
vt 0.16458333 0.34821429
vt 0.16458333 0.34821429
vt 0.16458333 0.34821429
vt 0.16458333 0.34821429
vt 0.16458333 0.34821429
vt 0.16458333 0.34821429
vt 0.16458333 0.34821429
vt 0.16458333 0.34821429
vt 0.16458333 0.34821429
vt 0.16458333 0.34821429
vt 0.16458333 0.34821429
vt 0.16458333 0.34821429
vt 0.16458333 0.34821429
vt 0.16458333 0.34821429
vt 0.16458333 0.34821429
vt 0.16458333 0.34821429
vt 0.16458333 0.34821429
vt 0.16458333 0.34821429
vt 0.16458333 0.34821429
vt 0.16458333 0.34821429
vt 0.16458333 0.34821429
vt 0.16458333 0.34821429
vt 0.16458333 0.34821429
vt 0.16458333 0.34821429
vt 0.16458333 0.34821429
vt 0.16458333 0.34821429
vt 0.16458333 0.34821429
vt 0.16458333 0.34821429
vt 0.16458333 0.34821429
vt 0.16458333 0.34821429
vt 0.16458333 0.34821429
vt 0.16458333 0.34821429
vt 0.16458333 0.34821429
vt 0.16458333 0.34821429
vt 0.16458333 0.34821429
vt 0.16458333 0.34821429
vt 0.16458333 0.34821429
vt 0.16458333 0.34821429
vt 0.16458333 0.34821429
vt 0.16458333 0.34821429
vt 0.16458333 0.34821429
vt 0.16458333 0.34821429
vt 0.16458333 0.34821429
vt 0.16458333 0.34821429
vt 0.16458333 0.34821429
vt 0.16458333 0.34821429
vt 0.16458333 0.34821429
vt 0.16458333 0.34821429
vt 0.16458333 0.34821429
vt 0.16458333 0.34821429
vt 0.16458333 0.34821429
vt 0.16458333 0.34821429
vt 0.16458333 0.34821429
vt 0.16458333 0.34821429
vt 0.16458333 0.34821429
vt 0.16458333 0.34821429
vt 0.16458333 0.34821429
vt 0.16458333 0.34821429
vt 0.16458333 0.34821429
vt 0.16458333 0.34821429
vt 0.16458333 0.34821429
vt 0.16458333 0.34821429
vt 0.16458333 0.34821429
vt 0.16458333 0.34821429
vt 0.16458333 0.34821429
vt 0.16458333 0.34821429
vt 0.16458333 0.34821429
vt 0.16458333 0.34821429
vt 0.16458333 0.34821429
vt 0.16458333 0.34821429
vt 0.16458333 0.34821429
vt 0.16458333 0.34821429
vt 0.16458333 0.34821429
vt 0.16458333 0.34821429
vt 0.16458333 0.34821429
vt 0.16458333 0.34821429
vt 0.16458333 0.34821429
vt 0.16458333 0.34821429
vt 0.16458333 0.34821429
vt 0.16458333 0.34821429
vt 0.16458333 0.34821429
vt 0.16458333 0.34821429
vt 0.16458333 0.34821429
vt 0.16458333 0.34821429
vt 0.16458333 0.34821429
vt 0.16458333 0.34821429
vt 0.16458333 0.34821429
vt 0.16458333 0.34821429
vt 0.16458333 0.34821429
vt 0.16458333 0.34821429
vt 0.16458333 0.34821429
vt 0.16458333 0.34821429
vt 0.16458333 0.34821429
vt 0.16458333 0.34821429
vt 0.16458333 0.34821429
vt 0.16458333 0.34821429
vt 0.16458333 0.34821429
vt 0.16458333 0.34821429
vt 0.16458333 0.34821429
vt 0.16458333 0.34821429
vt 0.16458333 0.34821429
vt 0.16458333 0.34821429
vt 0.16458333 0.34821429
vt 0.16458333 0.34821429
vt 0.16458333 0.34821429
vt 0.16458333 0.34821429
vt 0.16458333 0.34821429
vt 0.16458333 0.34821429
vt 0.16458333 0.34821429
vt 0.16458333 0.34821429
vt 0.16458333 0.34821429
vt 0.16458333 0.34821429
vt 0.16458333 0.34821429
vt 0.16458333 0.34821429
vt 0.16458333 0.34821429
vt 0.16458333 0.34821429
vt 0.16458333 0.34821429
vt 0.16458333 0.34821429
vt 0.16458333 0.34821429
vt 0.16458333 0.34821429
vt 0.16458333 0.34821429
vt 0.16458333 0.34821429
vt 0.16458333 0.34821429
vt 0.16458333 0.34821429
vt 0.16458333 0.34821429
vt 0.16458333 0.34821429
vt 0.16458333 0.34821429
vt 0.16458333 0.34821429
vt 0.16458333 0.34821429
vt 0.16458333 0.34821429
vt 0.16458333 0.34821429
vt 0.16458333 0.34821429
vt 0.16458333 0.34821429
vt 0.16458333 0.34821429
vt 0.16458333 0.34821429
vt 0.16458333 0.34821429
vt 0.16458333 0.34821429
vt 0.16458333 0.34821429
vt 0.16458333 0.34821429
vt 0.16458333 0.34821429
vt 0.16458333 0.34821429
vt 0.16458333 0.34821429
vt 0.16458333 0.34821429
vt 0.16458333 0.34821429
vt 0.16458333 0.34821429
vt 0.16458333 0.34821429
vt 0.16458333 0.34821429
vt 0.16458333 0.34821429
vt 0.16458333 0.34821429
vt 0.16458333 0.34821429
vt 0.16458333 0.34821429
vt 0.16458333 0.34821429
vt 0.16458333 0.34821429
f 1/1 2/2 3/3
f 3/3 2/2 4/4
f 3/3 4/4 5/5
f 5/5 4/4 6/6
f 7/7 8/8 9/9
f 9/9 8/8 10/10
f 11/11 12/12 13/13
f 13/13 12/12 14/14
f 15/15 16/16 17/17
f 17/17 16/16 18/18
f 19/19 20/20 21/21
f 21/21 20/20 22/22
f 23/23 24/24 25/25
f 25/25 24/24 26/26
f 27/27 28/28 29/29
f 29/29 28/28 30/30
f 31/31 32/32 33/33
f 34/34 35/35 36/36
f 37/37 38/38 39/39
f 39/39 38/38 34/34
f 39/39 34/34 40/40
f 40/40 34/34 36/36
f 41/41 42/42 43/43
f 44/44 45/45 46/46
f 47/47 48/48 49/49
f 46/46 50/50 44/44
f 44/44 50/50 51/51
f 44/44 51/51 34/34
f 34/34 51/51 52/52
f 34/34 52/52 35/35
f 49/49 53/53 47/47
f 47/47 53/53 54/54
f 47/47 54/54 44/44
f 44/44 54/54 55/55
f 44/44 55/55 45/45
f 42/42 56/56 43/43
f 43/43 56/56 57/57
f 43/43 57/57 47/47
f 47/47 57/57 58/58
f 47/47 58/58 48/48
f 37/37 59/59 38/38
f 38/38 59/59 60/60
f 38/38 60/60 33/33
f 33/33 60/60 61/61
f 33/33 61/61 31/31
f 32/32 62/62 33/33
f 33/33 62/62 63/63
f 33/33 63/63 43/43
f 43/43 63/63 64/64
f 43/43 64/64 41/41
f 65/65 66/66 67/67
f 66/66 68/68 69/69
f 70/70 40/40 36/36
f 70/70 36/36 71/71
f 71/71 36/36 35/35
f 71/71 35/35 72/72
f 72/72 35/35 52/52
f 72/72 52/52 73/73
f 73/73 52/52 51/51
f 73/73 51/51 74/74
f 74/74 51/51 50/50
f 74/74 50/50 75/75
f 75/75 50/50 46/46
f 75/75 46/46 76/76
f 76/76 46/46 45/45
f 76/76 45/45 77/77
f 77/77 45/45 55/55
f 77/77 55/55 78/78
f 78/78 55/55 54/54
f 78/78 54/54 79/79
f 79/79 54/54 53/53
f 79/79 53/53 80/80
f 80/80 53/53 49/49
f 80/80 49/49 81/81
f 81/81 49/49 48/48
f 81/81 48/48 82/82
f 82/82 48/48 58/58
f 82/82 58/58 83/83
f 83/83 58/58 57/57
f 83/83 57/57 84/84
f 66/66 69/69 67/67
f 67/67 69/69 85/85
f 67/67 85/85 86/86
f 86/86 85/85 87/87
f 86/86 87/87 88/88
f 88/88 87/87 89/89
f 88/88 89/89 90/90
f 90/90 89/89 91/91
f 90/90 91/91 92/92
f 92/92 91/91 93/93
f 92/92 93/93 94/94
f 94/94 93/93 95/95
f 94/94 95/95 96/96
f 96/96 95/95 97/97
f 96/96 97/97 98/98
f 98/98 97/97 99/99
f 98/98 99/99 100/100
f 100/100 99/99 101/101
f 100/100 101/101 102/102
f 102/102 101/101 103/103
f 102/102 103/103 104/104
f 104/104 103/103 105/105
f 104/104 105/105 106/106
f 106/106 105/105 107/107
f 106/106 107/107 108/108
f 108/108 107/107 109/109
f 108/108 109/109 110/110
f 65/65 67/67 111/111
f 111/111 67/67 86/86
f 111/111 86/86 112/112
f 112/112 86/86 88/88
f 112/112 88/88 113/113
f 113/113 88/88 90/90
f 113/113 90/90 114/114
f 114/114 90/90 92/92
f 114/114 92/92 115/115
f 115/115 92/92 94/94
f 115/115 94/94 116/116
f 116/116 94/94 96/96
f 116/116 96/96 117/117
f 117/117 96/96 98/98
f 117/117 98/98 118/118
f 118/118 98/98 100/100
f 118/118 100/100 119/119
f 119/119 100/100 102/102
f 119/119 102/102 120/120
f 120/120 102/102 104/104
f 120/120 104/104 121/121
f 121/121 104/104 106/106
f 121/121 106/106 122/122
f 122/122 106/106 108/108
f 122/122 108/108 123/123
f 123/123 108/108 110/110
f 123/123 110/110 124/124
f 124/124 110/110 125/125
f 110/110 109/109 126/126
f 84/84 57/57 56/56
f 84/84 56/56 127/127
f 127/127 56/56 42/42
f 127/127 42/42 128/128
f 128/128 42/42 41/41
f 128/128 41/41 129/129
f 129/129 41/41 64/64
f 129/129 64/64 130/130
f 130/130 64/64 63/63
f 130/130 63/63 131/131
f 131/131 63/63 62/62
f 131/131 62/62 132/132
f 132/132 62/62 32/32
f 132/132 32/32 133/133
f 133/133 32/32 31/31
f 133/133 31/31 134/134
f 134/134 31/31 61/61
f 134/134 61/61 135/135
f 135/135 61/61 60/60
f 135/135 60/60 136/136
f 136/136 60/60 59/59
f 136/136 59/59 137/137
f 137/137 59/59 37/37
f 137/137 37/37 138/138
f 138/138 37/37 39/39
f 138/138 39/39 139/139
f 139/139 39/39 40/40
f 139/139 40/40 70/70
f 110/110 126/126 125/125
f 125/125 126/126 140/140
f 125/125 140/140 141/141
f 141/141 140/140 142/142
f 141/141 142/142 143/143
f 143/143 142/142 144/144
f 143/143 144/144 145/145
f 145/145 144/144 146/146
f 145/145 146/146 147/147
f 147/147 146/146 148/148
f 147/147 148/148 149/149
f 149/149 148/148 150/150
f 149/149 150/150 151/151
f 151/151 150/150 152/152
f 151/151 152/152 153/153
f 153/153 152/152 154/154
f 153/153 154/154 155/155
f 155/155 154/154 156/156
f 155/155 156/156 157/157
f 157/157 156/156 158/158
f 157/157 158/158 159/159
f 159/159 158/158 160/160
f 159/159 160/160 161/161
f 161/161 160/160 162/162
f 161/161 162/162 163/163
f 163/163 162/162 68/68
f 163/163 68/68 66/66
f 124/124 125/125 164/164
f 164/164 125/125 141/141
f 164/164 141/141 165/165
f 165/165 141/141 143/143
f 165/165 143/143 166/166
f 166/166 143/143 145/145
f 166/166 145/145 167/167
f 167/167 145/145 147/147
f 167/167 147/147 168/168
f 168/168 147/147 149/149
f 168/168 149/149 169/169
f 169/169 149/149 151/151
f 169/169 151/151 170/170
f 170/170 151/151 153/153
f 170/170 153/153 171/171
f 171/171 153/153 155/155
f 171/171 155/155 172/172
f 172/172 155/155 157/157
f 172/172 157/157 173/173
f 173/173 157/157 159/159
f 173/173 159/159 174/174
f 174/174 159/159 161/161
f 174/174 161/161 175/175
f 175/175 161/161 163/163
f 175/175 163/163 176/176
f 176/176 163/163 66/66
f 176/176 66/66 65/65
f 65/65 111/111 177/177
f 177/177 111/111 178/178
f 111/111 112/112 178/178
f 178/178 112/112 113/113
f 178/178 113/113 179/179
f 113/113 114/114 179/179
f 179/179 114/114 115/115
f 179/179 115/115 180/180
f 115/115 116/116 180/180
f 180/180 116/116 117/117
f 180/180 117/117 181/181
f 117/117 118/118 181/181
f 181/181 118/118 119/119
f 181/181 119/119 182/182
f 119/119 120/120 182/182
f 182/182 120/120 121/121
f 182/182 121/121 183/183
f 124/124 184/184 123/123
f 123/123 184/184 183/183
f 123/123 183/183 122/122
f 122/122 183/183 121/121
f 124/124 164/164 184/184
f 184/184 164/164 185/185
f 164/164 165/165 185/185
f 185/185 165/165 166/166
f 185/185 166/166 186/186
f 166/166 167/167 186/186
f 186/186 167/167 168/168
f 186/186 168/168 187/187
f 168/168 169/169 187/187
f 187/187 169/169 170/170
f 187/187 170/170 188/188
f 170/170 171/171 188/188
f 188/188 171/171 172/172
f 188/188 172/172 189/189
f 172/172 173/173 189/189
f 189/189 173/173 174/174
f 189/189 174/174 190/190
f 65/65 177/177 176/176
f 176/176 177/177 190/190
f 176/176 190/190 175/175
f 175/175 190/190 174/174
f 191/191 192/192 193/193
f 193/193 192/192 194/194
f 193/193 194/194 195/195
f 195/195 194/194 196/196
f 195/195 196/196 197/197
f 197/197 196/196 198/198
f 197/197 198/198 199/199
f 199/199 198/198 200/200
f 199/199 200/200 201/201
f 201/201 200/200 202/202
f 201/201 202/202 203/203
f 202/202 204/204 203/203
f 203/203 204/204 205/205
f 203/203 205/205 206/206
f 206/206 205/205 207/207
f 206/206 207/207 208/208
f 208/208 207/207 209/209
f 208/208 209/209 210/210
f 210/210 209/209 211/211
f 210/210 211/211 212/212
f 212/212 211/211 213/213
f 212/212 213/213 214/214
f 214/214 213/213 215/215
f 214/214 215/215 191/191
f 191/191 215/215 216/216
f 191/191 216/216 192/192
f 217/217 218/218 219/219
f 220/220 221/221 222/222
f 222/222 221/221 223/223
f 222/222 223/223 224/224
f 225/225 224/224 226/226
f 226/226 224/224 223/223
f 226/226 223/223 219/219
f 219/219 223/223 227/227
f 219/219 227/227 217/217
f 218/218 228/228 219/219
f 219/219 228/228 229/229
f 219/219 229/229 230/230
f 231/231 232/232 233/233
f 233/233 232/232 234/234
f 232/232 235/235 236/236
f 237/237 233/233 238/238
f 238/238 233/233 234/234
f 238/238 234/234 239/239
f 239/239 234/234 240/240
f 241/241 234/234 242/242
f 242/242 234/234 232/232
f 242/242 232/232 243/243
f 243/243 232/232 236/236
f 243/243 236/236 244/244
f 245/245 246/246 247/247
f 247/247 246/246 248/248
f 247/247 248/248 249/249
f 249/249 248/248 250/250
f 249/249 250/250 251/251
f 251/251 250/250 252/252
f 251/251 252/252 253/253
f 253/253 252/252 254/254
f 253/253 254/254 255/255
f 255/255 254/254 256/256
f 255/255 256/256 257/257
f 256/256 258/258 257/257
f 257/257 258/258 259/259
f 257/257 259/259 260/260
f 260/260 259/259 261/261
f 260/260 261/261 262/262
f 262/262 261/261 263/263
f 262/262 263/263 264/264
f 264/264 263/263 265/265
f 264/264 265/265 266/266
f 266/266 265/265 267/267
f 266/266 267/267 268/268
f 268/268 267/267 269/269
f 268/268 269/269 245/245
f 245/245 269/269 270/270
f 245/245 270/270 246/246
f 271/271 272/272 273/273
f 273/273 272/272 274/274
f 272/272 275/275 274/274
f 274/274 275/275 276/276
f 274/274 276/276 277/277
f 276/276 278/278 277/277
f 277/277 278/278 279/279
f 277/277 279/279 280/280
f 279/279 281/281 280/280
f 280/280 281/281 282/282
f 280/280 282/282 283/283
f 283/283 282/282 284/284
f 283/283 284/284 285/285
f 284/284 286/286 285/285
f 285/285 286/286 287/287
f 285/285 287/287 288/288
f 289/289 290/290 291/291
f 291/291 290/290 288/288
f 291/291 288/288 292/292
f 292/292 288/288 287/287
f 289/289 293/293 290/290
f 290/290 293/293 294/294
f 293/293 295/295 294/294
f 294/294 295/295 296/296
f 294/294 296/296 297/297
f 296/296 298/298 297/297
f 297/297 298/298 299/299
f 297/297 299/299 300/300
f 299/299 301/301 300/300
f 300/300 301/301 302/302
f 300/300 302/302 303/303
f 302/302 304/304 303/303
f 303/303 304/304 305/305
f 303/303 305/305 306/306
f 305/305 307/307 306/306
f 306/306 307/307 308/308
f 306/306 308/308 309/309
f 271/271 273/273 310/310
f 310/310 273/273 309/309
f 310/310 309/309 311/311
f 311/311 309/309 308/308
f 312/312 313/313 314/314
f 315/315 316/316 317/317
f 317/317 316/316 318/318
f 317/317 318/318 319/319
f 319/319 318/318 320/320
f 319/319 320/320 321/321
f 321/321 320/320 322/322
f 321/321 322/322 323/323
f 323/323 322/322 324/324
f 323/323 324/324 325/325
f 325/325 324/324 326/326
f 325/325 326/326 327/327
f 327/327 326/326 328/328
f 327/327 328/328 329/329
f 329/329 328/328 312/312
f 329/329 312/312 330/330
f 330/330 312/312 314/314
f 331/331 332/332 333/333
f 333/333 332/332 313/313
f 313/313 312/312 333/333
f 333/333 312/312 328/328
f 333/333 328/328 334/334
f 334/334 328/328 326/326
f 334/334 326/326 335/335
f 335/335 326/326 324/324
f 335/335 324/324 336/336
f 336/336 324/324 322/322
f 336/336 322/322 337/337
f 337/337 322/322 320/320
f 337/337 320/320 338/338
f 338/338 320/320 318/318
f 338/338 318/318 339/339
f 339/339 318/318 316/316
f 339/339 316/316 340/340
f 315/315 341/341 316/316
f 316/316 341/341 342/342
f 316/316 342/342 340/340
f 340/340 342/342 343/343
f 340/340 343/343 344/344
f 331/331 333/333 345/345
f 345/345 333/333 334/334
f 345/345 334/334 346/346
f 346/346 334/334 335/335
f 346/346 335/335 347/347
f 347/347 335/335 336/336
f 347/347 336/336 348/348
f 348/348 336/336 337/337
f 348/348 337/337 349/349
f 349/349 337/337 338/338
f 349/349 338/338 350/350
f 350/350 338/338 339/339
f 350/350 339/339 351/351
f 351/351 339/339 340/340
f 351/351 340/340 352/352
f 352/352 340/340 344/344
f 352/352 344/344 353/353
f 272/272 271/271 345/345
f 345/345 271/271 354/354
f 345/345 354/354 331/331
f 286/286 284/284 350/350
f 350/350 284/284 282/282
f 350/350 282/282 349/349
f 349/349 282/282 281/281
f 349/349 281/281 348/348
f 348/348 281/281 279/279
f 348/348 279/279 347/347
f 347/347 279/279 278/278
f 347/347 278/278 346/346
f 346/346 278/278 276/276
f 346/346 276/276 345/345
f 345/345 276/276 275/275
f 345/345 275/275 272/272
f 286/286 350/350 287/287
f 287/287 350/350 351/351
f 287/287 351/351 292/292
f 292/292 351/351 352/352
f 292/292 352/352 291/291
f 291/291 352/352 353/353
f 291/291 353/353 289/289
f 343/343 342/342 355/355
f 355/355 342/342 341/341
f 353/353 344/344 356/356
f 356/356 344/344 343/343
f 293/293 289/289 353/353
f 314/314 357/357 358/358
f 358/358 357/357 359/359
f 358/358 359/359 360/360
f 360/360 359/359 361/361
f 360/360 361/361 362/362
f 362/362 361/361 363/363
f 362/362 363/363 364/364
f 364/364 363/363 365/365
f 364/364 365/365 366/366
f 366/366 365/365 367/367
f 366/366 367/367 368/368
f 368/368 367/367 369/369
f 368/368 369/369 370/370
f 370/370 369/369 371/371
f 370/370 371/371 372/372
f 372/372 371/371 373/373
f 372/372 373/373 374/374
f 374/374 373/373 375/375
f 374/374 375/375 376/376
f 376/376 375/375 377/377
f 376/376 377/377 378/378
f 378/378 377/377 379/379
f 378/378 379/379 380/380
f 380/380 379/379 355/355
f 380/380 355/355 381/381
f 381/381 355/355 341/341
f 381/381 341/341 315/315
f 343/343 355/355 356/356
f 356/356 355/355 382/382
f 356/356 382/382 383/383
f 383/383 382/382 384/384
f 383/383 384/384 385/385
f 385/385 384/384 386/386
f 385/385 386/386 387/387
f 387/387 386/386 388/388
f 387/387 388/388 389/389
f 389/389 388/388 390/390
f 389/389 390/390 391/391
f 391/391 390/390 392/392
f 391/391 392/392 393/393
f 393/393 392/392 394/394
f 393/393 394/394 395/395
f 395/395 394/394 396/396
f 395/395 396/396 397/397
f 397/397 396/396 398/398
f 397/397 398/398 399/399
f 399/399 398/398 400/400
f 399/399 400/400 401/401
f 401/401 400/400 402/402
f 401/401 402/402 403/403
f 403/403 402/402 357/357
f 403/403 357/357 404/404
f 314/314 313/313 357/357
f 357/357 313/313 332/332
f 357/357 332/332 404/404
f 404/404 332/332 331/331
f 404/404 331/331 354/354
f 353/353 356/356 293/293
f 293/293 356/356 383/383
f 293/293 383/383 295/295
f 295/295 383/383 385/385
f 295/295 385/385 296/296
f 296/296 385/385 387/387
f 296/296 387/387 298/298
f 298/298 387/387 389/389
f 298/298 389/389 299/299
f 299/299 389/389 391/391
f 299/299 391/391 301/301
f 301/301 391/391 393/393
f 301/301 393/393 302/302
f 302/302 393/393 395/395
f 302/302 395/395 304/304
f 304/304 395/395 397/397
f 304/304 397/397 305/305
f 305/305 397/397 399/399
f 305/305 399/399 307/307
f 307/307 399/399 401/401
f 307/307 401/401 308/308
f 308/308 401/401 403/403
f 308/308 403/403 311/311
f 311/311 403/403 404/404
f 311/311 404/404 310/310
f 310/310 404/404 354/354
f 310/310 354/354 271/271
f 378/378 380/380 405/405
f 405/405 380/380 381/381
f 319/319 406/406 317/317
f 317/317 406/406 405/405
f 317/317 405/405 315/315
f 315/315 405/405 381/381
f 370/370 372/372 407/407
f 407/407 372/372 374/374
f 407/407 374/374 405/405
f 405/405 374/374 376/376
f 405/405 376/376 378/378
f 358/358 360/360 408/408
f 408/408 360/360 362/362
f 358/358 408/408 314/314
f 314/314 408/408 409/409
f 314/314 409/409 330/330
f 319/319 321/321 406/406
f 406/406 321/321 323/323
f 406/406 323/323 410/410
f 362/362 364/364 408/408
f 408/408 364/364 366/366
f 408/408 366/366 407/407
f 407/407 366/366 368/368
f 407/407 368/368 370/370
f 323/323 325/325 410/410
f 410/410 325/325 327/327
f 410/410 327/327 409/409
f 409/409 327/327 329/329
f 409/409 329/329 330/330
f 411/411 412/412 413/413
f 413/413 412/412 414/414
f 413/413 414/414 415/415
f 416/416 417/417 418/418
f 418/418 417/417 419/419
f 418/418 419/419 420/420
f 421/421 422/422 423/423
f 423/423 422/422 424/424
f 423/423 424/424 425/425
f 426/426 427/427 428/428
f 428/428 427/427 429/429
f 428/428 429/429 430/430
f 431/431 432/432 433/433
f 433/433 432/432 434/434
f 433/433 434/434 435/435
f 436/436 437/437 438/438
f 438/438 437/437 439/439
f 438/438 439/439 440/440
f 441/441 442/442 443/443
f 443/443 442/442 444/444
f 443/443 444/444 445/445
f 446/446 447/447 448/448
f 448/448 447/447 445/445
f 449/449 450/450 451/451
f 451/451 450/450 446/446
f 452/452 453/453 454/454
f 454/454 453/453 449/449
f 452/452 455/455 456/456
f 456/456 455/455 457/457
f 456/456 457/457 458/458
f 458/458 459/459 460/460
f 460/460 459/459 461/461
f 460/460 461/461 441/441
f 462/462 463/463 464/464
f 465/465 463/463 462/462
f 462/462 466/466 467/467
f 468/468 466/466 462/462
f 462/462 469/469 470/470
f 471/471 469/469 462/462
f 472/472 471/471 462/462
f 467/467 472/472 462/462
f 464/464 468/468 462/462
f 462/462 473/473 474/474
f 475/475 473/473 462/462
f 470/470 475/475 462/462
f 462/462 476/476 465/465
f 477/477 476/476 462/462
f 474/474 477/477 462/462
f 478/478 479/479 480/480
f 478/478 480/480 481/481
f 481/481 480/480 482/482
f 481/481 482/482 483/483
f 483/483 482/482 484/484
f 483/483 484/484 485/485
f 485/485 484/484 486/486
f 485/485 486/486 487/487
f 487/487 486/486 488/488
f 487/487 488/488 489/489
f 489/489 488/488 490/490
f 489/489 490/490 491/491
f 491/491 490/490 492/492
f 491/491 492/492 493/493
f 493/493 492/492 494/494
f 493/493 494/494 495/495
f 495/495 494/494 496/496
f 495/495 496/496 497/497
f 497/497 496/496 498/498
f 497/497 498/498 499/499
f 499/499 498/498 500/500
f 499/499 500/500 501/501
f 501/501 500/500 502/502
f 501/501 502/502 503/503
f 503/503 502/502 504/504
f 503/503 504/504 505/505
f 505/505 504/504 506/506
f 505/505 506/506 507/507
f 507/507 506/506 508/508
f 507/507 508/508 509/509
f 509/509 508/508 510/510
f 509/509 510/510 511/511
f 511/511 510/510 512/512
f 511/511 512/512 513/513
f 513/513 512/512 479/479
f 513/513 479/479 478/478
f 514/514 515/515 516/516
f 515/515 514/514 517/517
f 517/517 514/514 518/518
f 517/517 518/518 519/519
f 516/516 520/520 514/514
f 514/514 520/520 521/521
f 514/514 521/521 522/522
f 514/514 523/523 524/524
f 525/525 526/526 527/527
f 527/527 526/526 514/514
f 527/527 514/514 528/528
f 528/528 514/514 522/522
f 529/529 518/518 530/530
f 530/530 518/518 514/514
f 530/530 514/514 531/531
f 531/531 514/514 524/524
f 532/532 533/533 534/534
f 533/533 535/535 536/536
f 537/537 538/538 539/539
f 533/533 540/540 535/535
f 535/535 540/540 541/541
f 535/535 541/541 537/537
f 539/539 542/542 543/543
f 537/537 539/539 535/535
f 535/535 539/539 543/543
f 535/535 543/543 544/544
f 536/536 545/545 533/533
f 533/533 545/545 546/546
f 533/533 546/546 534/534
f 547/547 548/548 534/534
f 534/534 548/548 549/549
f 534/534 549/549 532/532
f 550/550 551/551 552/552
f 550/550 552/552 553/553
f 553/553 552/552 554/554
f 553/553 554/554 555/555
f 555/555 554/554 556/556
f 555/555 556/556 557/557
f 557/557 556/556 558/558
f 557/557 558/558 559/559
f 559/559 558/558 560/560
f 559/559 560/560 561/561
f 561/561 560/560 562/562
f 561/561 562/562 563/563
f 563/563 562/562 564/564
f 563/563 564/564 565/565
f 565/565 564/564 566/566
f 565/565 566/566 567/567
f 567/567 566/566 568/568
f 567/567 568/568 569/569
f 569/569 568/568 570/570
f 569/569 570/570 571/571
f 571/571 570/570 572/572
f 571/571 572/572 573/573
f 573/573 572/572 574/574
f 573/573 574/574 575/575
f 575/575 574/574 576/576
f 575/575 576/576 577/577
f 577/577 576/576 578/578
f 577/577 578/578 579/579
f 579/579 578/578 580/580
f 579/579 580/580 581/581
f 581/581 580/580 582/582
f 581/581 582/582 583/583
f 583/583 582/582 584/584
f 583/583 584/584 585/585
f 585/585 584/584 551/551
f 585/585 551/551 550/550
f 586/586 587/587 588/588
f 586/586 588/588 589/589
f 589/589 588/588 590/590
f 589/589 590/590 591/591
f 591/591 590/590 592/592
f 591/591 592/592 593/593
f 593/593 592/592 594/594
f 593/593 594/594 595/595
f 595/595 594/594 596/596
f 595/595 596/596 597/597
f 597/597 596/596 598/598
f 597/597 598/598 599/599
f 599/599 598/598 600/600
f 599/599 600/600 601/601
f 601/601 600/600 602/602
f 601/601 602/602 603/603
f 603/603 602/602 604/604
f 603/603 604/604 605/605
f 605/605 604/604 606/606
f 605/605 606/606 607/607
f 607/607 606/606 608/608
f 607/607 608/608 609/609
f 609/609 608/608 587/587
f 609/609 587/587 586/586
f 610/610 611/611 612/612
f 612/612 611/611 613/613
f 612/612 613/613 614/614
f 614/614 613/613 615/615
f 614/614 615/615 616/616
f 616/616 615/615 617/617
f 616/616 617/617 618/618
f 618/618 617/617 619/619
f 618/618 619/619 620/620
f 620/620 619/619 621/621
f 620/620 621/621 622/622
f 622/622 621/621 623/623
f 622/622 623/623 624/624
f 624/624 623/623 625/625
f 626/626 627/627 628/628
f 628/628 627/627 629/629
f 628/628 629/629 630/630
f 630/630 629/629 631/631
f 630/630 631/631 632/632
f 632/632 631/631 633/633
f 632/632 633/633 634/634
f 634/634 633/633 635/635
f 634/634 635/635 636/636
f 636/636 635/635 637/637
f 636/636 637/637 638/638
f 637/637 639/639 638/638
f 638/638 639/639 640/640
f 638/638 640/640 641/641
f 641/641 640/640 642/642
f 641/641 642/642 643/643
f 643/643 642/642 644/644
f 643/643 644/644 645/645
f 645/645 644/644 646/646
f 645/645 646/646 647/647
f 647/647 646/646 648/648
f 647/647 648/648 649/649
f 649/649 648/648 650/650
f 649/649 650/650 626/626
f 626/626 650/650 651/651
f 626/626 651/651 627/627
f 652/652 653/653 654/654
f 654/654 653/653 655/655
f 654/654 655/655 656/656
f 656/656 655/655 657/657
f 656/656 657/657 658/658
f 658/658 657/657 659/659
f 658/658 659/659 660/660
f 660/660 659/659 661/661
f 660/660 661/661 662/662
f 662/662 661/661 663/663
f 662/662 663/663 664/664
f 664/664 663/663 665/665
f 664/664 665/665 666/666
f 666/666 665/665 667/667
f 668/668 669/669 670/670
f 670/670 669/669 671/671
f 670/670 671/671 672/672
f 672/672 671/671 673/673
f 672/672 673/673 674/674
f 674/674 673/673 675/675
f 674/674 675/675 676/676
f 676/676 675/675 677/677
f 676/676 677/677 678/678
f 678/678 677/677 679/679
f 678/678 679/679 680/680
f 679/679 681/681 680/680
f 680/680 681/681 682/682
f 680/680 682/682 683/683
f 683/683 682/682 684/684
f 683/683 684/684 685/685
f 685/685 684/684 686/686
f 685/685 686/686 687/687
f 687/687 686/686 688/688
f 687/687 688/688 689/689
f 689/689 688/688 690/690
f 689/689 690/690 691/691
f 691/691 690/690 692/692
f 691/691 692/692 668/668
f 668/668 692/692 693/693
f 668/668 693/693 669/669
f 694/694 695/695 696/696
f 696/696 695/695 697/697
f 696/696 697/697 698/698
f 698/698 697/697 699/699
f 698/698 699/699 700/700
f 700/700 699/699 701/701
f 700/700 701/701 702/702
f 702/702 701/701 703/703
f 702/702 703/703 704/704
f 704/704 703/703 705/705
f 704/704 705/705 706/706
f 706/706 705/705 707/707
f 706/706 707/707 708/708
f 708/708 707/707 709/709
f 710/710 711/711 712/712
f 712/712 711/711 713/713
f 712/712 713/713 714/714
f 714/714 713/713 715/715
f 714/714 715/715 716/716
f 716/716 715/715 717/717
f 716/716 717/717 718/718
f 718/718 717/717 719/719
f 718/718 719/719 720/720
f 720/720 719/719 721/721
f 720/720 721/721 722/722
f 722/722 721/721 723/723
f 722/722 723/723 724/724
f 724/724 723/723 725/725
f 726/726 727/727 728/728
f 728/728 727/727 729/729
f 730/730 731/731 732/732
f 732/732 731/731 733/733
f 732/732 733/733 734/734
f 734/734 733/733 735/735
f 734/734 735/735 736/736
f 736/736 735/735 737/737
f 736/736 737/737 738/738
f 738/738 737/737 739/739
f 740/740 741/741 742/742
f 742/742 741/741 743/743
f 744/744 745/745 746/746
f 746/746 745/745 747/747
f 746/746 747/747 748/748
f 748/748 747/747 749/749
f 748/748 749/749 750/750
f 750/750 749/749 751/751
f 750/750 751/751 752/752
f 752/752 751/751 753/753
f 752/752 753/753 754/754
f 754/754 753/753 755/755
f 754/754 755/755 756/756
f 755/755 757/757 756/756
f 756/756 757/757 758/758
f 756/756 758/758 759/759
f 759/759 758/758 760/760
f 759/759 760/760 761/761
f 761/761 760/760 762/762
f 761/761 762/762 763/763
f 763/763 762/762 764/764
f 763/763 764/764 765/765
f 765/765 764/764 766/766
f 765/765 766/766 767/767
f 767/767 766/766 768/768
f 767/767 768/768 744/744
f 744/744 768/768 769/769
f 744/744 769/769 745/745
f 770/770 771/771 772/772
f 772/772 771/771 773/773
f 772/772 773/773 774/774
f 774/774 773/773 775/775
f 774/774 775/775 776/776
f 776/776 775/775 777/777
f 776/776 777/777 778/778
f 778/778 777/777 779/779
f 778/778 779/779 780/780
f 780/780 779/779 781/781
f 780/780 781/781 782/782
f 782/782 781/781 783/783
f 782/782 783/783 784/784
f 784/784 783/783 785/785
f 786/786 787/787 788/788
f 788/788 787/787 789/789
f 790/790 791/791 792/792
f 792/792 791/791 793/793
f 792/792 793/793 794/794
f 794/794 793/793 795/795
f 794/794 795/795 796/796
f 796/796 795/795 797/797
f 796/796 797/797 798/798
f 798/798 797/797 799/799
f 800/800 801/801 802/802
f 802/802 801/801 803/803
f 804/804 805/805 806/806
f 806/806 805/805 807/807
f 806/806 807/807 808/808
f 808/808 807/807 809/809
f 808/808 809/809 810/810
f 810/810 809/809 811/811
f 810/810 811/811 812/812
f 812/812 811/811 813/813
f 812/812 813/813 814/814
f 814/814 813/813 815/815
f 814/814 815/815 816/816
f 815/815 817/817 816/816
f 816/816 817/817 818/818
f 816/816 818/818 819/819
f 819/819 818/818 820/820
f 819/819 820/820 821/821
f 821/821 820/820 822/822
f 821/821 822/822 823/823
f 823/823 822/822 824/824
f 823/823 824/824 825/825
f 825/825 824/824 826/826
f 825/825 826/826 827/827
f 827/827 826/826 828/828
f 827/827 828/828 804/804
f 804/804 828/828 829/829
f 804/804 829/829 805/805
f 830/830 831/831 832/832
f 832/832 831/831 833/833
f 832/832 833/833 834/834
f 834/834 833/833 835/835
f 834/834 835/835 836/836
f 836/836 835/835 837/837
f 836/836 837/837 838/838
f 838/838 837/837 839/839
f 838/838 839/839 840/840
f 840/840 839/839 841/841
f 840/840 841/841 842/842
f 842/842 841/841 843/843
f 842/842 843/843 844/844
f 844/844 843/843 845/845
f 846/846 847/847 848/848
f 848/848 847/847 849/849
f 848/848 849/849 850/850
f 850/850 849/849 851/851
f 850/850 851/851 852/852
f 852/852 851/851 853/853
f 852/852 853/853 854/854
f 854/854 853/853 855/855
f 856/856 857/857 858/858
f 858/858 857/857 859/859
f 858/858 859/859 860/860
f 860/860 859/859 861/861
f 862/862 863/863 864/864
f 864/864 863/863 865/865
f 866/866 867/867 868/868
f 866/866 868/868 869/869
f 868/868 870/870 869/869
f 869/869 870/870 871/871
f 869/869 871/871 872/872
f 872/872 871/871 873/873
f 872/872 873/873 874/874
f 875/875 876/876 877/877
f 878/878 879/879 880/880
f 878/878 880/880 881/881
f 881/881 880/880 882/882
f 881/881 882/882 883/883
f 875/875 877/877 882/882
f 882/882 877/877 884/884
f 882/882 884/884 883/883
f 885/885 886/886 887/887
f 887/887 886/886 888/888
f 889/889 890/890 891/891
f 891/891 890/890 892/892
f 893/893 894/894 895/895
f 896/896 897/897 898/898
f 898/898 897/897 899/899
f 898/898 899/899 900/900
f 900/900 899/899 901/901
f 894/894 902/902 903/903
f 904/904 905/905 906/906
f 895/895 894/894 907/907
f 907/907 894/894 903/903
f 907/907 903/903 908/908
f 909/909 910/910 911/911
f 911/911 910/910 901/901
f 911/911 901/901 895/895
f 895/895 901/901 899/899
f 895/895 899/899 893/893
f 893/893 899/899 904/904
f 893/893 904/904 912/912
f 912/912 904/904 906/906
f 913/913 914/914 915/915
f 916/916 917/917 918/918
f 919/919 920/920 921/921
f 917/917 922/922 923/923
f 917/917 923/923 918/918
f 918/918 923/923 924/924
f 918/918 924/924 925/925
f 925/925 924/924 926/926
f 925/925 926/926 927/927
f 927/927 926/926 928/928
f 927/927 928/928 929/929
f 930/930 931/931 932/932
f 932/932 931/931 916/916
f 916/916 918/918 932/932
f 932/932 918/918 925/925
f 932/932 925/925 933/933
f 933/933 925/925 927/927
f 933/933 927/927 934/934
f 934/934 927/927 929/929
f 934/934 929/929 935/935
f 921/921 936/936 919/919
f 919/919 936/936 937/937
f 919/919 937/937 938/938
f 930/930 932/932 939/939
f 939/939 932/932 933/933
f 939/939 933/933 940/940
f 940/940 933/933 934/934
f 940/940 934/934 941/941
f 941/941 934/934 935/935
f 941/941 935/935 942/942
f 943/943 944/944 939/939
f 939/939 944/944 945/945
f 939/939 945/945 930/930
f 946/946 947/947 942/942
f 942/942 947/947 948/948
f 942/942 948/948 941/941
f 941/941 948/948 949/949
f 941/941 949/949 940/940
f 940/940 949/949 950/950
f 940/940 950/950 939/939
f 939/939 950/950 951/951
f 939/939 951/951 943/943
f 914/914 946/946 915/915
f 915/915 946/946 942/942
f 915/915 942/942 952/952
f 952/952 942/942 935/935
f 952/952 935/935 953/953
f 953/953 935/935 929/929
f 953/953 929/929 954/954
f 954/954 929/929 928/928
f 955/955 913/913 956/956
f 956/956 913/913 915/915
f 956/956 915/915 938/938
f 938/938 915/915 952/952
f 938/938 952/952 919/919
f 919/919 952/952 953/953
f 919/919 953/953 920/920
f 920/920 953/953 954/954
f 937/937 957/957 938/938
f 938/938 957/957 958/958
f 938/938 958/958 956/956
f 956/956 958/958 959/959
f 956/956 959/959 955/955
f 955/955 959/959 960/960
f 944/944 961/961 945/945
f 945/945 961/961 962/962
f 945/945 962/962 930/930
f 930/930 962/962 963/963
f 930/930 963/963 931/931
f 931/931 963/963 964/964
f 931/931 964/964 916/916
f 916/916 964/964 965/965
f 916/916 965/965 917/917
f 917/917 965/965 966/966
f 917/917 966/966 922/922
f 922/922 966/966 967/967
f 968/968 960/960 969/969
f 969/969 960/960 959/959
f 969/969 959/959 970/970
f 970/970 959/959 958/958
f 970/970 958/958 971/971
f 971/971 958/958 957/957
f 971/971 957/957 972/972
f 972/972 957/957 937/937
f 972/972 937/937 973/973
f 973/973 937/937 936/936
f 973/973 936/936 974/974
f 974/974 936/936 921/921
f 975/975 976/976 977/977
f 978/978 979/979 980/980
f 981/981 982/982 967/967
f 979/979 983/983 984/984
f 979/979 984/984 980/980
f 980/980 984/984 985/985
f 980/980 985/985 986/986
f 986/986 985/985 987/987
f 986/986 987/987 988/988
f 988/988 987/987 989/989
f 988/988 989/989 990/990
f 991/991 992/992 993/993
f 993/993 992/992 978/978
f 978/978 980/980 993/993
f 993/993 980/980 986/986
f 993/993 986/986 994/994
f 994/994 986/986 988/988
f 994/994 988/988 995/995
f 995/995 988/988 990/990
f 995/995 990/990 996/996
f 967/967 966/966 981/981
f 981/981 966/966 965/965
f 981/981 965/965 997/997
f 991/991 993/993 998/998
f 998/998 993/993 994/994
f 998/998 994/994 999/999
f 999/999 994/994 995/995
f 999/999 995/995 1000/1000
f 1000/1000 995/995 996/996
f 1000/1000 996/996 1001/1001
f 1002/1002 1003/1003 998/998
f 998/998 1003/1003 1004/1004
f 998/998 1004/1004 991/991
f 1005/1005 1006/1006 1001/1001
f 1001/1001 1006/1006 1007/1007
f 1001/1001 1007/1007 1000/1000
f 1000/1000 1007/1007 1008/1008
f 1000/1000 1008/1008 999/999
f 999/999 1008/1008 1009/1009
f 999/999 1009/1009 998/998
f 998/998 1009/1009 1010/1010
f 998/998 1010/1010 1002/1002
f 976/976 1005/1005 977/977
f 977/977 1005/1005 1001/1001
f 977/977 1001/1001 1011/1011
f 1011/1011 1001/1001 996/996
f 1011/1011 996/996 1012/1012
f 1012/1012 996/996 990/990
f 1012/1012 990/990 1013/1013
f 1013/1013 990/990 989/989
f 1014/1014 975/975 1015/1015
f 1015/1015 975/975 977/977
f 1015/1015 977/977 997/997
f 997/997 977/977 1011/1011
f 997/997 1011/1011 981/981
f 981/981 1011/1011 1012/1012
f 981/981 1012/1012 982/982
f 982/982 1012/1012 1013/1013
f 965/965 964/964 997/997
f 997/997 964/964 963/963
f 997/997 963/963 1015/1015
f 1015/1015 963/963 962/962
f 1015/1015 962/962 1014/1014
f 1014/1014 962/962 961/961
f 1016/1016 1017/1017 1018/1018
f 974/974 1017/1017 973/973
f 973/973 1017/1017 1016/1016
f 973/973 1016/1016 972/972
f 972/972 1016/1016 1019/1019
f 1018/1018 1020/1020 1016/1016
f 1016/1016 1020/1020 1021/1021
f 1016/1016 1021/1021 1019/1019
f 1022/1022 970/970 1019/1019
f 1019/1019 970/970 971/971
f 1019/1019 971/971 972/972
f 1023/1023 968/968 1022/1022
f 1022/1022 968/968 969/969
f 1022/1022 969/969 970/970
f 1021/1021 1024/1024 1019/1019
f 1019/1019 1024/1024 1025/1025
f 1019/1019 1025/1025 1022/1022
f 1022/1022 1025/1025 1026/1026
f 1022/1022 1026/1026 1023/1023
f 1023/1023 1026/1026 1027/1027
f 1028/1028 983/983 1029/1029
f 1029/1029 983/983 979/979
f 1029/1029 979/979 1030/1030
f 1030/1030 979/979 978/978
f 1030/1030 978/978 1031/1031
f 1031/1031 978/978 992/992
f 1031/1031 992/992 1032/1032
f 1032/1032 992/992 991/991
f 1032/1032 991/991 1033/1033
f 1033/1033 991/991 1004/1004
f 1033/1033 1004/1004 1034/1034
f 1034/1034 1004/1004 1003/1003
f 1018/1018 1035/1035 1020/1020
f 1020/1020 1035/1035 1036/1036
f 1020/1020 1036/1036 1021/1021
f 1021/1021 1036/1036 1037/1037
f 1021/1021 1037/1037 1024/1024
f 1024/1024 1037/1037 1038/1038
f 1024/1024 1038/1038 1025/1025
f 1025/1025 1038/1038 1039/1039
f 1025/1025 1039/1039 1026/1026
f 1026/1026 1039/1039 1040/1040
f 1026/1026 1040/1040 1027/1027
f 1027/1027 1040/1040 1041/1041
f 1042/1042 1043/1043 1044/1044
f 1045/1045 1046/1046 1047/1047
f 1048/1048 1049/1049 1028/1028
f 1046/1046 1050/1050 1051/1051
f 1046/1046 1051/1051 1047/1047
f 1047/1047 1051/1051 1052/1052
f 1047/1047 1052/1052 1053/1053
f 1053/1053 1052/1052 1054/1054
f 1053/1053 1054/1054 1055/1055
f 1055/1055 1054/1054 1056/1056
f 1055/1055 1056/1056 1057/1057
f 1058/1058 1059/1059 1060/1060
f 1060/1060 1059/1059 1045/1045
f 1045/1045 1047/1047 1060/1060
f 1060/1060 1047/1047 1053/1053
f 1060/1060 1053/1053 1061/1061
f 1061/1061 1053/1053 1055/1055
f 1061/1061 1055/1055 1062/1062
f 1062/1062 1055/1055 1057/1057
f 1062/1062 1057/1057 1063/1063
f 1028/1028 1029/1029 1048/1048
f 1048/1048 1029/1029 1030/1030
f 1048/1048 1030/1030 1064/1064
f 1058/1058 1060/1060 1065/1065
f 1065/1065 1060/1060 1061/1061
f 1065/1065 1061/1061 1066/1066
f 1066/1066 1061/1061 1062/1062
f 1066/1066 1062/1062 1067/1067
f 1067/1067 1062/1062 1063/1063
f 1067/1067 1063/1063 1068/1068
f 1069/1069 1070/1070 1065/1065
f 1065/1065 1070/1070 1071/1071
f 1065/1065 1071/1071 1058/1058
f 1072/1072 1073/1073 1068/1068
f 1068/1068 1073/1073 1074/1074
f 1068/1068 1074/1074 1067/1067
f 1067/1067 1074/1074 1075/1075
f 1067/1067 1075/1075 1066/1066
f 1066/1066 1075/1075 1076/1076
f 1066/1066 1076/1076 1065/1065
f 1065/1065 1076/1076 1077/1077
f 1065/1065 1077/1077 1069/1069
f 1043/1043 1072/1072 1044/1044
f 1044/1044 1072/1072 1068/1068
f 1044/1044 1068/1068 1078/1078
f 1078/1078 1068/1068 1063/1063
f 1078/1078 1063/1063 1079/1079
f 1079/1079 1063/1063 1057/1057
f 1079/1079 1057/1057 1080/1080
f 1080/1080 1057/1057 1056/1056
f 1081/1081 1042/1042 1082/1082
f 1082/1082 1042/1042 1044/1044
f 1082/1082 1044/1044 1064/1064
f 1064/1064 1044/1044 1078/1078
f 1064/1064 1078/1078 1048/1048
f 1048/1048 1078/1078 1079/1079
f 1048/1048 1079/1079 1049/1049
f 1049/1049 1079/1079 1080/1080
f 1030/1030 1031/1031 1064/1064
f 1064/1064 1031/1031 1032/1032
f 1064/1064 1032/1032 1082/1082
f 1082/1082 1032/1032 1033/1033
f 1082/1082 1033/1033 1081/1081
f 1081/1081 1033/1033 1034/1034
f 1083/1083 1084/1084 1085/1085
f 1035/1035 1086/1086 1036/1036
f 1036/1036 1086/1086 1087/1087
f 1036/1036 1087/1087 1037/1037
f 1037/1037 1087/1087 1088/1088
f 1085/1085 1039/1039 1088/1088
f 1088/1088 1039/1039 1038/1038
f 1088/1088 1038/1038 1037/1037
f 1089/1089 1090/1090 1091/1091
f 1091/1091 1090/1090 1092/1092
f 1091/1091 1092/1092 1093/1093
f 1093/1093 1092/1092 1094/1094
f 1093/1093 1094/1094 1095/1095
f 1095/1095 1094/1094 1096/1096
f 1095/1095 1096/1096 1097/1097
f 1098/1098 1099/1099 1100/1100
f 1100/1100 1099/1099 1101/1101
f 1100/1100 1101/1101 1102/1102
f 1102/1102 1101/1101 1103/1103
f 1102/1102 1103/1103 1104/1104
f 1104/1104 1103/1103 1105/1105
f 1099/1099 1106/1106 1101/1101
f 1101/1101 1106/1106 1107/1107
f 1101/1101 1107/1107 1103/1103
f 1103/1103 1107/1107 1108/1108
f 1103/1103 1108/1108 1105/1105
f 1105/1105 1108/1108 1109/1109
f 1110/1110 1111/1111 1112/1112
f 1112/1112 1111/1111 1113/1113
f 1112/1112 1113/1113 1114/1114
f 1114/1114 1113/1113 1115/1115
f 1114/1114 1115/1115 1116/1116
f 1116/1116 1115/1115 1117/1117
f 1084/1084 1041/1041 1085/1085
f 1085/1085 1041/1041 1040/1040
f 1085/1085 1040/1040 1039/1039
f 1118/1118 1083/1083 1119/1119
f 1119/1119 1083/1083 1085/1085
f 1119/1119 1085/1085 1120/1120
f 1120/1120 1085/1085 1088/1088
f 1120/1120 1088/1088 1121/1121
f 1121/1121 1088/1088 1087/1087
f 1121/1121 1087/1087 1122/1122
f 1122/1122 1087/1087 1086/1086
f 1122/1122 1089/1089 1121/1121
f 1121/1121 1089/1089 1091/1091
f 1121/1121 1091/1091 1120/1120
f 1120/1120 1091/1091 1093/1093
f 1120/1120 1093/1093 1119/1119
f 1119/1119 1093/1093 1095/1095
f 1119/1119 1095/1095 1118/1118
f 1118/1118 1095/1095 1097/1097
f 1123/1123 1124/1124 1096/1096
f 1096/1096 1124/1124 1125/1125
f 1096/1096 1125/1125 1097/1097
f 1109/1109 1126/1126 1105/1105
f 1105/1105 1126/1126 1123/1123
f 1105/1105 1123/1123 1104/1104
f 1104/1104 1123/1123 1096/1096
f 1104/1104 1096/1096 1102/1102
f 1102/1102 1096/1096 1094/1094
f 1102/1102 1094/1094 1100/1100
f 1100/1100 1094/1094 1092/1092
f 1100/1100 1092/1092 1098/1098
f 1098/1098 1092/1092 1090/1090
f 1127/1127 1128/1128 1109/1109
f 1109/1109 1128/1128 1129/1129
f 1109/1109 1129/1129 1126/1126
f 1106/1106 1110/1110 1107/1107
f 1107/1107 1110/1110 1112/1112
f 1107/1107 1112/1112 1108/1108
f 1108/1108 1112/1112 1114/1114
f 1108/1108 1114/1114 1109/1109
f 1109/1109 1114/1114 1116/1116
f 1109/1109 1116/1116 1127/1127
f 1127/1127 1116/1116 1117/1117
f 1127/1127 1117/1117 1130/1130
f 1070/1070 1131/1131 1071/1071
f 1071/1071 1131/1131 1132/1132
f 1071/1071 1132/1132 1058/1058
f 1058/1058 1132/1132 1133/1133
f 1058/1058 1133/1133 1059/1059
f 1059/1059 1133/1133 1134/1134
f 1059/1059 1134/1134 1045/1045
f 1045/1045 1134/1134 1135/1135
f 1045/1045 1135/1135 1046/1046
f 1046/1046 1135/1135 1136/1136
f 1046/1046 1136/1136 1050/1050
f 1050/1050 1136/1136 1137/1137
f 1111/1111 1138/1138 1139/1139
f 1111/1111 1139/1139 1113/1113
f 1113/1113 1139/1139 1140/1140
f 1113/1113 1140/1140 1115/1115
f 1115/1115 1140/1140 1141/1141
f 1115/1115 1141/1141 1117/1117
f 1117/1117 1141/1141 1142/1142
f 1117/1117 1142/1142 1130/1130
f 1143/1143 1144/1144 1137/1137
f 1137/1137 1136/1136 1143/1143
f 1143/1143 1136/1136 1135/1135
f 1143/1143 1135/1135 1145/1145
f 1146/1146 1144/1144 1147/1147
f 1147/1147 1144/1144 1143/1143
f 1147/1147 1143/1143 1148/1148
f 1148/1148 1143/1143 1145/1145
f 1148/1148 1145/1145 1149/1149
f 1149/1149 1145/1145 1150/1150
f 1149/1149 1150/1150 1151/1151
f 1151/1151 1150/1150 1152/1152
f 1135/1135 1134/1134 1145/1145
f 1145/1145 1134/1134 1133/1133
f 1145/1145 1133/1133 1150/1150
f 1150/1150 1133/1133 1132/1132
f 1150/1150 1132/1132 1152/1152
f 1152/1152 1132/1132 1131/1131
f 1153/1153 1154/1154 1155/1155
f 1156/1156 1157/1157 1158/1158
f 1158/1158 1157/1157 1159/1159
f 1159/1159 1160/1160 1158/1158
f 1158/1158 1160/1160 1161/1161
f 1158/1158 1161/1161 1162/1162
f 1162/1162 1161/1161 1163/1163
f 1162/1162 1163/1163 1164/1164
f 1163/1163 1165/1165 1164/1164
f 1164/1164 1165/1165 1142/1142
f 1164/1164 1142/1142 1141/1141
f 1166/1166 1157/1157 1167/1167
f 1167/1167 1157/1157 1156/1156
f 1167/1167 1156/1156 1168/1168
f 1168/1168 1156/1156 1154/1154
f 1154/1154 1156/1156 1155/1155
f 1155/1155 1156/1156 1158/1158
f 1155/1155 1158/1158 1169/1169
f 1169/1169 1158/1158 1162/1162
f 1169/1169 1162/1162 1170/1170
f 1170/1170 1162/1162 1164/1164
f 1170/1170 1164/1164 1171/1171
f 1171/1171 1164/1164 1141/1141
f 1171/1171 1141/1141 1140/1140
f 1172/1172 1173/1173 1174/1174
f 1174/1174 1173/1173 1153/1153
f 1153/1153 1155/1155 1174/1174
f 1174/1174 1155/1155 1169/1169
f 1174/1174 1169/1169 1175/1175
f 1175/1175 1169/1169 1170/1170
f 1175/1175 1170/1170 1176/1176
f 1176/1176 1170/1170 1171/1171
f 1176/1176 1171/1171 1177/1177
f 1177/1177 1171/1171 1140/1140
f 1177/1177 1140/1140 1139/1139
f 1172/1172 1174/1174 1178/1178
f 1178/1178 1174/1174 1175/1175
f 1178/1178 1175/1175 1179/1179
f 1179/1179 1175/1175 1176/1176
f 1179/1179 1176/1176 1180/1180
f 1180/1180 1176/1176 1177/1177
f 1180/1180 1177/1177 1181/1181
f 1181/1181 1177/1177 1139/1139
f 1181/1181 1139/1139 1138/1138
f 1182/1182 1146/1146 1147/1147
f 1182/1182 1147/1147 1183/1183
f 1183/1183 1147/1147 1148/1148
f 1183/1183 1148/1148 1184/1184
f 1184/1184 1148/1148 1149/1149
f 1184/1184 1149/1149 1185/1185
f 1185/1185 1149/1149 1151/1151
f 1185/1185 1151/1151 1186/1186
f 1187/1187 1166/1166 1188/1188
f 1188/1188 1166/1166 1167/1167
f 1188/1188 1167/1167 1189/1189
f 1189/1189 1167/1167 1168/1168
f 1189/1189 1168/1168 1190/1190
f 1190/1190 1168/1168 1154/1154
f 1190/1190 1154/1154 1191/1191
f 1191/1191 1154/1154 1153/1153
f 1191/1191 1153/1153 1192/1192
f 1192/1192 1153/1153 1173/1173
f 1192/1192 1173/1173 1193/1193
f 1193/1193 1173/1173 1172/1172
f 1194/1194 1195/1195 1187/1187
f 1187/1187 1188/1188 1194/1194
f 1194/1194 1188/1188 1189/1189
f 1194/1194 1189/1189 1196/1196
f 1196/1196 1189/1189 1190/1190
f 1196/1196 1190/1190 1197/1197
f 1186/1186 1195/1195 1185/1185
f 1185/1185 1195/1195 1194/1194
f 1185/1185 1194/1194 1184/1184
f 1184/1184 1194/1194 1196/1196
f 1184/1184 1196/1196 1183/1183
f 1183/1183 1196/1196 1197/1197
f 1183/1183 1197/1197 1182/1182
f 1182/1182 1197/1197 1198/1198
f 1190/1190 1191/1191 1197/1197
f 1197/1197 1191/1191 1192/1192
f 1197/1197 1192/1192 1198/1198
f 1198/1198 1192/1192 1193/1193
f 1199/1199 1200/1200 1201/1201
f 1202/1202 1203/1203 1204/1204
f 1200/1200 1205/1205 1206/1206
f 1200/1200 1206/1206 1201/1201
f 1201/1201 1206/1206 1207/1207
f 1201/1201 1207/1207 1208/1208
f 1207/1207 1209/1209 1208/1208
f 1208/1208 1209/1209 1210/1210
f 1208/1208 1210/1210 1211/1211
f 1210/1210 1212/1212 1211/1211
f 1211/1211 1212/1212 1213/1213
f 1211/1211 1213/1213 1214/1214
f 1214/1214 1213/1213 1215/1215
f 1214/1214 1215/1215 1216/1216
f 1216/1216 1215/1215 1217/1217
f 1216/1216 1217/1217 1202/1202
f 1202/1202 1217/1217 1218/1218
f 1202/1202 1218/1218 1203/1203
f 1219/1219 1220/1220 1221/1221
f 1221/1221 1220/1220 1199/1199
f 1199/1199 1201/1201 1221/1221
f 1221/1221 1201/1201 1208/1208
f 1221/1221 1208/1208 1222/1222
f 1222/1222 1208/1208 1211/1211
f 1222/1222 1211/1211 1223/1223
f 1223/1223 1211/1211 1214/1214
f 1223/1223 1214/1214 1224/1224
f 1224/1224 1214/1214 1216/1216
f 1224/1224 1216/1216 1225/1225
f 1225/1225 1216/1216 1202/1202
f 1225/1225 1202/1202 1226/1226
f 1227/1227 1228/1228 1229/1229
f 1229/1229 1228/1228 1219/1219
f 1204/1204 1230/1230 1202/1202
f 1202/1202 1230/1230 1231/1231
f 1202/1202 1231/1231 1226/1226
f 1226/1226 1231/1231 1232/1232
f 1226/1226 1232/1232 1233/1233
f 1219/1219 1221/1221 1229/1229
f 1229/1229 1221/1221 1222/1222
f 1229/1229 1222/1222 1234/1234
f 1234/1234 1222/1222 1223/1223
f 1234/1234 1223/1223 1235/1235
f 1235/1235 1223/1223 1224/1224
f 1235/1235 1224/1224 1236/1236
f 1236/1236 1224/1224 1225/1225
f 1236/1236 1225/1225 1237/1237
f 1237/1237 1225/1225 1226/1226
f 1237/1237 1226/1226 1238/1238
f 1238/1238 1226/1226 1233/1233
f 1238/1238 1233/1233 1239/1239
f 1227/1227 1229/1229 1240/1240
f 1240/1240 1229/1229 1234/1234
f 1240/1240 1234/1234 1241/1241
f 1241/1241 1234/1234 1235/1235
f 1241/1241 1235/1235 1242/1242
f 1242/1242 1235/1235 1236/1236
f 1242/1242 1236/1236 1243/1243
f 1243/1243 1236/1236 1237/1237
f 1243/1243 1237/1237 1244/1244
f 1244/1244 1237/1237 1238/1238
f 1244/1244 1238/1238 1245/1245
f 1245/1245 1238/1238 1239/1239
f 1245/1245 1239/1239 1246/1246
f 1227/1227 1247/1247 1228/1228
f 1228/1228 1247/1247 1248/1248
f 1228/1228 1248/1248 1219/1219
f 1219/1219 1248/1248 1249/1249
f 1219/1219 1249/1249 1220/1220
f 1220/1220 1249/1249 1250/1250
f 1220/1220 1250/1250 1199/1199
f 1199/1199 1250/1250 1251/1251
f 1199/1199 1251/1251 1200/1200
f 1200/1200 1251/1251 1252/1252
f 1200/1200 1252/1252 1205/1205
f 1205/1205 1252/1252 1253/1253
f 1254/1254 1246/1246 1255/1255
f 1255/1255 1246/1246 1239/1239
f 1255/1255 1239/1239 1256/1256
f 1256/1256 1239/1239 1233/1233
f 1256/1256 1233/1233 1257/1257
f 1257/1257 1233/1233 1232/1232
f 1257/1257 1232/1232 1258/1258
f 1258/1258 1232/1232 1231/1231
f 1258/1258 1231/1231 1259/1259
f 1259/1259 1231/1231 1230/1230
f 1259/1259 1230/1230 1260/1260
f 1260/1260 1230/1230 1204/1204
f 1261/1261 1262/1262 1263/1263
f 1264/1264 1265/1265 1253/1253
f 1262/1262 1266/1266 1267/1267
f 1262/1262 1267/1267 1263/1263
f 1263/1263 1267/1267 1268/1268
f 1263/1263 1268/1268 1269/1269
f 1268/1268 1270/1270 1269/1269
f 1269/1269 1270/1270 1271/1271
f 1269/1269 1271/1271 1272/1272
f 1271/1271 1273/1273 1272/1272
f 1272/1272 1273/1273 1274/1274
f 1272/1272 1274/1274 1275/1275
f 1275/1275 1274/1274 1276/1276
f 1275/1275 1276/1276 1277/1277
f 1277/1277 1276/1276 1278/1278
f 1277/1277 1278/1278 1264/1264
f 1264/1264 1278/1278 1279/1279
f 1264/1264 1279/1279 1265/1265
f 1280/1280 1281/1281 1282/1282
f 1282/1282 1281/1281 1261/1261
f 1261/1261 1263/1263 1282/1282
f 1282/1282 1263/1263 1269/1269
f 1282/1282 1269/1269 1283/1283
f 1283/1283 1269/1269 1272/1272
f 1283/1283 1272/1272 1284/1284
f 1284/1284 1272/1272 1275/1275
f 1284/1284 1275/1275 1285/1285
f 1285/1285 1275/1275 1277/1277
f 1285/1285 1277/1277 1286/1286
f 1286/1286 1277/1277 1264/1264
f 1286/1286 1264/1264 1287/1287
f 1288/1288 1289/1289 1290/1290
f 1290/1290 1289/1289 1280/1280
f 1253/1253 1252/1252 1264/1264
f 1264/1264 1252/1252 1251/1251
f 1264/1264 1251/1251 1287/1287
f 1287/1287 1251/1251 1250/1250
f 1287/1287 1250/1250 1249/1249
f 1280/1280 1282/1282 1290/1290
f 1290/1290 1282/1282 1283/1283
f 1290/1290 1283/1283 1291/1291
f 1291/1291 1283/1283 1284/1284
f 1291/1291 1284/1284 1292/1292
f 1292/1292 1284/1284 1285/1285
f 1292/1292 1285/1285 1293/1293
f 1293/1293 1285/1285 1286/1286
f 1293/1293 1286/1286 1294/1294
f 1294/1294 1286/1286 1287/1287
f 1294/1294 1287/1287 1295/1295
f 1295/1295 1287/1287 1249/1249
f 1295/1295 1249/1249 1248/1248
f 1288/1288 1290/1290 1296/1296
f 1296/1296 1290/1290 1291/1291
f 1296/1296 1291/1291 1297/1297
f 1297/1297 1291/1291 1292/1292
f 1297/1297 1292/1292 1298/1298
f 1298/1298 1292/1292 1293/1293
f 1298/1298 1293/1293 1299/1299
f 1299/1299 1293/1293 1294/1294
f 1299/1299 1294/1294 1300/1300
f 1300/1300 1294/1294 1295/1295
f 1300/1300 1295/1295 1301/1301
f 1301/1301 1295/1295 1248/1248
f 1301/1301 1248/1248 1247/1247
f 1302/1302 1303/1303 1304/1304
f 1260/1260 1303/1303 1259/1259
f 1259/1259 1303/1303 1302/1302
f 1259/1259 1302/1302 1258/1258
f 1258/1258 1302/1302 1305/1305
f 1304/1304 1306/1306 1302/1302
f 1302/1302 1306/1306 1307/1307
f 1302/1302 1307/1307 1305/1305
f 1308/1308 1256/1256 1305/1305
f 1305/1305 1256/1256 1257/1257
f 1305/1305 1257/1257 1258/1258
f 1309/1309 1254/1254 1308/1308
f 1308/1308 1254/1254 1255/1255
f 1308/1308 1255/1255 1256/1256
f 1307/1307 1310/1310 1305/1305
f 1305/1305 1310/1310 1311/1311
f 1305/1305 1311/1311 1308/1308
f 1308/1308 1311/1311 1312/1312
f 1308/1308 1312/1312 1309/1309
f 1309/1309 1312/1312 1313/1313
f 1314/1314 1266/1266 1315/1315
f 1315/1315 1266/1266 1262/1262
f 1315/1315 1262/1262 1316/1316
f 1316/1316 1262/1262 1261/1261
f 1316/1316 1261/1261 1317/1317
f 1317/1317 1261/1261 1281/1281
f 1317/1317 1281/1281 1318/1318
f 1318/1318 1281/1281 1280/1280
f 1318/1318 1280/1280 1319/1319
f 1319/1319 1280/1280 1289/1289
f 1319/1319 1289/1289 1320/1320
f 1320/1320 1289/1289 1288/1288
f 1304/1304 1321/1321 1306/1306
f 1306/1306 1321/1321 1322/1322
f 1306/1306 1322/1322 1307/1307
f 1307/1307 1322/1322 1323/1323
f 1307/1307 1323/1323 1310/1310
f 1310/1310 1323/1323 1324/1324
f 1310/1310 1324/1324 1311/1311
f 1311/1311 1324/1324 1325/1325
f 1311/1311 1325/1325 1312/1312
f 1312/1312 1325/1325 1326/1326
f 1312/1312 1326/1326 1313/1313
f 1313/1313 1326/1326 1327/1327
f 1328/1328 1329/1329 1330/1330
f 1331/1331 1332/1332 1314/1314
f 1329/1329 1333/1333 1334/1334
f 1329/1329 1334/1334 1330/1330
f 1330/1330 1334/1334 1335/1335
f 1330/1330 1335/1335 1336/1336
f 1335/1335 1337/1337 1336/1336
f 1336/1336 1337/1337 1338/1338
f 1336/1336 1338/1338 1339/1339
f 1338/1338 1340/1340 1339/1339
f 1339/1339 1340/1340 1341/1341
f 1339/1339 1341/1341 1342/1342
f 1342/1342 1341/1341 1343/1343
f 1342/1342 1343/1343 1344/1344
f 1344/1344 1343/1343 1345/1345
f 1344/1344 1345/1345 1331/1331
f 1331/1331 1345/1345 1346/1346
f 1331/1331 1346/1346 1332/1332
f 1347/1347 1348/1348 1349/1349
f 1349/1349 1348/1348 1328/1328
f 1328/1328 1330/1330 1349/1349
f 1349/1349 1330/1330 1336/1336
f 1349/1349 1336/1336 1350/1350
f 1350/1350 1336/1336 1339/1339
f 1350/1350 1339/1339 1351/1351
f 1351/1351 1339/1339 1342/1342
f 1351/1351 1342/1342 1352/1352
f 1352/1352 1342/1342 1344/1344
f 1352/1352 1344/1344 1353/1353
f 1353/1353 1344/1344 1331/1331
f 1353/1353 1331/1331 1354/1354
f 1355/1355 1356/1356 1357/1357
f 1357/1357 1356/1356 1347/1347
f 1314/1314 1315/1315 1331/1331
f 1331/1331 1315/1315 1316/1316
f 1331/1331 1316/1316 1354/1354
f 1354/1354 1316/1316 1317/1317
f 1354/1354 1317/1317 1318/1318
f 1347/1347 1349/1349 1357/1357
f 1357/1357 1349/1349 1350/1350
f 1357/1357 1350/1350 1358/1358
f 1358/1358 1350/1350 1351/1351
f 1358/1358 1351/1351 1359/1359
f 1359/1359 1351/1351 1352/1352
f 1359/1359 1352/1352 1360/1360
f 1360/1360 1352/1352 1353/1353
f 1360/1360 1353/1353 1361/1361
f 1361/1361 1353/1353 1354/1354
f 1361/1361 1354/1354 1362/1362
f 1362/1362 1354/1354 1318/1318
f 1362/1362 1318/1318 1319/1319
f 1355/1355 1357/1357 1363/1363
f 1363/1363 1357/1357 1358/1358
f 1363/1363 1358/1358 1364/1364
f 1364/1364 1358/1358 1359/1359
f 1364/1364 1359/1359 1365/1365
f 1365/1365 1359/1359 1360/1360
f 1365/1365 1360/1360 1366/1366
f 1366/1366 1360/1360 1361/1361
f 1366/1366 1361/1361 1367/1367
f 1367/1367 1361/1361 1362/1362
f 1367/1367 1362/1362 1368/1368
f 1368/1368 1362/1362 1319/1319
f 1368/1368 1319/1319 1320/1320
f 1323/1323 1322/1322 1369/1369
f 1322/1322 1321/1321 1370/1370
f 1322/1322 1370/1370 1369/1369
f 1369/1369 1370/1370 1371/1371
f 1369/1369 1371/1371 1372/1372
f 1371/1371 1373/1373 1372/1372
f 1372/1372 1373/1373 1374/1374
f 1372/1372 1374/1374 1375/1375
f 1375/1375 1374/1374 1376/1376
f 1375/1375 1376/1376 1377/1377
f 1377/1377 1376/1376 1378/1378
f 1377/1377 1378/1378 1379/1379
f 1378/1378 1380/1380 1379/1379
f 1379/1379 1380/1380 1381/1381
f 1379/1379 1381/1381 1382/1382
f 1382/1382 1381/1381 1383/1383
f 1382/1382 1383/1383 1384/1384
f 1384/1384 1383/1383 1385/1385
f 1384/1384 1385/1385 1386/1386
f 1385/1385 1387/1387 1386/1386
f 1386/1386 1387/1387 1388/1388
f 1386/1386 1388/1388 1389/1389
f 1325/1325 1324/1324 1390/1390
f 1390/1390 1324/1324 1323/1323
f 1323/1323 1369/1369 1390/1390
f 1390/1390 1369/1369 1372/1372
f 1390/1390 1372/1372 1391/1391
f 1391/1391 1372/1372 1375/1375
f 1391/1391 1375/1375 1392/1392
f 1392/1392 1375/1375 1377/1377
f 1392/1392 1377/1377 1393/1393
f 1393/1393 1377/1377 1379/1379
f 1393/1393 1379/1379 1394/1394
f 1394/1394 1379/1379 1382/1382
f 1394/1394 1382/1382 1395/1395
f 1395/1395 1382/1382 1384/1384
f 1395/1395 1384/1384 1396/1396
f 1396/1396 1384/1384 1386/1386
f 1396/1396 1386/1386 1397/1397
f 1397/1397 1386/1386 1389/1389
f 1397/1397 1389/1389 1398/1398
f 1327/1327 1326/1326 1399/1399
f 1399/1399 1326/1326 1325/1325
f 1325/1325 1390/1390 1399/1399
f 1399/1399 1390/1390 1391/1391
f 1399/1399 1391/1391 1400/1400
f 1400/1400 1391/1391 1392/1392
f 1400/1400 1392/1392 1401/1401
f 1401/1401 1392/1392 1393/1393
f 1401/1401 1393/1393 1402/1402
f 1402/1402 1393/1393 1394/1394
f 1402/1402 1394/1394 1403/1403
f 1403/1403 1394/1394 1395/1395
f 1403/1403 1395/1395 1404/1404
f 1404/1404 1395/1395 1396/1396
f 1404/1404 1396/1396 1405/1405
f 1405/1405 1396/1396 1397/1397
f 1405/1405 1397/1397 1406/1406
f 1406/1406 1397/1397 1398/1398
f 1406/1406 1398/1398 1407/1407
f 1327/1327 1399/1399 1408/1408
f 1408/1408 1399/1399 1400/1400
f 1408/1408 1400/1400 1409/1409
f 1409/1409 1400/1400 1401/1401
f 1409/1409 1401/1401 1410/1410
f 1410/1410 1401/1401 1402/1402
f 1410/1410 1402/1402 1411/1411
f 1411/1411 1402/1402 1403/1403
f 1411/1411 1403/1403 1412/1412
f 1412/1412 1403/1403 1404/1404
f 1412/1412 1404/1404 1413/1413
f 1413/1413 1404/1404 1405/1405
f 1413/1413 1405/1405 1414/1414
f 1414/1414 1405/1405 1406/1406
f 1414/1414 1406/1406 1415/1415
f 1415/1415 1406/1406 1407/1407
f 1415/1415 1407/1407 1416/1416
f 1355/1355 1417/1417 1356/1356
f 1356/1356 1417/1417 1418/1418
f 1356/1356 1418/1418 1347/1347
f 1347/1347 1418/1418 1419/1419
f 1347/1347 1419/1419 1348/1348
f 1348/1348 1419/1419 1420/1420
f 1348/1348 1420/1420 1328/1328
f 1328/1328 1420/1420 1421/1421
f 1328/1328 1421/1421 1329/1329
f 1329/1329 1421/1421 1422/1422
f 1329/1329 1422/1422 1333/1333
f 1333/1333 1422/1422 1423/1423
f 1424/1424 1416/1416 1407/1407
f 1424/1424 1407/1407 1425/1425
f 1425/1425 1407/1407 1398/1398
f 1425/1425 1398/1398 1426/1426
f 1426/1426 1398/1398 1389/1389
f 1426/1426 1389/1389 1427/1427
f 1427/1427 1389/1389 1388/1388
f 1427/1427 1388/1388 1428/1428
f 1429/1429 1430/1430 1423/1423
f 1431/1431 1430/1430 1432/1432
f 1432/1432 1430/1430 1429/1429
f 1432/1432 1429/1429 1433/1433
f 1433/1433 1429/1429 1434/1434
f 1423/1423 1422/1422 1429/1429
f 1429/1429 1422/1422 1421/1421
f 1429/1429 1421/1421 1434/1434
f 1435/1435 1436/1436 1434/1434
f 1434/1434 1436/1436 1437/1437
f 1434/1434 1437/1437 1433/1433
f 1438/1438 1439/1439 1435/1435
f 1435/1435 1439/1439 1440/1440
f 1435/1435 1440/1440 1436/1436
f 1421/1421 1420/1420 1434/1434
f 1434/1434 1420/1420 1419/1419
f 1434/1434 1419/1419 1435/1435
f 1435/1435 1419/1419 1418/1418
f 1435/1435 1418/1418 1438/1438
f 1438/1438 1418/1418 1417/1417
f 1441/1441 1442/1442 1443/1443
f 1444/1444 1445/1445 1446/1446
f 1446/1446 1445/1445 1447/1447
f 1446/1446 1447/1447 1448/1448
f 1448/1448 1447/1447 1449/1449
f 1448/1448 1449/1449 1450/1450
f 1450/1450 1449/1449 1451/1451
f 1450/1450 1451/1451 1452/1452
f 1453/1453 1424/1424 1454/1454
f 1454/1454 1424/1424 1425/1425
f 1454/1454 1425/1425 1455/1455
f 1455/1455 1425/1425 1426/1426
f 1455/1455 1426/1426 1456/1456
f 1456/1456 1426/1426 1427/1427
f 1457/1457 1458/1458 1459/1459
f 1459/1459 1458/1458 1460/1460
f 1459/1459 1460/1460 1461/1461
f 1461/1461 1460/1460 1462/1462
f 1461/1461 1462/1462 1463/1463
f 1463/1463 1462/1462 1443/1443
f 1463/1463 1443/1443 1464/1464
f 1464/1464 1443/1443 1442/1442
f 1452/1452 1441/1441 1450/1450
f 1450/1450 1441/1441 1443/1443
f 1450/1450 1443/1443 1448/1448
f 1448/1448 1443/1443 1462/1462
f 1448/1448 1462/1462 1446/1446
f 1446/1446 1462/1462 1460/1460
f 1446/1446 1460/1460 1444/1444
f 1444/1444 1460/1460 1458/1458
f 1465/1465 1466/1466 1451/1451
f 1451/1451 1466/1466 1467/1467
f 1451/1451 1467/1467 1452/1452
f 1445/1445 1453/1453 1447/1447
f 1447/1447 1453/1453 1454/1454
f 1447/1447 1454/1454 1449/1449
f 1449/1449 1454/1454 1455/1455
f 1449/1449 1455/1455 1451/1451
f 1451/1451 1455/1455 1456/1456
f 1451/1451 1456/1456 1465/1465
f 1465/1465 1456/1456 1427/1427
f 1465/1465 1427/1427 1428/1428
f 1468/1468 1431/1431 1469/1469
f 1469/1469 1431/1431 1432/1432
f 1469/1469 1432/1432 1470/1470
f 1470/1470 1432/1432 1433/1433
f 1470/1470 1433/1433 1471/1471
f 1471/1471 1433/1433 1437/1437
f 1471/1471 1437/1437 1472/1472
f 1472/1472 1437/1437 1436/1436
f 1472/1472 1436/1436 1473/1473
f 1473/1473 1436/1436 1440/1440
f 1473/1473 1440/1440 1474/1474
f 1474/1474 1440/1440 1439/1439
f 1475/1475 1457/1457 1459/1459
f 1475/1475 1459/1459 1476/1476
f 1476/1476 1459/1459 1461/1461
f 1476/1476 1461/1461 1477/1477
f 1477/1477 1461/1461 1463/1463
f 1477/1477 1463/1463 1478/1478
f 1478/1478 1463/1463 1464/1464
f 1478/1478 1464/1464 1479/1479
f 1474/1474 1480/1480 1473/1473
f 1473/1473 1480/1480 1481/1481
f 1482/1482 1470/1470 1483/1483
f 1483/1483 1470/1470 1471/1471
f 1483/1483 1471/1471 1481/1481
f 1481/1481 1471/1471 1472/1472
f 1481/1481 1472/1472 1473/1473
f 1484/1484 1468/1468 1482/1482
f 1482/1482 1468/1468 1469/1469
f 1482/1482 1469/1469 1470/1470
f 1480/1480 1475/1475 1481/1481
f 1481/1481 1475/1475 1476/1476
f 1481/1481 1476/1476 1483/1483
f 1483/1483 1476/1476 1477/1477
f 1483/1483 1477/1477 1482/1482
f 1482/1482 1477/1477 1478/1478
f 1482/1482 1478/1478 1484/1484
f 1484/1484 1478/1478 1479/1479
f 1485/1485 1486/1486 1487/1487
f 1487/1487 1486/1486 1488/1488
f 1487/1487 1488/1488 1489/1489
f 1489/1489 1488/1488 1490/1490
f 1489/1489 1490/1490 1491/1491
f 1491/1491 1490/1490 1492/1492
f 1491/1491 1492/1492 1493/1493
f 1493/1493 1492/1492 1494/1494
f 1495/1495 1496/1496 1497/1497
f 1497/1497 1496/1496 1498/1498
f 1497/1497 1498/1498 1499/1499
f 1499/1499 1498/1498 1500/1500
f 1501/1501 1502/1502 1503/1503
f 1503/1503 1502/1502 1504/1504
f 1505/1505 1506/1506 1507/1507
f 1507/1507 1506/1506 1508/1508
f 1507/1507 1508/1508 1509/1509
f 1509/1509 1508/1508 1510/1510
f 1509/1509 1510/1510 1511/1511
f 1511/1511 1510/1510 1512/1512
f 1511/1511 1512/1512 1513/1513
f 1513/1513 1512/1512 1514/1514
f 1515/1515 1516/1516 1517/1517
f 1517/1517 1516/1516 1518/1518
f 1519/1519 1520/1520 1521/1521
f 1521/1521 1520/1520 1522/1522
f 1521/1521 1522/1522 1523/1523
f 1523/1523 1522/1522 1524/1524
f 1525/1525 1526/1526 1527/1527
f 1525/1525 1527/1527 1528/1528
f 1528/1528 1527/1527 1529/1529
f 1528/1528 1529/1529 1530/1530
f 1529/1529 1531/1531 1530/1530
f 1530/1530 1531/1531 1532/1532
f 1530/1530 1532/1532 1533/1533
f 1533/1533 1532/1532 1534/1534
f 1533/1533 1534/1534 1535/1535
f 1535/1535 1534/1534 1536/1536
f 1535/1535 1536/1536 1537/1537
f 1537/1537 1536/1536 1538/1538
f 1537/1537 1538/1538 1539/1539
f 1539/1539 1538/1538 1540/1540
f 1539/1539 1540/1540 1541/1541
f 1495/1495 1493/1493 1496/1496
f 1496/1496 1493/1493 1494/1494
f 1542/1542 1543/1543 1544/1544
f 1545/1545 1546/1546 1547/1547
f 1547/1547 1546/1546 1548/1548
f 1547/1547 1548/1548 1549/1549
f 1549/1549 1548/1548 1550/1550
f 1549/1549 1550/1550 1551/1551
f 1542/1542 1544/1544 1552/1552
f 1552/1552 1544/1544 1553/1553
f 1552/1552 1553/1553 1554/1554
f 1554/1554 1553/1553 1555/1555
f 1554/1554 1555/1555 1556/1556
f 1556/1556 1555/1555 1557/1557
f 1556/1556 1557/1557 1545/1545
f 1545/1545 1557/1557 1558/1558
f 1545/1545 1558/1558 1546/1546
f 1515/1515 1513/1513 1516/1516
f 1516/1516 1513/1513 1514/1514
f 1559/1559 1560/1560 1561/1561
f 1559/1559 1561/1561 1562/1562
f 1563/1563 1564/1564 1565/1565
f 1565/1565 1566/1566 1563/1563
f 1563/1563 1566/1566 1567/1567
f 1563/1563 1567/1567 1561/1561
f 1561/1561 1567/1567 1568/1568
f 1561/1561 1568/1568 1562/1562
f 1569/1569 1570/1570 1571/1571
f 1572/1572 1573/1573 1574/1574
f 1574/1574 1573/1573 1575/1575
f 1571/1571 1576/1576 1569/1569
f 1569/1569 1576/1576 1577/1577
f 1569/1569 1577/1577 1573/1573
f 1573/1573 1577/1577 1578/1578
f 1573/1573 1578/1578 1575/1575
f 1579/1579 1580/1580 1581/1581
f 1581/1581 1580/1580 1582/1582
f 1583/1583 1584/1584 1585/1585
f 1585/1585 1584/1584 1586/1586
f 1585/1585 1586/1586 1587/1587
f 1587/1587 1586/1586 1588/1588
f 1589/1589 1587/1587 1590/1590
f 1590/1590 1587/1587 1588/1588
f 1589/1589 1590/1590 1591/1591
f 1591/1591 1590/1590 1592/1592
f 1591/1591 1592/1592 1593/1593
f 1593/1593 1592/1592 1594/1594
f 1595/1595 1596/1596 1597/1597
f 1597/1597 1596/1596 1598/1598
f 1599/1599 1600/1600 1601/1601
f 1601/1601 1600/1600 1602/1602
f 1603/1603 1604/1604 1605/1605
f 1606/1606 1607/1607 1602/1602
f 1602/1602 1607/1607 1608/1608
f 1602/1602 1608/1608 1601/1601
f 1604/1604 1603/1603 1609/1609
f 1609/1609 1603/1603 1610/1610
f 1609/1609 1610/1610 1611/1611
f 1605/1605 1612/1612 1603/1603
f 1603/1603 1612/1612 1613/1613
f 1603/1603 1613/1613 1614/1614
f 1606/1606 1615/1615 1607/1607
f 1607/1607 1615/1615 1616/1616
f 1607/1607 1616/1616 1617/1617
f 1617/1617 1616/1616 1618/1618
f 1617/1617 1618/1618 1619/1619
f 1619/1619 1618/1618 1620/1620
f 1619/1619 1620/1620 1612/1612
f 1612/1612 1620/1620 1621/1621
f 1612/1612 1621/1621 1613/1613
f 1622/1622 1623/1623 1624/1624
f 1624/1624 1623/1623 1625/1625
f 1626/1626 1627/1627 1628/1628
f 1628/1628 1627/1627 1624/1624
f 1628/1628 1624/1624 1629/1629
f 1629/1629 1624/1624 1625/1625
f 1626/1626 1630/1630 1627/1627
f 1627/1627 1630/1630 1631/1631
f 1627/1627 1631/1631 1632/1632
f 1632/1632 1631/1631 1633/1633
f 1632/1632 1633/1633 1634/1634
f 1634/1634 1633/1633 1635/1635
f 1634/1634 1635/1635 1636/1636
f 1636/1636 1635/1635 1637/1637
f 1624/1624 1638/1638 1622/1622
f 1622/1622 1638/1638 1639/1639
f 1622/1622 1639/1639 1640/1640
f 1640/1640 1639/1639 1641/1641
f 1640/1640 1641/1641 1637/1637
f 1637/1637 1641/1641 1642/1642
f 1637/1637 1642/1642 1636/1636
f 1643/1643 1644/1644 1645/1645
f 1646/1646 1647/1647 1648/1648
f 1648/1648 1647/1647 1649/1649
f 1648/1648 1649/1649 1650/1650
f 1650/1650 1649/1649 1651/1651
f 1645/1645 1644/1644 1648/1648
f 1648/1648 1644/1644 1652/1652
f 1648/1648 1652/1652 1646/1646
f 1651/1651 1653/1653 1650/1650
f 1650/1650 1653/1653 1654/1654
f 1650/1650 1654/1654 1655/1655
f 1655/1655 1654/1654 1656/1656
f 1655/1655 1656/1656 1657/1657
f 1657/1657 1656/1656 1658/1658
f 1645/1645 1659/1659 1643/1643
f 1643/1643 1659/1659 1660/1660
f 1643/1643 1660/1660 1661/1661
f 1661/1661 1660/1660 1662/1662
f 1661/1661 1662/1662 1658/1658
f 1658/1658 1662/1662 1663/1663
f 1658/1658 1663/1663 1657/1657
f 1664/1664 1665/1665 1666/1666
f 1667/1667 1668/1668 1666/1666
f 1666/1666 1668/1668 1669/1669
f 1666/1666 1669/1669 1664/1664
f 1670/1670 1671/1671 1672/1672
f 1672/1672 1671/1671 1673/1673
f 1672/1672 1673/1673 1674/1674
f 1674/1674 1673/1673 1675/1675
f 1671/1671 1670/1670 1676/1676
f 1676/1676 1670/1670 1677/1677
f 1676/1676 1677/1677 1678/1678
f 1678/1678 1677/1677 1679/1679
f 1678/1678 1679/1679 1680/1680
f 1680/1680 1679/1679 1681/1681
f 1680/1680 1681/1681 1682/1682
f 1682/1682 1681/1681 1683/1683
f 1682/1682 1683/1683 1684/1684
f 1684/1684 1683/1683 1685/1685
f 1684/1684 1685/1685 1686/1686
f 1686/1686 1685/1685 1687/1687
f 1686/1686 1687/1687 1688/1688
f 1688/1688 1687/1687 1689/1689
f 1688/1688 1689/1689 1690/1690
f 1690/1690 1689/1689 1691/1691
f 1690/1690 1691/1691 1667/1667
f 1667/1667 1691/1691 1668/1668
f 1692/1692 1693/1693 1694/1694
f 1692/1692 1694/1694 1598/1598
f 1598/1598 1694/1694 1695/1695
f 1598/1598 1695/1695 1696/1696
f 1697/1697 1698/1698 1503/1503
f 1696/1696 1699/1699 1598/1598
f 1598/1598 1699/1699 1700/1700
f 1598/1598 1700/1700 1701/1701
f 1701/1701 1702/1702 1598/1598
f 1598/1598 1702/1702 1703/1703
f 1598/1598 1703/1703 1704/1704
f 1504/1504 1597/1597 1503/1503
f 1503/1503 1597/1597 1598/1598
f 1503/1503 1598/1598 1697/1697
f 1697/1697 1598/1598 1704/1704
f 1697/1697 1704/1704 1705/1705
f 1705/1705 1704/1704 1706/1706
f 1705/1705 1706/1706 1707/1707
f 1708/1708 1709/1709 1580/1580
f 1579/1579 1486/1486 1580/1580
f 1580/1580 1486/1486 1485/1485
f 1580/1580 1485/1485 1708/1708
f 1708/1708 1485/1485 1710/1710
f 1708/1708 1710/1710 1711/1711
f 1712/1712 1713/1713 1711/1711
f 1711/1711 1713/1713 1714/1714
f 1711/1711 1714/1714 1708/1708
f 1712/1712 1715/1715 1716/1716
f 1715/1715 1712/1712 1717/1717
f 1717/1717 1712/1712 1711/1711
f 1717/1717 1711/1711 1718/1718
f 1718/1718 1711/1711 1719/1719
f 1718/1718 1719/1719 1720/1720
f 1716/1716 1721/1721 1712/1712
f 1712/1712 1721/1721 1722/1722
f 1712/1712 1722/1722 1723/1723
f 1724/1724 1725/1725 1726/1726
f 1726/1726 1725/1725 1727/1727
f 1726/1726 1727/1727 1728/1728
f 1728/1728 1727/1727 1729/1729
f 1725/1725 1724/1724 1730/1730
f 1730/1730 1724/1724 1731/1731
f 1730/1730 1731/1731 1732/1732
f 1732/1732 1731/1731 1733/1733
f 1732/1732 1733/1733 1734/1734
f 1734/1734 1733/1733 1735/1735
f 1734/1734 1735/1735 1736/1736
f 1736/1736 1735/1735 1737/1737
f 1736/1736 1737/1737 1738/1738
f 1738/1738 1737/1737 1739/1739
f 1738/1738 1739/1739 1740/1740
f 1740/1740 1739/1739 1741/1741
f 1740/1740 1741/1741 1742/1742
f 1742/1742 1741/1741 1743/1743
f 1742/1742 1743/1743 1744/1744
f 1744/1744 1743/1743 1745/1745
f 1744/1744 1745/1745 1746/1746
f 1746/1746 1745/1745 1747/1747
f 1748/1748 1749/1749 1750/1750
f 1746/1746 1747/1747 1750/1750
f 1750/1750 1747/1747 1751/1751
f 1750/1750 1751/1751 1748/1748
f 1729/1729 1727/1727 1752/1752
f 1752/1752 1727/1727 1709/1709
f 1752/1752 1709/1709 1708/1708
f 1693/1693 1692/1692 1753/1753
f 1753/1753 1692/1692 1750/1750
f 1753/1753 1750/1750 1749/1749
f 1138/1138 1754/1754 1755/1755
f 1054/1054 1052/1052 1756/1756
f 1756/1756 1052/1052 1757/1757
f 1758/1758 954/954 1759/1759
f 1759/1759 954/954 928/928
f 1759/1759 928/928 926/926
f 1052/1052 1051/1051 1757/1757
f 1757/1757 1051/1051 1050/1050
f 1757/1757 1050/1050 1760/1760
f 1760/1760 1050/1050 1137/1137
f 1760/1760 1137/1137 1761/1761
f 1054/1054 1756/1756 1056/1056
f 1056/1056 1756/1756 1762/1762
f 1056/1056 1762/1762 1080/1080
f 1080/1080 1762/1762 1049/1049
f 1049/1049 1762/1762 1763/1763
f 1049/1049 1763/1763 1028/1028
f 1028/1028 1763/1763 983/983
f 983/983 1763/1763 1764/1764
f 983/983 1764/1764 984/984
f 984/984 1764/1764 1765/1765
f 984/984 1765/1765 985/985
f 985/985 1765/1765 987/987
f 987/987 1765/1765 1766/1766
f 987/987 1766/1766 989/989
f 926/926 924/924 1759/1759
f 1759/1759 924/924 923/923
f 1759/1759 923/923 1767/1767
f 1767/1767 923/923 922/922
f 1767/1767 922/922 1768/1768
f 1768/1768 922/922 967/967
f 1768/1768 967/967 1769/1769
f 1769/1769 967/967 982/982
f 1769/1769 982/982 1766/1766
f 1766/1766 982/982 1013/1013
f 1766/1766 1013/1013 989/989
f 1770/1770 1018/1018 1771/1771
f 1771/1771 1018/1018 1017/1017
f 1771/1771 1017/1017 1772/1772
f 1772/1772 1017/1017 974/974
f 1772/1772 974/974 1773/1773
f 1773/1773 974/974 921/921
f 1773/1773 921/921 1758/1758
f 1758/1758 921/921 920/920
f 1758/1758 920/920 954/954
f 1774/1774 1775/1775 1776/1776
f 1776/1776 1775/1775 1777/1777
f 1776/1776 1777/1777 1778/1778
f 1778/1778 1777/1777 1779/1779
f 1778/1778 1779/1779 1780/1780
f 1781/1781 1086/1086 1782/1782
f 1782/1782 1086/1086 1035/1035
f 1782/1782 1035/1035 1783/1783
f 1783/1783 1035/1035 1018/1018
f 1783/1783 1018/1018 1784/1784
f 1784/1784 1018/1018 1770/1770
f 1784/1784 1770/1770 1774/1774
f 1774/1774 1770/1770 1785/1785
f 1774/1774 1785/1785 1775/1775
f 1786/1786 1089/1089 1781/1781
f 1781/1781 1089/1089 1122/1122
f 1781/1781 1122/1122 1086/1086
f 1787/1787 1098/1098 1786/1786
f 1786/1786 1098/1098 1090/1090
f 1786/1786 1090/1090 1089/1089
f 1137/1137 1144/1144 1761/1761
f 1761/1761 1144/1144 1146/1146
f 1761/1761 1146/1146 1788/1788
f 1788/1788 1146/1146 1182/1182
f 1788/1788 1182/1182 1789/1789
f 1789/1789 1182/1182 1198/1198
f 1193/1193 1172/1172 1790/1790
f 1790/1790 1172/1172 1178/1178
f 1790/1790 1178/1178 1179/1179
f 1780/1780 1790/1790 1778/1778
f 1778/1778 1790/1790 1179/1179
f 1778/1778 1179/1179 1791/1791
f 1791/1791 1179/1179 1180/1180
f 1791/1791 1180/1180 1755/1755
f 1755/1755 1180/1180 1181/1181
f 1755/1755 1181/1181 1138/1138
f 1792/1792 1106/1106 1787/1787
f 1787/1787 1106/1106 1099/1099
f 1787/1787 1099/1099 1098/1098
f 1754/1754 1138/1138 1793/1793
f 1793/1793 1138/1138 1111/1111
f 1793/1793 1111/1111 1792/1792
f 1792/1792 1111/1111 1110/1110
f 1792/1792 1110/1110 1106/1106
f 1198/1198 1193/1193 1789/1789
f 1789/1789 1193/1193 1790/1790
f 1789/1789 1790/1790 1794/1794
f 1794/1794 1790/1790 1768/1768
f 1794/1794 1768/1768 1795/1795
f 1795/1795 1768/1768 1769/1769
f 1003/1003 1796/1796 1034/1034
f 1034/1034 1796/1796 1797/1797
f 1798/1798 1799/1799 1008/1008
f 1008/1008 1799/1799 1009/1009
f 1009/1009 1799/1799 1800/1800
f 1009/1009 1800/1800 1010/1010
f 1266/1266 1801/1801 1267/1267
f 1267/1267 1801/1801 1802/1802
f 1010/1010 1800/1800 1002/1002
f 1002/1002 1800/1800 1796/1796
f 1002/1002 1796/1796 1003/1003
f 961/961 1253/1253 1014/1014
f 1014/1014 1253/1253 1265/1265
f 1014/1014 1265/1265 975/975
f 975/975 1265/1265 1279/1279
f 975/975 1279/1279 976/976
f 976/976 1279/1279 1278/1278
f 976/976 1278/1278 1005/1005
f 1005/1005 1278/1278 1276/1276
f 1005/1005 1276/1276 1006/1006
f 1006/1006 1276/1276 1274/1274
f 1006/1006 1274/1274 1007/1007
f 1007/1007 1274/1274 1273/1273
f 1007/1007 1273/1273 1008/1008
f 1008/1008 1273/1273 1271/1271
f 1008/1008 1271/1271 1798/1798
f 1798/1798 1271/1271 1270/1270
f 1798/1798 1270/1270 1802/1802
f 1802/1802 1270/1270 1268/1268
f 1802/1802 1268/1268 1267/1267
f 1253/1253 961/961 1205/1205
f 1205/1205 961/961 944/944
f 946/946 914/914 1803/1803
f 1803/1803 914/914 1804/1804
f 1215/1215 1805/1805 1217/1217
f 1217/1217 1805/1805 1806/1806
f 1217/1217 1806/1806 1218/1218
f 960/960 1807/1807 955/955
f 955/955 1807/1807 1804/1804
f 955/955 1804/1804 913/913
f 913/913 1804/1804 914/914
f 1218/1218 1806/1806 1203/1203
f 1203/1203 1806/1806 1808/1808
f 1203/1203 1808/1808 1204/1204
f 1803/1803 1805/1805 946/946
f 946/946 1805/1805 1215/1215
f 946/946 1215/1215 947/947
f 947/947 1215/1215 1213/1213
f 947/947 1213/1213 948/948
f 948/948 1213/1213 1212/1212
f 948/948 1212/1212 949/949
f 949/949 1212/1212 1210/1210
f 949/949 1210/1210 950/950
f 950/950 1210/1210 1209/1209
f 950/950 1209/1209 951/951
f 951/951 1209/1209 1207/1207
f 951/951 1207/1207 943/943
f 943/943 1207/1207 1206/1206
f 943/943 1206/1206 944/944
f 944/944 1206/1206 1205/1205
f 968/968 1809/1809 960/960
f 960/960 1809/1809 1807/1807
f 1027/1027 1810/1810 1811/1811
f 1027/1027 1811/1811 1023/1023
f 1023/1023 1811/1811 1809/1809
f 1023/1023 1809/1809 968/968
f 1464/1464 1442/1442 1812/1812
f 1812/1812 1442/1442 1813/1813
f 1442/1442 1441/1441 1813/1813
f 1813/1813 1441/1441 1452/1452
f 1813/1813 1452/1452 1814/1814
f 1814/1814 1452/1452 1467/1467
f 1814/1814 1467/1467 1815/1815
f 1467/1467 1466/1466 1815/1815
f 1815/1815 1466/1466 1465/1465
f 1815/1815 1465/1465 1816/1816
f 1816/1816 1465/1465 1428/1428
f 1816/1816 1428/1428 1817/1817
f 1818/1818 1479/1479 1819/1819
f 1819/1819 1479/1479 1464/1464
f 1819/1819 1464/1464 1812/1812
f 1187/1187 1820/1820 1166/1166
f 1166/1166 1820/1820 1821/1821
f 1166/1166 1821/1821 1822/1822
f 1823/1823 1824/1824 1825/1825
f 1825/1825 1824/1824 1826/1826
f 1825/1825 1826/1826 1818/1818
f 1818/1818 1826/1826 1827/1827
f 1818/1818 1827/1827 1479/1479
f 1479/1479 1827/1827 1828/1828
f 1479/1479 1828/1828 1829/1829
f 1825/1825 1830/1830 1823/1823
f 1823/1823 1830/1830 1831/1831
f 1823/1823 1831/1831 1832/1832
f 1833/1833 1834/1834 1187/1187
f 1187/1187 1834/1834 1835/1835
f 1187/1187 1835/1835 1820/1820
f 1820/1820 1835/1835 1836/1836
f 1820/1820 1836/1836 1837/1837
f 1837/1837 1836/1836 1838/1838
f 1837/1837 1838/1838 1839/1839
f 1839/1839 1838/1838 1832/1832
f 1839/1839 1832/1832 1840/1840
f 1840/1840 1832/1832 1831/1831
f 1479/1479 1829/1829 1484/1484
f 1484/1484 1829/1829 1841/1841
f 1484/1484 1841/1841 1468/1468
f 1842/1842 1431/1431 1843/1843
f 1843/1843 1431/1431 1844/1844
f 1468/1468 1841/1841 1431/1431
f 1431/1431 1841/1841 1845/1845
f 1431/1431 1845/1845 1844/1844
f 1131/1131 1846/1846 1152/1152
f 1152/1152 1846/1846 1847/1847
f 1152/1152 1847/1847 1151/1151
f 1070/1070 1848/1848 1131/1131
f 1131/1131 1848/1848 1846/1846
f 1034/1034 1797/1797 1081/1081
f 1081/1081 1797/1797 1849/1849
f 1850/1850 1043/1043 1849/1849
f 1849/1849 1043/1043 1042/1042
f 1849/1849 1042/1042 1081/1081
f 1075/1075 1074/1074 1851/1851
f 1851/1851 1074/1074 1073/1073
f 1851/1851 1073/1073 1850/1850
f 1850/1850 1073/1073 1072/1072
f 1850/1850 1072/1072 1043/1043
f 1075/1075 1851/1851 1076/1076
f 1076/1076 1851/1851 1852/1852
f 1076/1076 1852/1852 1077/1077
f 1077/1077 1852/1852 1069/1069
f 1069/1069 1852/1852 1848/1848
f 1069/1069 1848/1848 1070/1070
f 1853/1853 1417/1417 1355/1355
f 1854/1854 1855/1855 1247/1247
f 1853/1853 1355/1355 1856/1856
f 1417/1417 1853/1853 1438/1438
f 1438/1438 1853/1853 1857/1857
f 1438/1438 1857/1857 1439/1439
f 1858/1858 1859/1859 1860/1860
f 1861/1861 1862/1862 1366/1366
f 1355/1355 1363/1363 1856/1856
f 1856/1856 1363/1363 1364/1364
f 1856/1856 1364/1364 1862/1862
f 1862/1862 1364/1364 1365/1365
f 1862/1862 1365/1365 1366/1366
f 1439/1439 1857/1857 1474/1474
f 1474/1474 1857/1857 1863/1863
f 1474/1474 1863/1863 1480/1480
f 1858/1858 1860/1860 1864/1864
f 1864/1864 1860/1860 1865/1865
f 1864/1864 1865/1865 1866/1866
f 1453/1453 1445/1445 1867/1867
f 1868/1868 1869/1869 1410/1410
f 1866/1866 1327/1327 1870/1870
f 1870/1870 1327/1327 1408/1408
f 1870/1870 1408/1408 1869/1869
f 1869/1869 1408/1408 1409/1409
f 1869/1869 1409/1409 1410/1410
f 1241/1241 1871/1871 1240/1240
f 1240/1240 1871/1871 1854/1854
f 1240/1240 1854/1854 1227/1227
f 1227/1227 1854/1854 1247/1247
f 1453/1453 1867/1867 1424/1424
f 1872/1872 1245/1245 1873/1873
f 1873/1873 1245/1245 1246/1246
f 1873/1873 1246/1246 1874/1874
f 1241/1241 1242/1242 1871/1871
f 1871/1871 1242/1242 1243/1243
f 1871/1871 1243/1243 1872/1872
f 1872/1872 1243/1243 1244/1244
f 1872/1872 1244/1244 1245/1245
f 1865/1865 1875/1875 1866/1866
f 1866/1866 1875/1875 1876/1876
f 1866/1866 1876/1876 1327/1327
f 1327/1327 1876/1876 1877/1877
f 1327/1327 1877/1877 1313/1313
f 1313/1313 1877/1877 1878/1878
f 1313/1313 1878/1878 1309/1309
f 1309/1309 1878/1878 1874/1874
f 1309/1309 1874/1874 1254/1254
f 1254/1254 1874/1874 1246/1246
f 1366/1366 1367/1367 1861/1861
f 1861/1861 1367/1367 1368/1368
f 1861/1861 1368/1368 1879/1879
f 1879/1879 1368/1368 1320/1320
f 1879/1879 1320/1320 1880/1880
f 1880/1880 1320/1320 1288/1288
f 1880/1880 1288/1288 1881/1881
f 1444/1444 1458/1458 1882/1882
f 1882/1882 1458/1458 1457/1457
f 1410/1410 1411/1411 1868/1868
f 1868/1868 1411/1411 1412/1412
f 1868/1868 1412/1412 1883/1883
f 1445/1445 1444/1444 1867/1867
f 1867/1867 1444/1444 1882/1882
f 1867/1867 1882/1882 1884/1884
f 1884/1884 1882/1882 1859/1859
f 1884/1884 1859/1859 1885/1885
f 1885/1885 1859/1859 1858/1858
f 1855/1855 1882/1882 1886/1886
f 1886/1886 1882/1882 1457/1457
f 1886/1886 1457/1457 1863/1863
f 1863/1863 1457/1457 1475/1475
f 1863/1863 1475/1475 1480/1480
f 1867/1867 1887/1887 1424/1424
f 1424/1424 1887/1887 1888/1888
f 1424/1424 1888/1888 1416/1416
f 1416/1416 1888/1888 1889/1889
f 1416/1416 1889/1889 1415/1415
f 1415/1415 1889/1889 1890/1890
f 1415/1415 1890/1890 1414/1414
f 1414/1414 1890/1890 1883/1883
f 1414/1414 1883/1883 1413/1413
f 1413/1413 1883/1883 1412/1412
f 1886/1886 1891/1891 1855/1855
f 1855/1855 1891/1891 1892/1892
f 1855/1855 1892/1892 1247/1247
f 1247/1247 1892/1892 1893/1893
f 1247/1247 1893/1893 1301/1301
f 1301/1301 1893/1893 1894/1894
f 1301/1301 1894/1894 1300/1300
f 1300/1300 1894/1894 1299/1299
f 1288/1288 1296/1296 1881/1881
f 1881/1881 1296/1296 1297/1297
f 1881/1881 1297/1297 1894/1894
f 1894/1894 1297/1297 1298/1298
f 1894/1894 1298/1298 1299/1299
f 1314/1314 1895/1895 1266/1266
f 1266/1266 1895/1895 1801/1801
f 1204/1204 1808/1808 1260/1260
f 1260/1260 1808/1808 1896/1896
f 1897/1897 1304/1304 1303/1303
f 1897/1897 1303/1303 1898/1898
f 1898/1898 1303/1303 1260/1260
f 1898/1898 1260/1260 1896/1896
f 1160/1160 1899/1899 1900/1900
f 1901/1901 1142/1142 1902/1902
f 1902/1902 1142/1142 1165/1165
f 1902/1902 1165/1165 1903/1903
f 1903/1903 1165/1165 1163/1163
f 1903/1903 1163/1163 1900/1900
f 1900/1900 1163/1163 1161/1161
f 1900/1900 1161/1161 1160/1160
f 1166/1166 1822/1822 1157/1157
f 1157/1157 1822/1822 1899/1899
f 1157/1157 1899/1899 1159/1159
f 1159/1159 1899/1899 1160/1160
f 1186/1186 1904/1904 1195/1195
f 1195/1195 1904/1904 1833/1833
f 1195/1195 1833/1833 1187/1187
f 1151/1151 1847/1847 1905/1905
f 1904/1904 1186/1186 1906/1906
f 1906/1906 1186/1186 1151/1151
f 1906/1906 1151/1151 1907/1907
f 1907/1907 1151/1151 1905/1905
f 1431/1431 1842/1842 1430/1430
f 1430/1430 1842/1842 1908/1908
f 1430/1430 1908/1908 1423/1423
f 1423/1423 1908/1908 1333/1333
f 1333/1333 1908/1908 1909/1909
f 1314/1314 1332/1332 1895/1895
f 1895/1895 1332/1332 1910/1910
f 1343/1343 1911/1911 1345/1345
f 1345/1345 1911/1911 1910/1910
f 1345/1345 1910/1910 1346/1346
f 1346/1346 1910/1910 1332/1332
f 1343/1343 1341/1341 1911/1911
f 1911/1911 1341/1341 1340/1340
f 1911/1911 1340/1340 1912/1912
f 1340/1340 1338/1338 1912/1912
f 1912/1912 1338/1338 1337/1337
f 1912/1912 1337/1337 1913/1913
f 1333/1333 1909/1909 1334/1334
f 1334/1334 1909/1909 1913/1913
f 1334/1334 1913/1913 1335/1335
f 1335/1335 1913/1913 1337/1337
f 1914/1914 1915/1915 1916/1916
f 1917/1917 1666/1666 1665/1665
f 1918/1918 1919/1919 1920/1920
f 1920/1920 1919/1919 1917/1917
f 1920/1920 1917/1917 1921/1921
f 1921/1921 1917/1917 1665/1665
f 1918/1918 1914/1914 1919/1919
f 1919/1919 1914/1914 1916/1916
f 1919/1919 1916/1916 1922/1922
f 1922/1922 1916/1916 1923/1923
f 1922/1922 1923/1923 1924/1924
f 1924/1924 1923/1923 1925/1925
f 1926/1926 1924/1924 1927/1927
f 1927/1927 1924/1924 1925/1925
f 1675/1675 1673/1673 1928/1928
f 1928/1928 1673/1673 1929/1929
f 1930/1930 1931/1931 1932/1932
f 1932/1932 1931/1931 1933/1933
f 1932/1932 1933/1933 1929/1929
f 1929/1929 1933/1933 1934/1934
f 1929/1929 1934/1934 1928/1928
f 1926/1926 1927/1927 1935/1935
f 1935/1935 1927/1927 1936/1936
f 1935/1935 1936/1936 1932/1932
f 1932/1932 1936/1936 1937/1937
f 1932/1932 1937/1937 1930/1930
f 1938/1938 1939/1939 1940/1940
f 1524/1524 1941/1941 1942/1942
f 1943/1943 864/864 1944/1944
f 1944/1944 864/864 865/865
f 1945/1945 1946/1946 1947/1947
f 1945/1945 1947/1947 1948/1948
f 1949/1949 1950/1950 1944/1944
f 1946/1946 1951/1951 1947/1947
f 1947/1947 1951/1951 1952/1952
f 1947/1947 1952/1952 1944/1944
f 1944/1944 1952/1952 1953/1953
f 1944/1944 1953/1953 1949/1949
f 1943/1943 1954/1954 1955/1955
f 1955/1955 1954/1954 1956/1956
f 1955/1955 1956/1956 1957/1957
f 1957/1957 1956/1956 1958/1958
f 1947/1947 1523/1523 1948/1948
f 1948/1948 1523/1523 1524/1524
f 1948/1948 1524/1524 1959/1959
f 1959/1959 1524/1524 1942/1942
f 1959/1959 1942/1942 1960/1960
f 1960/1960 1942/1942 1938/1938
f 1960/1960 1938/1938 1961/1961
f 1961/1961 1938/1938 1940/1940
f 1961/1961 1940/1940 1962/1962
f 1962/1962 1940/1940 1963/1963
f 1962/1962 1963/1963 1958/1958
f 1958/1958 1963/1963 1964/1964
f 1958/1958 1964/1964 1957/1957
f 1950/1950 1965/1965 1944/1944
f 1944/1944 1965/1965 1966/1966
f 1944/1944 1966/1966 1943/1943
f 1943/1943 1966/1966 1967/1967
f 1943/1943 1967/1967 1954/1954
f 1947/1947 1944/1944 1968/1968
f 1968/1968 1944/1944 1969/1969
f 1968/1968 1969/1969 1970/1970
f 1970/1970 1969/1969 1971/1971
f 1970/1970 1971/1971 1972/1972
f 1972/1972 1971/1971 1973/1973
f 1972/1972 1973/1973 1974/1974
f 1974/1974 1973/1973 1975/1975
f 1976/1976 1977/1977 1978/1978
f 1978/1978 1977/1977 1979/1979
f 1978/1978 1979/1979 1980/1980
f 1980/1980 1979/1979 1981/1981
f 1980/1980 1981/1981 1982/1982
f 1982/1982 1981/1981 1983/1983
f 1982/1982 1983/1983 1984/1984
f 1984/1984 1983/1983 1985/1985
f 1986/1986 1987/1987 1988/1988
f 1989/1989 1990/1990 1506/1506
f 1991/1991 1992/1992 1984/1984
f 1992/1992 1993/1993 1984/1984
f 1984/1984 1993/1993 1994/1994
f 1984/1984 1994/1994 1505/1505
f 1991/1991 1984/1984 1995/1995
f 1995/1995 1984/1984 1985/1985
f 1995/1995 1985/1985 1996/1996
f 1997/1997 1998/1998 1985/1985
f 1985/1985 1998/1998 1999/1999
f 1985/1985 1999/1999 1996/1996
f 847/847 846/846 1985/1985
f 1985/1985 846/846 2000/2000
f 1985/1985 2000/2000 1997/1997
f 1997/1997 2000/2000 2001/2001
f 1505/1505 1994/1994 1506/1506
f 1506/1506 1994/1994 2002/2002
f 1506/1506 2002/2002 1989/1989
f 1989/1989 2002/2002 2003/2003
f 1989/1989 2003/2003 1988/1988
f 1988/1988 2003/2003 2004/2004
f 1988/1988 2004/2004 1986/1986
f 1986/1986 2004/2004 2005/2005
f 1986/1986 2005/2005 2006/2006
f 2006/2006 2005/2005 2007/2007
f 2007/2007 2005/2005 2008/2008
f 2007/2007 2008/2008 2009/2009
f 2009/2009 2008/2008 2010/2010
f 2009/2009 2010/2010 2011/2011
f 2011/2011 2010/2010 2012/2012
f 2011/2011 2012/2012 2000/2000
f 2000/2000 2012/2012 2013/2013
f 2000/2000 2013/2013 2001/2001
f 1975/1975 857/857 856/856
f 854/854 855/855 1977/1977
f 1976/1976 1974/1974 1977/1977
f 1977/1977 1974/1974 1975/1975
f 1977/1977 1975/1975 854/854
f 854/854 1975/1975 856/856
f 2014/2014 1810/1810 2015/2015
f 2015/2015 1810/1810 1027/1027
f 2015/2015 1027/1027 2016/2016
f 2016/2016 1027/1027 1041/1041
f 1130/1130 2017/2017 1127/1127
f 1127/1127 2017/2017 2018/2018
f 1127/1127 2018/2018 1128/1128
f 1128/1128 2018/2018 1129/1129
f 1129/1129 2018/2018 2019/2019
f 1129/1129 2019/2019 1126/1126
f 1126/1126 2019/2019 1123/1123
f 1123/1123 2019/2019 2020/2020
f 1123/1123 2020/2020 1124/1124
f 1124/1124 2020/2020 1125/1125
f 1125/1125 2020/2020 2021/2021
f 1125/1125 2021/2021 1097/1097
f 1097/1097 2021/2021 1118/1118
f 1118/1118 2021/2021 2022/2022
f 1118/1118 2022/2022 1083/1083
f 1083/1083 2022/2022 1084/1084
f 1084/1084 2022/2022 2016/2016
f 1084/1084 2016/2016 1041/1041
f 2023/2023 2024/2024 1388/1388
f 1388/1388 2024/2024 1428/1428
f 2025/2025 2026/2026 2024/2024
f 2024/2024 2026/2026 1817/1817
f 2024/2024 1817/1817 1428/1428
f 2027/2027 2028/2028 2029/2029
f 2029/2029 2028/2028 1901/1901
f 2017/2017 1130/1130 2028/2028
f 2028/2028 1130/1130 1142/1142
f 2028/2028 1142/1142 1901/1901
f 2030/2030 1321/1321 2031/2031
f 2031/2031 1321/1321 1304/1304
f 2031/2031 1304/1304 2032/2032
f 2032/2032 1304/1304 1897/1897
f 1388/1388 1387/1387 2023/2023
f 2023/2023 1387/1387 2033/2033
f 1387/1387 1385/1385 2033/2033
f 2033/2033 1385/1385 1383/1383
f 2033/2033 1383/1383 2034/2034
f 1383/1383 1381/1381 2034/2034
f 2034/2034 1381/1381 1380/1380
f 2034/2034 1380/1380 2035/2035
f 1380/1380 1378/1378 2035/2035
f 2035/2035 1378/1378 1376/1376
f 2035/2035 1376/1376 2036/2036
f 1376/1376 1374/1374 2036/2036
f 2036/2036 1374/1374 1373/1373
f 2036/2036 1373/1373 2037/2037
f 1321/1321 2030/2030 1370/1370
f 1370/1370 2030/2030 2037/2037
f 1370/1370 2037/2037 1371/1371
f 1371/1371 2037/2037 1373/1373
f 2038/2038 2039/2039 2040/2040
f 2040/2040 2039/2039 2041/2041
f 2040/2040 2041/2041 2042/2042
f 2043/2043 2044/2044 2045/2045
f 2045/2045 2044/2044 2046/2046
f 2045/2045 2046/2046 2047/2047
f 2047/2047 2046/2046 2048/2048
f 2047/2047 2048/2048 2049/2049
f 2049/2049 2048/2048 2050/2050
f 2040/2040 2051/2051 2038/2038
f 2038/2038 2051/2051 2052/2052
f 2038/2038 2052/2052 2053/2053
f 2054/2054 2055/2055 2056/2056
f 2043/2043 2054/2054 2044/2044
f 2044/2044 2054/2054 2056/2056
f 2044/2044 2056/2056 2052/2052
f 2052/2052 2056/2056 2057/2057
f 2057/2057 2058/2058 2052/2052
f 2052/2052 2058/2058 2059/2059
f 2052/2052 2059/2059 2053/2053
f 1698/1698 1697/1697 2060/2060
f 2060/2060 1697/1697 2061/2061
f 2060/2060 2061/2061 2062/2062
f 2062/2062 2061/2061 2063/2063
f 2064/2064 2065/2065 2066/2066
f 2066/2066 2065/2065 2067/2067
f 2066/2066 2067/2067 2068/2068
f 2068/2068 2067/2067 2069/2069
f 2068/2068 2069/2069 2070/2070
f 2070/2070 2069/2069 2071/2071
f 2072/2072 2073/2073 2074/2074
f 2074/2074 2073/2073 2075/2075
f 2074/2074 2075/2075 1710/1710
f 1710/1710 2075/2075 1711/1711
f 2076/2076 2077/2077 2078/2078
f 2078/2078 2077/2077 2079/2079
f 2080/2080 2081/2081 2082/2082
f 2083/2083 2084/2084 2085/2085
f 2085/2085 2084/2084 2086/2086
f 2085/2085 2086/2086 2087/2087
f 2087/2087 2086/2086 2080/2080
f 2087/2087 2080/2080 2088/2088
f 2088/2088 2080/2080 2082/2082
f 2089/2089 2090/2090 2091/2091
f 2091/2091 2090/2090 2092/2092
f 2091/2091 2092/2092 2093/2093
f 2093/2093 2092/2092 2086/2086
f 2094/2094 2095/2095 2096/2096
f 2086/2086 2092/2092 2080/2080
f 2080/2080 2092/2092 2094/2094
f 2080/2080 2094/2094 2097/2097
f 2097/2097 2094/2094 2096/2096
f 2097/2097 2096/2096 2098/2098
f 1990/1990 1989/1989 2099/2099
f 2099/2099 1989/1989 2100/2100
f 2101/2101 2102/2102 2103/2103
f 2103/2103 2102/2102 2104/2104
f 2103/2103 2104/2104 2076/2076
f 2076/2076 2104/2104 2077/2077
f 2078/2078 2079/2079 2105/2105
f 2105/2105 2079/2079 2106/2106
f 2105/2105 2106/2106 2107/2107
f 2107/2107 2106/2106 2108/2108
f 2109/2109 2110/2110 1941/1941
f 1941/1941 2110/2110 1942/1942
f 2111/2111 2112/2112 2113/2113
f 2114/2114 2115/2115 2113/2113
f 2116/2116 2114/2114 2117/2117
f 2117/2117 2114/2114 2113/2113
f 2117/2117 2113/2113 2118/2118
f 2118/2118 2113/2113 2112/2112
f 2118/2118 2112/2112 2119/2119
f 2119/2119 2112/2112 2120/2120
f 2121/2121 2122/2122 2123/2123
f 2123/2123 2122/2122 2124/2124
f 2125/2125 2126/2126 2127/2127
f 2127/2127 2126/2126 2111/2111
f 2127/2127 2111/2111 2124/2124
f 2124/2124 2111/2111 2113/2113
f 2124/2124 2113/2113 2123/2123
f 844/844 845/845 2128/2128
f 2128/2128 845/845 2129/2129
f 2128/2128 2129/2129 2130/2130
f 2130/2130 2129/2129 2131/2131
f 2130/2130 2131/2131 2132/2132
f 2132/2132 2131/2131 2133/2133
f 2132/2132 2133/2133 2134/2134
f 2134/2134 2133/2133 2135/2135
f 2134/2134 2135/2135 2136/2136
f 2136/2136 2135/2135 2137/2137
f 2136/2136 2137/2137 2138/2138
f 2138/2138 2137/2137 2139/2139
f 2138/2138 2139/2139 830/830
f 830/830 2139/2139 831/831
f 2140/2140 2141/2141 2142/2142
f 2142/2142 2141/2141 2143/2143
f 2142/2142 2143/2143 2144/2144
f 2144/2144 2143/2143 2145/2145
f 2146/2146 2147/2147 2148/2148
f 2148/2148 2147/2147 2149/2149
f 2148/2148 2149/2149 2150/2150
f 2150/2150 2149/2149 2151/2151
f 2152/2152 2153/2153 2154/2154
f 2154/2154 2153/2153 2155/2155
f 2154/2154 2155/2155 786/786
f 786/786 2155/2155 787/787
f 784/784 785/785 2156/2156
f 2156/2156 785/785 2157/2157
f 2156/2156 2157/2157 2158/2158
f 2158/2158 2157/2157 2159/2159
f 2158/2158 2159/2159 2160/2160
f 2160/2160 2159/2159 2161/2161
f 2160/2160 2161/2161 2162/2162
f 2162/2162 2161/2161 2163/2163
f 2162/2162 2163/2163 2164/2164
f 2164/2164 2163/2163 2165/2165
f 2164/2164 2165/2165 2166/2166
f 2166/2166 2165/2165 2167/2167
f 2166/2166 2167/2167 770/770
f 770/770 2167/2167 771/771
f 2168/2168 2169/2169 2170/2170
f 2170/2170 2169/2169 2171/2171
f 2170/2170 2171/2171 2172/2172
f 2172/2172 2171/2171 2173/2173
f 2174/2174 2175/2175 2176/2176
f 2176/2176 2175/2175 2177/2177
f 2176/2176 2177/2177 2178/2178
f 2178/2178 2177/2177 2179/2179
f 2180/2180 2181/2181 2182/2182
f 2182/2182 2181/2181 2183/2183
f 2182/2182 2183/2183 726/726
f 726/726 2183/2183 727/727
f 724/724 725/725 2184/2184
f 2184/2184 725/725 2185/2185
f 2184/2184 2185/2185 2186/2186
f 2186/2186 2185/2185 2187/2187
f 2186/2186 2187/2187 2188/2188
f 2188/2188 2187/2187 2189/2189
f 2188/2188 2189/2189 2190/2190
f 2190/2190 2189/2189 2191/2191
f 2190/2190 2191/2191 2192/2192
f 2192/2192 2191/2191 2193/2193
f 2192/2192 2193/2193 2194/2194
f 2194/2194 2193/2193 2195/2195
f 2194/2194 2195/2195 710/710
f 710/710 2195/2195 711/711
f 708/708 709/709 2196/2196
f 2196/2196 709/709 2197/2197
f 2196/2196 2197/2197 2198/2198
f 2198/2198 2197/2197 2199/2199
f 2198/2198 2199/2199 2200/2200
f 2200/2200 2199/2199 2201/2201
f 2200/2200 2201/2201 2202/2202
f 2202/2202 2201/2201 2203/2203
f 2202/2202 2203/2203 2204/2204
f 2204/2204 2203/2203 2205/2205
f 2204/2204 2205/2205 2206/2206
f 2206/2206 2205/2205 2207/2207
f 2206/2206 2207/2207 694/694
f 694/694 2207/2207 695/695
f 666/666 667/667 2208/2208
f 2208/2208 667/667 2209/2209
f 2208/2208 2209/2209 2210/2210
f 2210/2210 2209/2209 2211/2211
f 2210/2210 2211/2211 2212/2212
f 2212/2212 2211/2211 2213/2213
f 2212/2212 2213/2213 2214/2214
f 2214/2214 2213/2213 2215/2215
f 2214/2214 2215/2215 2216/2216
f 2216/2216 2215/2215 2217/2217
f 2216/2216 2217/2217 2218/2218
f 2218/2218 2217/2217 2219/2219
f 2218/2218 2219/2219 652/652
f 652/652 2219/2219 653/653
f 624/624 625/625 2220/2220
f 2220/2220 625/625 2221/2221
f 2220/2220 2221/2221 2222/2222
f 2222/2222 2221/2221 2223/2223
f 2222/2222 2223/2223 2224/2224
f 2224/2224 2223/2223 2225/2225
f 2224/2224 2225/2225 2226/2226
f 2226/2226 2225/2225 2227/2227
f 2226/2226 2227/2227 2228/2228
f 2228/2228 2227/2227 2229/2229
f 2228/2228 2229/2229 2230/2230
f 2230/2230 2229/2229 2231/2231
f 2230/2230 2231/2231 610/610
f 610/610 2231/2231 611/611
f 2232/2232 2233/2233 2234/2234
f 2232/2232 2234/2234 2235/2235
f 2235/2235 2234/2234 2236/2236
f 2235/2235 2236/2236 2237/2237
f 2237/2237 2236/2236 2238/2238
f 2237/2237 2238/2238 2239/2239
f 2239/2239 2238/2238 2240/2240
f 2239/2239 2240/2240 2241/2241
f 2241/2241 2240/2240 2242/2242
f 2241/2241 2242/2242 2243/2243
f 2243/2243 2242/2242 2244/2244
f 2243/2243 2244/2244 2245/2245
f 2245/2245 2244/2244 2246/2246
f 2245/2245 2246/2246 2247/2247
f 2247/2247 2246/2246 2248/2248
f 2247/2247 2248/2248 2249/2249
f 2249/2249 2248/2248 2250/2250
f 2249/2249 2250/2250 2251/2251
f 2251/2251 2250/2250 2252/2252
f 2251/2251 2252/2252 2253/2253
f 2253/2253 2252/2252 2254/2254
f 2253/2253 2254/2254 2255/2255
f 2255/2255 2254/2254 2233/2233
f 2255/2255 2233/2233 2232/2232

